UNITID,OPEID6,INSTNM,CONTROL,MAIN,CIPCODE,CIPDESC,CREDLEV,CREDDESC,IPEDSCOUNT1,IPEDSCOUNT2,EARN_COUNT_NWNE_5YR,EARN_COUNT_WNE_5YR,EARN_MDN_5YR,EARN_GT_THRESHOLD_5YR,EARN_COUNT_PELL_WNE_5YR,EARN_PELL_WNE_MDN_5YR,EARN_COUNT_NOPELL_WNE_5YR,EARN_NOPELL_WNE_MDN_5YR,EARN_COUNT_MALE_WNE_5YR,EARN_MALE_WNE_MDN_5YR,EARN_COUNT_NOMALE_WNE_5YR,EARN_NOMALE_WNE_MDN_5YR,EARN_COUNT_HIGH_CRED_5YR,EARN_IN_STATE_5YR,EARN_COUNT_WNE_4YR_NAT,EARN_MDN_4YR_NAT,EARN_P25_4YR_NAT,EARN_P75_4YR_NAT
108232.0,7531,Academy of Art University,"Private, for-profit",1,402,Architecture.,3,Bachelor's Degree,0.0,,1,PS,PS,PS,PS,PS,PS,PS,PS,PS,PS,PS,PS,PS,4504,66914,54236,78634
108232.0,7531,Academy of Art University,"Private, for-profit",1,406,Landscape Architecture.,2,Associate's Degree,1.0,3.0,PS,PS,PS,PS,PS,PS,PS,PS,PS,PS,PS,PS,PS,PS,PS,PS,PS,PS
108232.0,7531,Academy of Art University,"Private, for-profit",1,406,Landscape Architecture.,3,Bachelor's Degree,2.0,3.0,0,PS,PS,PS,PS,PS,PS,PS,PS,PS,PS,PS,PS,PS,784,66387,52079,78585
108232.0,7531,Academy of Art University,"Private, for-profit",1,406,Landscape Architecture.,5,Master's Degree,4.0,4.0,0,PS,PS,PS,PS,PS,PS,PS,PS,PS,PS,PS,PS,PS,367,70306,56396,80145
108232.0,7531,Academy of Art University,"Private, for-profit",1,409,Architectural Sciences and Technology.,5,Master's Degree,0.0,1.0,PS,PS,PS,PS,PS,PS,PS,PS,PS,PS,PS,PS,PS,PS,PS,PS,PS,PS
108232.0,7531,Academy of Art University,"Private, for-profit",1,901,Communication and Media Studies.,1,Undergraduate Certificate or Diploma,3.0,0.0,PS,PS,PS,PS,PS,PS,PS,PS,PS,PS,PS,PS,PS,PS,PS,PS,PS,PS
108232.0,7531,Academy of Art University,"Private, for-profit",1,901,Communication and Media Studies.,3,Bachelor's Degree,1.0,0.0,2,29,55742,21,PS,PS,PS,PS,PS,PS,PS,PS,PS,20,PS,PS,PS,PS
108232.0,7531,Academy of Art University,"Private, for-profit",1,904,Journalism.,2,Associate's Degree,1.0,0.0,2,PS,PS,PS,PS,PS,PS,PS,PS,PS,PS,PS,PS,PS,322,41496,29900,53401
108232.0,7531,Academy of Art University,"Private, for-profit",1,904,Journalism.,3,Bachelor's Degree,4.0,3.0,1,PS,PS,PS,PS,PS,PS,PS,PS,PS,PS,PS,PS,PS,13928,56278,40588,73923
108232.0,7531,Academy of Art University,"Private, for-profit",1,904,Journalism.,5,Master's Degree,1.0,1.0,0,PS,PS,PS,PS,PS,PS,PS,PS,PS,PS,PS,PS,PS,1366,69034,49344,90647
108232.0,7531,Academy of Art University,"Private, for-profit",1,907,"Radio, Television, and Digital Communication.",3,Bachelor's Degree,20.0,20.0,PS,PS,PS,PS,PS,PS,PS,PS,PS,PS,PS,PS,PS,PS,11821,50497,33717,70128
108232.0,7531,Academy of Art University,"Private, for-profit",1,907,"Radio, Television, and Digital Communication.",5,Master's Degree,12.0,12.0,PS,PS,PS,PS,PS,PS,PS,PS,PS,PS,PS,PS,PS,PS,1207,75972,53409,104151
108232.0,7531,Academy of Art University,"Private, for-profit",1,1002,Audiovisual Communications Technologies/Technicians.,2,Associate's Degree,2.0,2.0,PS,PS,PS,PS,PS,PS,PS,PS,PS,PS,PS,PS,PS,PS,2149,35660,19601,50543
108232.0,7531,Academy of Art University,"Private, for-profit",1,1002,Audiovisual Communications Technologies/Technicians.,3,Bachelor's Degree,5.0,7.0,PS,PS,PS,PS,PS,PS,PS,PS,PS,PS,PS,PS,PS,PS,1947,44889,26703,61587
108232.0,7531,Academy of Art University,"Private, for-profit",1,1002,Audiovisual Communications Technologies/Technicians.,5,Master's Degree,10.0,13.0,PS,PS,PS,PS,PS,PS,PS,PS,PS,PS,PS,PS,PS,PS,109,64808,31546,87650
108232.0,7531,Academy of Art University,"Private, for-profit",1,1003,Graphic Communications.,1,Undergraduate Certificate or Diploma,0.0,0.0,PS,PS,PS,PS,PS,PS,PS,PS,PS,PS,PS,PS,PS,PS,PS,PS,PS,PS
108232.0,7531,Academy of Art University,"Private, for-profit",1,1003,Graphic Communications.,2,Associate's Degree,6.0,8.0,2,PS,PS,PS,PS,PS,PS,PS,PS,PS,PS,PS,PS,PS,1330,36221,21737,48858
108232.0,7531,Academy of Art University,"Private, for-profit",1,1003,Graphic Communications.,3,Bachelor's Degree,95.0,74.0,19,128,54175,89,82,40937,46,63163,67,61336,61,45503,PS,91,3496,43283,27166,64326
108232.0,7531,Academy of Art University,"Private, for-profit",1,1003,Graphic Communications.,5,Master's Degree,91.0,69.0,15,56,67772,50,19,89310,37,62233,37,64983,PS,PS,PS,27,203,57810,36701,88992
108232.0,7531,Academy of Art University,"Private, for-profit",1,1102,Computer Programming.,3,Bachelor's Degree,3.0,3.0,PS,PS,PS,PS,PS,PS,PS,PS,PS,PS,PS,PS,PS,PS,1646,83439,54167,114436
108232.0,7531,Academy of Art University,"Private, for-profit",1,1108,Computer Software and Media Applications.,1,Undergraduate Certificate or Diploma,0.0,0.0,PS,PS,PS,PS,PS,PS,PS,PS,PS,PS,PS,PS,PS,PS,PS,PS,PS,PS
108232.0,7531,Academy of Art University,"Private, for-profit",1,1108,Computer Software and Media Applications.,2,Associate's Degree,18.0,16.0,0,PS,PS,PS,PS,PS,PS,PS,PS,PS,PS,PS,PS,PS,1902,41737,25614,59270
108232.0,7531,Academy of Art University,"Private, for-profit",1,1108,Computer Software and Media Applications.,3,Bachelor's Degree,146.0,112.0,2,59,78524,44,PS,PS,PS,PS,PS,PS,26,52738,PS,46,3796,58894,35549,88211
108232.0,7531,Academy of Art University,"Private, for-profit",1,1108,Computer Software and Media Applications.,5,Master's Degree,187.0,182.0,6,44,115316,40,25,125810,18,99966,16,99080,28,126098,PS,20,1236,120083,84035,163199
108232.0,7531,Academy of Art University,"Private, for-profit",1,1305,Educational/Instructional Media Design.,3,Bachelor's Degree,5.0,11.0,PS,PS,PS,PS,PS,PS,PS,PS,PS,PS,PS,PS,PS,PS,79,55308,32743,77690
108232.0,7531,Academy of Art University,"Private, for-profit",1,1305,Educational/Instructional Media Design.,5,Master's Degree,8.0,4.0,PS,PS,PS,PS,PS,PS,PS,PS,PS,PS,PS,PS,PS,PS,5338,70644,56435,89382
108232.0,7531,Academy of Art University,"Private, for-profit",1,1313,"Teacher Education and Professional Development, Specific Subject Areas.",3,Bachelor's Degree,,0.0,2,PS,PS,PS,PS,PS,PS,PS,PS,PS,PS,PS,PS,PS,PS,PS,PS,PS
108232.0,7531,Academy of Art University,"Private, for-profit",1,1313,"Teacher Education and Professional Development, Specific Subject Areas.",5,Master's Degree,1.0,3.0,2,PS,PS,PS,PS,PS,PS,PS,PS,PS,PS,PS,PS,PS,19074,63707,51487,78905
108232.0,7531,Academy of Art University,"Private, for-profit",1,1313,"Teacher Education and Professional Development, Specific Subject Areas.",8,Graduate/Professional Certificate,0.0,0.0,PS,PS,PS,PS,PS,PS,PS,PS,PS,PS,PS,PS,PS,PS,PS,PS,PS,PS
108232.0,7531,Academy of Art University,"Private, for-profit",1,1513,Drafting/Design Engineering Technologies/Technicians.,1,Undergraduate Certificate or Diploma,0.0,0.0,PS,PS,PS,PS,PS,PS,PS,PS,PS,PS,PS,PS,PS,PS,PS,PS,PS,PS
108232.0,7531,Academy of Art University,"Private, for-profit",1,1513,Drafting/Design Engineering Technologies/Technicians.,2,Associate's Degree,17.0,9.0,PS,PS,PS,PS,PS,PS,PS,PS,PS,PS,PS,PS,PS,PS,2683,55895,41549,69506
108232.0,7531,Academy of Art University,"Private, for-profit",1,1513,Drafting/Design Engineering Technologies/Technicians.,3,Bachelor's Degree,71.0,73.0,PS,PS,PS,PS,PS,PS,PS,PS,PS,PS,PS,PS,PS,PS,455,71753,56763,85957
108232.0,7531,Academy of Art University,"Private, for-profit",1,1513,Drafting/Design Engineering Technologies/Technicians.,5,Master's Degree,139.0,97.0,PS,PS,PS,PS,PS,PS,PS,PS,PS,PS,PS,PS,PS,PS,82,72860,46042,90450
108232.0,7531,Academy of Art University,"Private, for-profit",1,1902,Family and Consumer Sciences/Human Sciences Business Services.,2,Associate's Degree,1.0,0.0,PS,PS,PS,PS,PS,PS,PS,PS,PS,PS,PS,PS,PS,PS,PS,PS,PS,PS
108232.0,7531,Academy of Art University,"Private, for-profit",1,1902,Family and Consumer Sciences/Human Sciences Business Services.,3,Bachelor's Degree,3.0,1.0,PS,PS,PS,PS,PS,PS,PS,PS,PS,PS,PS,PS,PS,PS,412,64926,47133,87660
108232.0,7531,Academy of Art University,"Private, for-profit",1,1909,Apparel and Textiles.,2,Associate's Degree,5.0,6.0,0,PS,PS,PS,PS,PS,PS,PS,PS,PS,PS,PS,PS,PS,166,45422,27811,66779
108232.0,7531,Academy of Art University,"Private, for-profit",1,1909,Apparel and Textiles.,3,Bachelor's Degree,45.0,49.0,1,PS,PS,PS,PS,PS,PS,PS,PS,PS,PS,PS,PS,PS,3190,57640,40599,75931
108232.0,7531,Academy of Art University,"Private, for-profit",1,1909,Apparel and Textiles.,5,Master's Degree,18.0,5.0,PS,PS,PS,PS,PS,PS,PS,PS,PS,PS,PS,PS,PS,PS,111,64913,40155,94173
108232.0,7531,Academy of Art University,"Private, for-profit",1,4706,Vehicle Maintenance and Repair Technologies/Technicians.,2,Associate's Degree,1.0,2.0,PS,PS,PS,PS,PS,PS,PS,PS,PS,PS,PS,PS,PS,PS,15360,58424,40794,77509
108232.0,7531,Academy of Art University,"Private, for-profit",1,5001,"Visual and Performing Arts, General.",2,Associate's Degree,4.0,7.0,0,PS,PS,PS,PS,PS,PS,PS,PS,PS,PS,PS,PS,PS,785,32799,17714,49115
108232.0,7531,Academy of Art University,"Private, for-profit",1,5001,"Visual and Performing Arts, General.",3,Bachelor's Degree,42.0,23.0,6,16,39532,PS,PS,PS,PS,PS,PS,PS,PS,PS,PS,PS,3499,41688,25771,59858
108232.0,7531,Academy of Art University,"Private, for-profit",1,5001,"Visual and Performing Arts, General.",5,Master's Degree,41.0,29.0,2,PS,PS,PS,PS,PS,PS,PS,PS,PS,PS,PS,PS,PS,328,59460,35858,88562
108232.0,7531,Academy of Art University,"Private, for-profit",1,5004,Design and Applied Arts.,1,Undergraduate Certificate or Diploma,0.0,0.0,PS,PS,PS,PS,PS,PS,PS,PS,PS,PS,PS,PS,PS,PS,PS,PS,PS,PS
108232.0,7531,Academy of Art University,"Private, for-profit",1,5004,Design and Applied Arts.,2,Associate's Degree,7.0,15.0,19,83,43707,52,PS,PS,PS,PS,19,55334,64,36091,PS,29,7283,38127,22789,53862
108232.0,7531,Academy of Art University,"Private, for-profit",1,5004,Design and Applied Arts.,3,Bachelor's Degree,77.0,63.0,81,393,57948,278,293,57024,100,60690,187,59165,206,56873,PS,263,23871,51490,33006,70612
108232.0,7531,Academy of Art University,"Private, for-profit",1,5004,Design and Applied Arts.,5,Master's Degree,78.0,51.0,25,198,58596,157,87,54306,112,63054,59,62719,139,57772,PS,75,1334,70073,44125,102485
108232.0,7531,Academy of Art University,"Private, for-profit",1,5005,Drama/Theatre Arts and Stagecraft.,2,Associate's Degree,1.0,1.0,1,PS,PS,PS,PS,PS,PS,PS,PS,PS,PS,PS,PS,PS,1039,31773,20802,44730
108232.0,7531,Academy of Art University,"Private, for-profit",1,5005,Drama/Theatre Arts and Stagecraft.,3,Bachelor's Degree,27.0,12.0,5,24,19276,PS,PS,PS,PS,PS,PS,PS,PS,PS,PS,21,14066,39775,25491,55399
108232.0,7531,Academy of Art University,"Private, for-profit",1,5005,Drama/Theatre Arts and Stagecraft.,5,Master's Degree,21.0,14.0,1,PS,PS,PS,PS,PS,PS,PS,PS,PS,PS,PS,PS,PS,2137,49978,29233,69322
108232.0,7531,Academy of Art University,"Private, for-profit",1,5006,Film/Video and Photographic Arts.,1,Undergraduate Certificate or Diploma,0.0,0.0,PS,PS,PS,PS,PS,PS,PS,PS,PS,PS,PS,PS,PS,PS,PS,PS,PS,PS
108232.0,7531,Academy of Art University,"Private, for-profit",1,5006,Film/Video and Photographic Arts.,2,Associate's Degree,7.0,15.0,9,67,36174,38,50,31392,PS,PS,28,38353,39,34546,PS,19,1163,33186,18547,48571
108232.0,7531,Academy of Art University,"Private, for-profit",1,5006,Film/Video and Photographic Arts.,3,Bachelor's Degree,72.0,56.0,23,214,39174,139,156,37157,59,47302,107,39050,109,39201,PS,132,12193,43765,25957,63381
108232.0,7531,Academy of Art University,"Private, for-profit",1,5006,Film/Video and Photographic Arts.,5,Master's Degree,54.0,52.0,22,68,53584,46,31,35955,37,58164,33,63121,35,29552,PS,24,1639,51486,27165,77049
108232.0,7531,Academy of Art University,"Private, for-profit",1,5007,Fine and Studio Arts.,1,Undergraduate Certificate or Diploma,0.0,0.0,PS,PS,PS,PS,PS,PS,PS,PS,PS,PS,PS,PS,PS,PS,PS,PS,PS,PS
108232.0,7531,Academy of Art University,"Private, for-profit",1,5007,Fine and Studio Arts.,2,Associate's Degree,5.0,2.0,3,PS,PS,PS,PS,PS,PS,PS,PS,PS,PS,PS,PS,PS,1937,31650,18320,44432
108232.0,7531,Academy of Art University,"Private, for-profit",1,5007,Fine and Studio Arts.,3,Bachelor's Degree,32.0,23.0,11,31,33830,17,PS,PS,PS,PS,PS,PS,PS,PS,PS,22,26935,41367,26241,56653
108232.0,7531,Academy of Art University,"Private, for-profit",1,5007,Fine and Studio Arts.,5,Master's Degree,58.0,47.0,9,41,40069,25,19,42588,23,35805,PS,PS,PS,PS,PS,PS,3268,49079,29496,66541
108232.0,7531,Academy of Art University,"Private, for-profit",1,5009,Music.,2,Associate's Degree,3.0,6.0,1,PS,PS,PS,PS,PS,PS,PS,PS,PS,PS,PS,PS,PS,1453,34056,19743,49228
108232.0,7531,Academy of Art University,"Private, for-profit",1,5009,Music.,3,Bachelor's Degree,15.0,14.0,3,19,38890,PS,PS,PS,PS,PS,PS,PS,PS,PS,PS,PS,14715,42892,26048,58755
108232.0,7531,Academy of Art University,"Private, for-profit",1,5009,Music.,5,Master's Degree,12.0,13.0,2,17,62287,PS,PS,PS,PS,PS,PS,PS,PS,PS,PS,PS,5004,48285,28079,65736
108232.0,7531,Academy of Art University,"Private, for-profit",1,5219,"Specialized Sales, Merchandising and  Marketing Operations.",2,Associate's Degree,2.0,1.0,PS,PS,PS,PS,PS,PS,PS,PS,PS,PS,PS,PS,PS,PS,1546,53002,33014,70148
108232.0,7531,Academy of Art University,"Private, for-profit",1,5219,"Specialized Sales, Merchandising and  Marketing Operations.",3,Bachelor's Degree,14.0,12.0,0,PS,PS,PS,PS,PS,PS,PS,PS,PS,PS,PS,PS,PS,4289,59631,42122,77961
108232.0,7531,Academy of Art University,"Private, for-profit",1,5219,"Specialized Sales, Merchandising and  Marketing Operations.",5,Master's Degree,18.0,14.0,PS,PS,PS,PS,PS,PS,PS,PS,PS,PS,PS,PS,PS,PS,145,120246,63559,233904
108870.0,22220,American Film Institute Conservatory,"Private, nonprofit",1,5006,Film/Video and Photographic Arts.,5,Master's Degree,77.0,192.0,9,73,48347,48,22,49417,52,47757,47,43022,26,57739,PS,60,1639,51486,27165,77049
108870.0,22220,American Film Institute Conservatory,"Private, nonprofit",1,5006,Film/Video and Photographic Arts.,8,Graduate/Professional Certificate,5.0,8.0,PS,PS,PS,PS,PS,PS,PS,PS,PS,PS,PS,PS,PS,PS,PS,PS,PS,PS
109785.0,1117,Azusa Pacific University,"Private, nonprofit",1,501,Area Studies.,3,Bachelor's Degree,3.0,1.0,1,18,59136,PS,PS,PS,PS,PS,PS,PS,PS,PS,PS,PS,3737,56625,37190,78481
109785.0,1117,Azusa Pacific University,"Private, nonprofit",1,901,Communication and Media Studies.,3,Bachelor's Degree,17.0,15.0,6,123,53787,90,62,53782,59,53819,39,59285,83,53699,23,84,61357,56359,39575,76115
109785.0,1117,Azusa Pacific University,"Private, nonprofit",1,904,Journalism.,3,Bachelor's Degree,11.0,5.0,,,,,,,,,,,,,,,PS,PS,PS,PS
109785.0,1117,Azusa Pacific University,"Private, nonprofit",1,907,"Radio, Television, and Digital Communication.",3,Bachelor's Degree,3.0,1.0,,,,,,,,,,,,,,,PS,PS,PS,PS
109785.0,1117,Azusa Pacific University,"Private, nonprofit",1,909,"Public Relations, Advertising, and Applied Communication.",3,Bachelor's Degree,33.0,15.0,PS,PS,PS,PS,PS,PS,PS,PS,PS,PS,PS,PS,PS,PS,17967,63560,45857,83689
109785.0,1117,Azusa Pacific University,"Private, nonprofit",1,909,"Public Relations, Advertising, and Applied Communication.",5,Master's Degree,1.0,1.0,,,,,,,,,,,,,,,PS,PS,PS,PS
109785.0,1117,Azusa Pacific University,"Private, nonprofit",1,1003,Graphic Communications.,3,Bachelor's Degree,14.0,12.0,,,,,,,,,,,,,,,PS,PS,PS,PS
109785.0,1117,Azusa Pacific University,"Private, nonprofit",1,1101,"Computer and Information Sciences, General.",3,Bachelor's Degree,5.0,7.0,0,20,83541,18,PS,PS,PS,PS,PS,PS,PS,PS,PS,20,41037,92374,64179,128180
109785.0,1117,Azusa Pacific University,"Private, nonprofit",1,1107,Computer Science.,3,Bachelor's Degree,9.0,8.0,,,,,,,,,,,,,,,PS,PS,PS,PS
109785.0,1117,Azusa Pacific University,"Private, nonprofit",1,1110,Computer/Information Technology Administration and Management.,3,Bachelor's Degree,0.0,0.0,0,PS,PS,PS,PS,PS,PS,PS,PS,PS,PS,PS,PS,PS,PS,PS,PS,PS
109785.0,1117,Azusa Pacific University,"Private, nonprofit",1,1301,"Education, General.",5,Master's Degree,41.0,58.0,16,540,80698,507,285,81131,254,80244,114,89178,425,78985,PS,508,22487,65824,52724,82084
109785.0,1117,Azusa Pacific University,"Private, nonprofit",1,1301,"Education, General.",6,Doctoral Degree,14.0,25.0,2,32,111162,28,PS,PS,PS,PS,PS,PS,PS,PS,PS,23,2686,87373,65101,115386
109785.0,1117,Azusa Pacific University,"Private, nonprofit",1,1301,"Education, General.",8,Graduate/Professional Certificate,0.0,0.0,PS,PS,PS,PS,PS,PS,PS,PS,PS,PS,PS,PS,PS,PS,PS,PS,PS,PS
109785.0,1117,Azusa Pacific University,"Private, nonprofit",1,1304,Educational Administration and Supervision.,5,Master's Degree,11.0,0.0,0,PS,PS,PS,PS,PS,PS,PS,PS,PS,PS,PS,PS,PS,32412,71685,57739,90151
109785.0,1117,Azusa Pacific University,"Private, nonprofit",1,1304,Educational Administration and Supervision.,6,Doctoral Degree,17.0,,PS,PS,PS,PS,PS,PS,PS,PS,PS,PS,PS,PS,PS,PS,PS,PS,PS,PS
109785.0,1117,Azusa Pacific University,"Private, nonprofit",1,1304,Educational Administration and Supervision.,7,First Professional Degree,10.0,22.0,,,,,,,,,,,,,,,PS,PS,PS,PS
109785.0,1117,Azusa Pacific University,"Private, nonprofit",1,1304,Educational Administration and Supervision.,8,Graduate/Professional Certificate,0.0,0.0,PS,PS,PS,PS,PS,PS,PS,PS,PS,PS,PS,PS,PS,PS,PS,PS,PS,PS
109785.0,1117,Azusa Pacific University,"Private, nonprofit",1,1305,Educational/Instructional Media Design.,5,Master's Degree,12.0,8.0,,,,,,,,,,,,,,,PS,PS,PS,PS
109785.0,1117,Azusa Pacific University,"Private, nonprofit",1,1311,Student Counseling and Personnel Services.,5,Master's Degree,93.0,72.0,,,,,,,,,,,,,,,PS,PS,PS,PS
109785.0,1117,Azusa Pacific University,"Private, nonprofit",1,1311,Student Counseling and Personnel Services.,8,Graduate/Professional Certificate,0.0,0.0,PS,PS,PS,PS,PS,PS,PS,PS,PS,PS,PS,PS,PS,PS,PS,PS,PS,PS
109785.0,1117,Azusa Pacific University,"Private, nonprofit",1,1312,"Teacher Education and Professional Development, Specific Levels and Methods.",5,Master's Degree,,95.0,,,,,,,,,,,,,,,PS,PS,PS,PS
109785.0,1117,Azusa Pacific University,"Private, nonprofit",1,1313,"Teacher Education and Professional Development, Specific Subject Areas.",3,Bachelor's Degree,1.0,1.0,4,103,49636,84,62,49797,41,49135,50,51628,51,49972,39,65,22867,51389,40539,63098
109785.0,1117,Azusa Pacific University,"Private, nonprofit",1,1313,"Teacher Education and Professional Development, Specific Subject Areas.",5,Master's Degree,59.0,44.0,1,36,76528,32,PS,PS,PS,PS,PS,PS,PS,PS,PS,34,19074,63707,51487,78905
109785.0,1117,Azusa Pacific University,"Private, nonprofit",1,1314,Teaching English or French as a Second or Foreign Language.,1,Undergraduate Certificate or Diploma,0.0,0.0,PS,PS,PS,PS,PS,PS,PS,PS,PS,PS,PS,PS,PS,PS,PS,PS,PS,PS
109785.0,1117,Azusa Pacific University,"Private, nonprofit",1,1314,Teaching English or French as a Second or Foreign Language.,3,Bachelor's Degree,0.0,1.0,,,,,,,,,,,,,,,PS,PS,PS,PS
109785.0,1117,Azusa Pacific University,"Private, nonprofit",1,1314,Teaching English or French as a Second or Foreign Language.,5,Master's Degree,14.0,12.0,3,18,42492,PS,PS,PS,PS,PS,PS,PS,PS,PS,PS,PS,2991,65767,49386,82810
109785.0,1117,Azusa Pacific University,"Private, nonprofit",1,1314,Teaching English or French as a Second or Foreign Language.,8,Graduate/Professional Certificate,0.0,0.0,PS,PS,PS,PS,PS,PS,PS,PS,PS,PS,PS,PS,PS,PS,PS,PS,PS,PS
109785.0,1117,Azusa Pacific University,"Private, nonprofit",1,1401,"Engineering, General.",3,Bachelor's Degree,9.0,9.0,PS,PS,PS,PS,PS,PS,PS,PS,PS,PS,PS,PS,PS,PS,PS,PS,PS,PS
109785.0,1117,Azusa Pacific University,"Private, nonprofit",1,1609,"Romance Languages, Literatures, and Linguistics.",3,Bachelor's Degree,4.0,5.0,0,PS,PS,PS,PS,PS,PS,PS,PS,PS,PS,PS,PS,PS,10363,55000,38411,73324
109785.0,1117,Azusa Pacific University,"Private, nonprofit",1,1905,"Foods, Nutrition, and Related Services.",3,Bachelor's Degree,,0.0,,,,,,,,,,,,,,,PS,PS,PS,PS
109785.0,1117,Azusa Pacific University,"Private, nonprofit",1,2301,"English Language and Literature, General.",3,Bachelor's Degree,19.0,13.0,3,45,42959,30,22,29957,22,46010,PS,PS,PS,PS,19,33,33025,48590,33654,63810
109785.0,1117,Azusa Pacific University,"Private, nonprofit",1,2301,"English Language and Literature, General.",5,Master's Degree,7.0,10.0,PS,PS,PS,PS,PS,PS,PS,PS,PS,PS,PS,PS,PS,PS,PS,PS,PS,PS
109785.0,1117,Azusa Pacific University,"Private, nonprofit",1,2401,"Liberal Arts and Sciences, General Studies and Humanities.",2,Associate's Degree,,,PS,PS,PS,PS,PS,PS,PS,PS,PS,PS,PS,PS,PS,PS,208003,44125,28893,61611
109785.0,1117,Azusa Pacific University,"Private, nonprofit",1,2401,"Liberal Arts and Sciences, General Studies and Humanities.",3,Bachelor's Degree,81.0,59.0,18,227,59335,190,140,59224,86,58468,51,59228,177,59418,92,175,50554,53072,35750,73322
109785.0,1117,Azusa Pacific University,"Private, nonprofit",1,2601,"Biology, General.",3,Bachelor's Degree,22.0,13.0,3,43,64981,32,21,70050,23,51426,PS,PS,PS,PS,20,29,57101,57214,38929,79199
109785.0,1117,Azusa Pacific University,"Private, nonprofit",1,2602,"Biochemistry, Biophysics and Molecular Biology.",3,Bachelor's Degree,10.0,3.0,,,,,,,,,,,,,,,PS,PS,PS,PS
109785.0,1117,Azusa Pacific University,"Private, nonprofit",1,2609,"Physiology, Pathology and Related Sciences.",3,Bachelor's Degree,0.0,0.0,,,,,,,,,,,,,,,PS,PS,PS,PS
109785.0,1117,Azusa Pacific University,"Private, nonprofit",1,2609,"Physiology, Pathology and Related Sciences.",5,Master's Degree,0.0,0.0,,,,,,,,,,,,,,,PS,PS,PS,PS
109785.0,1117,Azusa Pacific University,"Private, nonprofit",1,2612,Biotechnology.,5,Master's Degree,11.0,9.0,PS,PS,PS,PS,PS,PS,PS,PS,PS,PS,PS,PS,PS,PS,1037,107682,77487,147535
109785.0,1117,Azusa Pacific University,"Private, nonprofit",1,2699,"Biological and Biomedical Sciences, Other.",3,Bachelor's Degree,0.0,0.0,PS,PS,PS,PS,PS,PS,PS,PS,PS,PS,PS,PS,PS,PS,1154,65681,42778,90944
109785.0,1117,Azusa Pacific University,"Private, nonprofit",1,2701,Mathematics.,3,Bachelor's Degree,5.0,3.0,1,PS,PS,PS,PS,PS,PS,PS,PS,PS,PS,PS,PS,PS,15976,69562,49058,97414
109785.0,1117,Azusa Pacific University,"Private, nonprofit",1,2703,Applied Mathematics.,3,Bachelor's Degree,1.0,5.0,PS,PS,PS,PS,PS,PS,PS,PS,PS,PS,PS,PS,PS,PS,2680,91532,63368,127252
109785.0,1117,Azusa Pacific University,"Private, nonprofit",1,2705,Statistics.,5,Master's Degree,5.0,14.0,PS,PS,PS,PS,PS,PS,PS,PS,PS,PS,PS,PS,PS,PS,PS,PS,PS,PS
109785.0,1117,Azusa Pacific University,"Private, nonprofit",1,3000,"Multi-/Interdisciplinary Studies, General.",3,Bachelor's Degree,0.0,0.0,,,,,,,,,,,,,,,PS,PS,PS,PS
109785.0,1117,Azusa Pacific University,"Private, nonprofit",1,3001,Biological and Physical Sciences.,3,Bachelor's Degree,1.0,0.0,,,,,,,,,,,,,,,PS,PS,PS,PS
109785.0,1117,Azusa Pacific University,"Private, nonprofit",1,3031,Human Computer Interaction.,5,Master's Degree,,3.0,,,,,,,,,,,,,,,PS,PS,PS,PS
109785.0,1117,Azusa Pacific University,"Private, nonprofit",1,3099,"Multi/Interdisciplinary Studies, Other.",3,Bachelor's Degree,4.0,5.0,PS,PS,PS,PS,PS,PS,PS,PS,PS,PS,PS,PS,PS,PS,PS,PS,PS,PS
109785.0,1117,Azusa Pacific University,"Private, nonprofit",1,3105,"Sports, Kinesiology, and Physical Education/Fitness.",3,Bachelor's Degree,87.0,46.0,PS,PS,PS,PS,PS,PS,PS,PS,PS,PS,PS,PS,PS,PS,48463,54562,39049,73020
109785.0,1117,Azusa Pacific University,"Private, nonprofit",1,3801,Philosophy.,3,Bachelor's Degree,6.0,2.0,0,PS,PS,PS,PS,PS,PS,PS,PS,PS,PS,PS,PS,PS,PS,PS,PS,PS
109785.0,1117,Azusa Pacific University,"Private, nonprofit",1,3802,Religion/Religious Studies.,3,Bachelor's Degree,0.0,0.0,PS,PS,PS,PS,PS,PS,PS,PS,PS,PS,PS,PS,PS,PS,PS,PS,PS,PS
109785.0,1117,Azusa Pacific University,"Private, nonprofit",1,3902,Bible/Biblical Studies.,3,Bachelor's Degree,17.0,7.0,3,25,44862,17,PS,PS,PS,PS,PS,PS,PS,PS,PS,PS,2600,44533,29498,62259
109785.0,1117,Azusa Pacific University,"Private, nonprofit",1,3904,Religious Education.,3,Bachelor's Degree,0.0,0.0,1,34,46857,27,PS,PS,PS,PS,PS,PS,PS,PS,PS,23,977,43633,28064,57392
109785.0,1117,Azusa Pacific University,"Private, nonprofit",1,3904,Religious Education.,5,Master's Degree,9.0,6.0,4,PS,PS,PS,PS,PS,PS,PS,PS,PS,PS,PS,PS,PS,385,54328,34901,78665
109785.0,1117,Azusa Pacific University,"Private, nonprofit",1,3904,Religious Education.,6,Doctoral Degree,,,0,PS,PS,PS,PS,PS,PS,PS,PS,PS,PS,PS,PS,PS,42,83129,42537,113058
109785.0,1117,Azusa Pacific University,"Private, nonprofit",1,3904,Religious Education.,7,First Professional Degree,9.0,6.0,PS,PS,PS,PS,PS,PS,PS,PS,PS,PS,PS,PS,PS,PS,PS,PS,PS,PS
109785.0,1117,Azusa Pacific University,"Private, nonprofit",1,3905,Religious Music and Worship.,3,Bachelor's Degree,7.0,3.0,,,,,,,,,,,,,,,PS,PS,PS,PS
109785.0,1117,Azusa Pacific University,"Private, nonprofit",1,3906,Theological and Ministerial Studies.,3,Bachelor's Degree,10.0,2.0,0,21,46624,17,PS,PS,PS,PS,PS,PS,PS,PS,PS,PS,1751,44535,30931,62472
109785.0,1117,Azusa Pacific University,"Private, nonprofit",1,3906,Theological and Ministerial Studies.,5,Master's Degree,32.0,28.0,5,31,46443,25,PS,PS,PS,PS,PS,PS,PS,PS,PS,27,6997,61300,40587,91229
109785.0,1117,Azusa Pacific University,"Private, nonprofit",1,3907,Pastoral Counseling and Specialized Ministries.,3,Bachelor's Degree,6.0,2.0,,,,,,,,,,,,,,,PS,PS,PS,PS
109785.0,1117,Azusa Pacific University,"Private, nonprofit",1,3999,"Theology and Religious Vocations, Other.",3,Bachelor's Degree,14.0,6.0,,,,,,,,,,,,,,,PS,PS,PS,PS
109785.0,1117,Azusa Pacific University,"Private, nonprofit",1,4005,Chemistry.,3,Bachelor's Degree,2.0,4.0,0,PS,PS,PS,PS,PS,PS,PS,PS,PS,PS,PS,PS,PS,10453,65120,48307,84018
109785.0,1117,Azusa Pacific University,"Private, nonprofit",1,4008,Physics.,3,Bachelor's Degree,2.0,1.0,PS,PS,PS,PS,PS,PS,PS,PS,PS,PS,PS,PS,PS,PS,PS,PS,PS,PS
109785.0,1117,Azusa Pacific University,"Private, nonprofit",1,4099,"Physical Sciences, Other.",3,Bachelor's Degree,0.0,0.0,0,PS,PS,PS,PS,PS,PS,PS,PS,PS,PS,PS,PS,PS,168,63096,47682,89719
109785.0,1117,Azusa Pacific University,"Private, nonprofit",1,4201,"Psychology, General.",3,Bachelor's Degree,150.0,120.0,11,200,51021,147,131,50390,69,51278,40,44655,160,53140,84,162,102536,50706,35740,67229
109785.0,1117,Azusa Pacific University,"Private, nonprofit",1,4201,"Psychology, General.",5,Master's Degree,21.0,35.0,PS,PS,PS,PS,PS,PS,PS,PS,PS,PS,PS,PS,PS,PS,5527,64711,45967,86199
109785.0,1117,Azusa Pacific University,"Private, nonprofit",1,4227,Research and Experimental Psychology.,5,Master's Degree,5.0,7.0,PS,PS,PS,PS,PS,PS,PS,PS,PS,PS,PS,PS,PS,PS,845,63216,45622,88293
109785.0,1117,Azusa Pacific University,"Private, nonprofit",1,4228,"Clinical, Counseling and Applied Psychology.",3,Bachelor's Degree,,,1,17,48958,PS,PS,PS,PS,PS,PS,PS,PS,PS,PS,PS,3881,50523,35237,66891
109785.0,1117,Azusa Pacific University,"Private, nonprofit",1,4228,"Clinical, Counseling and Applied Psychology.",5,Master's Degree,52.0,62.0,PS,PS,PS,PS,PS,PS,PS,PS,PS,PS,PS,PS,PS,PS,22438,65184,47881,83770
109785.0,1117,Azusa Pacific University,"Private, nonprofit",1,4228,"Clinical, Counseling and Applied Psychology.",8,Graduate/Professional Certificate,50.0,35.0,PS,PS,PS,PS,PS,PS,PS,PS,PS,PS,PS,PS,PS,PS,PS,PS,PS,PS
109785.0,1117,Azusa Pacific University,"Private, nonprofit",1,4299,"Psychology, Other.",5,Master's Degree,143.0,133.0,18,89,66624,77,52,71250,37,58758,PS,PS,PS,PS,PS,79,2540,61796,42814,83633
109785.0,1117,Azusa Pacific University,"Private, nonprofit",1,4299,"Psychology, Other.",6,Doctoral Degree,25.0,0.0,5,36,101143,32,19,119215,16,90787,PS,PS,PS,PS,PS,27,201,100857,55072,125508
109785.0,1117,Azusa Pacific University,"Private, nonprofit",1,4299,"Psychology, Other.",7,First Professional Degree,,33.0,,,,,,,,,,,,,,,PS,PS,PS,PS
109785.0,1117,Azusa Pacific University,"Private, nonprofit",1,4301,Criminal Justice and Corrections.,3,Bachelor's Degree,31.0,17.0,PS,PS,PS,PS,PS,PS,PS,PS,PS,PS,PS,PS,PS,PS,65120,55378,40158,74359
109785.0,1117,Azusa Pacific University,"Private, nonprofit",1,4404,Public Administration.,5,Master's Degree,15.0,13.0,,,,,,,,,,,,,,,PS,PS,PS,PS
109785.0,1117,Azusa Pacific University,"Private, nonprofit",1,4407,Social Work.,3,Bachelor's Degree,36.0,23.0,3,49,63166,43,31,59214,18,62788,PS,PS,PS,PS,35,26,28986,51790,39212,64160
109785.0,1117,Azusa Pacific University,"Private, nonprofit",1,4407,Social Work.,5,Master's Degree,84.0,112.0,7,107,78483,93,67,80669,39,80035,PS,PS,90,78894,PS,96,44463,65123,51662,79737
109785.0,1117,Azusa Pacific University,"Private, nonprofit",1,4501,"Social Sciences, General.",3,Bachelor's Degree,3.0,0.0,0,PS,PS,PS,PS,PS,PS,PS,PS,PS,PS,PS,PS,PS,6624,53366,36590,72257
109785.0,1117,Azusa Pacific University,"Private, nonprofit",1,4504,Criminology.,3,Bachelor's Degree,13.0,7.0,PS,PS,PS,PS,PS,PS,PS,PS,PS,PS,PS,PS,PS,PS,9717,55556,41042,73111
109785.0,1117,Azusa Pacific University,"Private, nonprofit",1,4506,Economics.,3,Bachelor's Degree,2.0,0.0,,,,,,,,,,,,,,,PS,PS,PS,PS
109785.0,1117,Azusa Pacific University,"Private, nonprofit",1,4509,International Relations and National Security Studies.,3,Bachelor's Degree,4.0,2.0,PS,PS,PS,PS,PS,PS,PS,PS,PS,PS,PS,PS,PS,PS,8070,66596,46031,87798
109785.0,1117,Azusa Pacific University,"Private, nonprofit",1,4510,Political Science and Government.,3,Bachelor's Degree,7.0,9.0,1,36,77575,34,20,82783,16,73851,16,61930,20,80302,17,26,36628,63293,44760,85406
109785.0,1117,Azusa Pacific University,"Private, nonprofit",1,4511,Sociology.,3,Bachelor's Degree,6.0,7.0,4,43,44267,32,PS,PS,PS,PS,PS,PS,PS,PS,PS,30,31848,52657,37665,69502
109785.0,1117,Azusa Pacific University,"Private, nonprofit",1,4599,"Social Sciences, Other.",5,Master's Degree,45.0,20.0,4,71,58049,62,50,57546,21,60877,PS,PS,PS,PS,PS,50,591,64286,46397,83507
109785.0,1117,Azusa Pacific University,"Private, nonprofit",1,5001,"Visual and Performing Arts, General.",3,Bachelor's Degree,38.0,26.0,3,60,40203,39,27,33292,32,50988,30,44010,30,34561,PS,44,3499,41688,25771,59858
109785.0,1117,Azusa Pacific University,"Private, nonprofit",1,5004,Design and Applied Arts.,3,Bachelor's Degree,12.0,15.0,PS,PS,PS,PS,PS,PS,PS,PS,PS,PS,PS,PS,PS,PS,PS,PS,PS,PS
109785.0,1117,Azusa Pacific University,"Private, nonprofit",1,5004,Design and Applied Arts.,5,Master's Degree,1.0,0.0,,,,,,,,,,,,,,,PS,PS,PS,PS
109785.0,1117,Azusa Pacific University,"Private, nonprofit",1,5005,Drama/Theatre Arts and Stagecraft.,3,Bachelor's Degree,5.0,3.0,,,,,,,,,,,,,,,PS,PS,PS,PS
109785.0,1117,Azusa Pacific University,"Private, nonprofit",1,5005,Drama/Theatre Arts and Stagecraft.,5,Master's Degree,3.0,2.0,PS,PS,PS,PS,PS,PS,PS,PS,PS,PS,PS,PS,PS,PS,2137,49978,29233,69322
109785.0,1117,Azusa Pacific University,"Private, nonprofit",1,5006,Film/Video and Photographic Arts.,3,Bachelor's Degree,4.0,10.0,,,,,,,,,,,,,,,PS,PS,PS,PS
109785.0,1117,Azusa Pacific University,"Private, nonprofit",1,5007,Fine and Studio Arts.,3,Bachelor's Degree,12.0,9.0,3,60,51399,44,32,57311,28,47283,22,64418,38,45998,PS,40,26935,41367,26241,56653
109785.0,1117,Azusa Pacific University,"Private, nonprofit",1,5007,Fine and Studio Arts.,5,Master's Degree,19.0,19.0,1,PS,PS,PS,PS,PS,PS,PS,PS,PS,PS,PS,PS,PS,3268,49079,29496,66541
109785.0,1117,Azusa Pacific University,"Private, nonprofit",1,5009,Music.,3,Bachelor's Degree,27.0,24.0,1,44,42225,25,27,42795,PS,PS,28,43054,16,16081,PS,36,14715,42892,26048,58755
109785.0,1117,Azusa Pacific University,"Private, nonprofit",1,5009,Music.,5,Master's Degree,20.0,13.0,1,PS,PS,PS,PS,PS,PS,PS,PS,PS,PS,PS,PS,PS,5004,48285,28079,65736
109785.0,1117,Azusa Pacific University,"Private, nonprofit",1,5100,"Health Services/Allied Health/Health Sciences, General.",2,Associate's Degree,,,0,PS,PS,PS,PS,PS,PS,PS,PS,PS,PS,PS,PS,PS,3570,51180,35101,72128
109785.0,1117,Azusa Pacific University,"Private, nonprofit",1,5100,"Health Services/Allied Health/Health Sciences, General.",3,Bachelor's Degree,,31.0,0,PS,PS,PS,PS,PS,PS,PS,PS,PS,PS,PS,PS,PS,14079,61296,42849,82291
109785.0,1117,Azusa Pacific University,"Private, nonprofit",1,5109,"Allied Health Diagnostic, Intervention, and Treatment Professions.",5,Master's Degree,12.0,6.0,PS,PS,PS,PS,PS,PS,PS,PS,PS,PS,PS,PS,PS,PS,15912,127347,103242,152756
109785.0,1117,Azusa Pacific University,"Private, nonprofit",1,5111,Health/Medical Preparatory Programs.,1,Undergraduate Certificate or Diploma,,,4,29,79742,26,PS,PS,PS,PS,PS,PS,PS,PS,PS,24,736,54229,36034,77100
109785.0,1117,Azusa Pacific University,"Private, nonprofit",1,5122,Public Health.,5,Master's Degree,21.0,16.0,,,,,,,,,,,,,,,PS,PS,PS,PS
109785.0,1117,Azusa Pacific University,"Private, nonprofit",1,5123,Rehabilitation and Therapeutic Professions.,6,Doctoral Degree,0.0,0.0,1,58,94392,52,19,105861,39,83787,16,106903,42,91290,PS,46,13052,82893,68836,95078
109785.0,1117,Azusa Pacific University,"Private, nonprofit",1,5123,Rehabilitation and Therapeutic Professions.,7,First Professional Degree,64.0,69.0,PS,PS,PS,PS,PS,PS,PS,PS,PS,PS,PS,PS,PS,PS,PS,PS,PS,PS
109785.0,1117,Azusa Pacific University,"Private, nonprofit",1,5123,Rehabilitation and Therapeutic Professions.,8,Graduate/Professional Certificate,0.0,0.0,PS,PS,PS,PS,PS,PS,PS,PS,PS,PS,PS,PS,PS,PS,PS,PS,PS,PS
109785.0,1117,Azusa Pacific University,"Private, nonprofit",1,5138,"Registered Nursing, Nursing Administration, Nursing Research and Clinical Nursing.",3,Bachelor's Degree,615.0,558.0,10,351,119455,339,223,122527,129,116527,46,137498,305,117165,41,302,177924,88910,67853,114470
109785.0,1117,Azusa Pacific University,"Private, nonprofit",1,5138,"Registered Nursing, Nursing Administration, Nursing Research and Clinical Nursing.",5,Master's Degree,250.0,237.0,4,151,137727,142,83,148389,69,133068,23,167234,128,131729,PS,134,63874,120193,94642,149472
109785.0,1117,Azusa Pacific University,"Private, nonprofit",1,5138,"Registered Nursing, Nursing Administration, Nursing Research and Clinical Nursing.",6,Doctoral Degree,21.0,5.0,0,PS,PS,PS,PS,PS,PS,PS,PS,PS,PS,PS,PS,PS,8559,138131,106294,185434
109785.0,1117,Azusa Pacific University,"Private, nonprofit",1,5138,"Registered Nursing, Nursing Administration, Nursing Research and Clinical Nursing.",7,First Professional Degree,3.0,9.0,,,,,,,,,,,,,,,PS,PS,PS,PS
109785.0,1117,Azusa Pacific University,"Private, nonprofit",1,5138,"Registered Nursing, Nursing Administration, Nursing Research and Clinical Nursing.",8,Graduate/Professional Certificate,0.0,0.0,PS,PS,PS,PS,PS,PS,PS,PS,PS,PS,PS,PS,PS,PS,PS,PS,PS,PS
109785.0,1117,Azusa Pacific University,"Private, nonprofit",1,5199,"Health Professions and Related Clinical Sciences, Other.",3,Bachelor's Degree,0.0,0.0,2,56,78795,47,26,73501,30,80830,PS,PS,PS,PS,38,34,4842,68245,47984,89146
109785.0,1117,Azusa Pacific University,"Private, nonprofit",1,5201,"Business/Commerce, General.",3,Bachelor's Degree,15.0,10.0,0,PS,PS,PS,PS,PS,PS,PS,PS,PS,PS,PS,PS,PS,27865,68407,48204,94571
109785.0,1117,Azusa Pacific University,"Private, nonprofit",1,5201,"Business/Commerce, General.",5,Master's Degree,0.0,0.0,2,43,83478,36,24,82527,20,81720,19,79682,25,84144,PS,34,8991,125988,83879,189086
109785.0,1117,Azusa Pacific University,"Private, nonprofit",1,5202,"Business Administration, Management and Operations.",3,Bachelor's Degree,82.0,79.0,24,270,69444,230,154,70829,116,67164,138,75978,132,63290,32,212,183303,68257,47618,93584
109785.0,1117,Azusa Pacific University,"Private, nonprofit",1,5202,"Business Administration, Management and Operations.",5,Master's Degree,130.0,92.0,4,131,87027,118,73,88951,58,81284,53,105252,78,80433,PS,108,122193,103485,69982,153484
109785.0,1117,Azusa Pacific University,"Private, nonprofit",1,5203,Accounting and Related Services.,3,Bachelor's Degree,22.0,18.0,1,32,86401,29,PS,PS,PS,PS,PS,PS,PS,PS,PS,25,63013,76194,56205,97191
109785.0,1117,Azusa Pacific University,"Private, nonprofit",1,5203,Accounting and Related Services.,5,Master's Degree,11.0,2.0,0,PS,PS,PS,PS,PS,PS,PS,PS,PS,PS,PS,PS,PS,21288,95833,74491,118338
109785.0,1117,Azusa Pacific University,"Private, nonprofit",1,5206,Business/Managerial Economics.,3,Bachelor's Degree,,9.0,,,,,,,,,,,,,,,PS,PS,PS,PS
109785.0,1117,Azusa Pacific University,"Private, nonprofit",1,5207,Entrepreneurial and Small Business Operations.,3,Bachelor's Degree,3.0,2.0,PS,PS,PS,PS,PS,PS,PS,PS,PS,PS,PS,PS,PS,PS,PS,PS,PS,PS
109785.0,1117,Azusa Pacific University,"Private, nonprofit",1,5210,Human Resources Management and Services.,5,Master's Degree,27.0,19.0,PS,PS,PS,PS,PS,PS,PS,PS,PS,PS,PS,PS,PS,PS,10576,83558,58145,115680
109785.0,1117,Azusa Pacific University,"Private, nonprofit",1,5211,International Business.,3,Bachelor's Degree,3.0,4.0,0,17,73675,PS,PS,PS,PS,PS,PS,PS,PS,PS,PS,PS,5548,73201,51264,98832
109785.0,1117,Azusa Pacific University,"Private, nonprofit",1,5212,Management Information Systems and Services.,3,Bachelor's Degree,0.0,0.0,1,PS,PS,PS,PS,PS,PS,PS,PS,PS,PS,PS,PS,PS,10427,83290,58799,111586
109785.0,1117,Azusa Pacific University,"Private, nonprofit",1,5214,Marketing.,3,Bachelor's Degree,25.0,16.0,2,43,65912,35,21,66116,22,66311,20,66228,25,65645,PS,38,48162,69303,49728,93152
109785.0,1117,Azusa Pacific University,"Private, nonprofit",1,5401,History.,3,Bachelor's Degree,8.0,3.0,2,16,41603,PS,PS,PS,PS,PS,PS,PS,PS,PS,PS,PS,23671,50680,36330,66736
110060.0,32663,Bethesda University,"Private, nonprofit",1,1101,"Computer and Information Sciences, General.",3,Bachelor's Degree,0.0,1.0,PS,PS,PS,PS,PS,PS,PS,PS,PS,PS,PS,PS,PS,PS,PS,PS,PS,PS
110060.0,32663,Bethesda University,"Private, nonprofit",1,1312,"Teacher Education and Professional Development, Specific Levels and Methods.",1,Undergraduate Certificate or Diploma,3.0,2.0,PS,PS,PS,PS,PS,PS,PS,PS,PS,PS,PS,PS,PS,PS,2032,34631,22707,46633
110060.0,32663,Bethesda University,"Private, nonprofit",1,1312,"Teacher Education and Professional Development, Specific Levels and Methods.",3,Bachelor's Degree,4.0,1.0,0,PS,PS,PS,PS,PS,PS,PS,PS,PS,PS,PS,PS,PS,50018,47382,38431,56096
110060.0,32663,Bethesda University,"Private, nonprofit",1,1399,"Education, Other.",3,Bachelor's Degree,,,PS,PS,PS,PS,PS,PS,PS,PS,PS,PS,PS,PS,PS,PS,1907,49113,35735,63919
110060.0,32663,Bethesda University,"Private, nonprofit",1,3902,Bible/Biblical Studies.,3,Bachelor's Degree,5.0,3.0,PS,PS,PS,PS,PS,PS,PS,PS,PS,PS,PS,PS,PS,PS,PS,PS,PS,PS
110060.0,32663,Bethesda University,"Private, nonprofit",1,3902,Bible/Biblical Studies.,5,Master's Degree,1.0,3.0,PS,PS,PS,PS,PS,PS,PS,PS,PS,PS,PS,PS,PS,PS,453,56028,37387,81622
110060.0,32663,Bethesda University,"Private, nonprofit",1,3903,Missions/Missionary Studies and Missiology.,3,Bachelor's Degree,0.0,,PS,PS,PS,PS,PS,PS,PS,PS,PS,PS,PS,PS,PS,PS,PS,PS,PS,PS
110060.0,32663,Bethesda University,"Private, nonprofit",1,3904,Religious Education.,1,Undergraduate Certificate or Diploma,,,2,PS,PS,PS,PS,PS,PS,PS,PS,PS,PS,PS,PS,PS,PS,PS,PS,PS
110060.0,32663,Bethesda University,"Private, nonprofit",1,3904,Religious Education.,3,Bachelor's Degree,1.0,0.0,1,PS,PS,PS,PS,PS,PS,PS,PS,PS,PS,PS,PS,PS,977,43633,28064,57392
110060.0,32663,Bethesda University,"Private, nonprofit",1,3906,Theological and Ministerial Studies.,5,Master's Degree,6.0,7.0,PS,PS,PS,PS,PS,PS,PS,PS,PS,PS,PS,PS,PS,PS,6997,61300,40587,91229
110060.0,32663,Bethesda University,"Private, nonprofit",1,3906,Theological and Ministerial Studies.,7,First Professional Degree,2.0,0.0,PS,PS,PS,PS,PS,PS,PS,PS,PS,PS,PS,PS,PS,PS,PS,PS,PS,PS
110060.0,32663,Bethesda University,"Private, nonprofit",1,3907,Pastoral Counseling and Specialized Ministries.,3,Bachelor's Degree,0.0,,PS,PS,PS,PS,PS,PS,PS,PS,PS,PS,PS,PS,PS,PS,1594,42915,29185,58127
110060.0,32663,Bethesda University,"Private, nonprofit",1,5009,Music.,1,Undergraduate Certificate or Diploma,,,0,PS,PS,PS,PS,PS,PS,PS,PS,PS,PS,PS,PS,PS,330,33318,17479,48525
110060.0,32663,Bethesda University,"Private, nonprofit",1,5009,Music.,3,Bachelor's Degree,2.0,0.0,PS,PS,PS,PS,PS,PS,PS,PS,PS,PS,PS,PS,PS,PS,PS,PS,PS,PS
110060.0,32663,Bethesda University,"Private, nonprofit",1,5009,Music.,5,Master's Degree,0.0,1.0,PS,PS,PS,PS,PS,PS,PS,PS,PS,PS,PS,PS,PS,PS,PS,PS,PS,PS
110060.0,32663,Bethesda University,"Private, nonprofit",1,5202,"Business Administration, Management and Operations.",1,Undergraduate Certificate or Diploma,,,0,PS,PS,PS,PS,PS,PS,PS,PS,PS,PS,PS,PS,PS,9363,47440,29959,68346
110060.0,32663,Bethesda University,"Private, nonprofit",1,5202,"Business Administration, Management and Operations.",3,Bachelor's Degree,14.0,22.0,PS,PS,PS,PS,PS,PS,PS,PS,PS,PS,PS,PS,PS,PS,183303,68257,47618,93584
110060.0,32663,Bethesda University,"Private, nonprofit",1,5202,"Business Administration, Management and Operations.",5,Master's Degree,25.0,17.0,PS,PS,PS,PS,PS,PS,PS,PS,PS,PS,PS,PS,PS,PS,122193,103485,69982,153484
110097.0,1122,Biola University,"Private, nonprofit",1,301,Natural Resources Conservation and Research.,3,Bachelor's Degree,0.0,0.0,0,PS,PS,PS,PS,PS,PS,PS,PS,PS,PS,PS,PS,PS,15907,55012,39435,72794
110097.0,1122,Biola University,"Private, nonprofit",1,901,Communication and Media Studies.,3,Bachelor's Degree,16.0,26.0,4,52,59996,41,22,55149,31,62486,18,65952,35,49574,PS,39,61357,56359,39575,76115
110097.0,1122,Biola University,"Private, nonprofit",1,904,Journalism.,3,Bachelor's Degree,23.0,14.0,1,33,37551,21,PS,PS,PS,PS,PS,PS,PS,PS,PS,17,13928,56278,40588,73923
110097.0,1122,Biola University,"Private, nonprofit",1,907,"Radio, Television, and Digital Communication.",3,Bachelor's Degree,,,2,57,44124,39,30,44189,27,44694,34,44805,23,43976,PS,44,11821,50497,33717,70128
110097.0,1122,Biola University,"Private, nonprofit",1,909,"Public Relations, Advertising, and Applied Communication.",3,Bachelor's Degree,18.0,30.0,0,PS,PS,PS,PS,PS,PS,PS,PS,PS,PS,PS,PS,PS,17967,63560,45857,83689
110097.0,1122,Biola University,"Private, nonprofit",1,909,"Public Relations, Advertising, and Applied Communication.",5,Master's Degree,3.0,5.0,PS,PS,PS,PS,PS,PS,PS,PS,PS,PS,PS,PS,PS,PS,PS,PS,PS,PS
110097.0,1122,Biola University,"Private, nonprofit",1,1107,Computer Science.,3,Bachelor's Degree,15.0,15.0,1,PS,PS,PS,PS,PS,PS,PS,PS,PS,PS,PS,PS,PS,28067,107009,74830,152038
110097.0,1122,Biola University,"Private, nonprofit",1,1301,"Education, General.",3,Bachelor's Degree,9.0,8.0,PS,PS,PS,PS,PS,PS,PS,PS,PS,PS,PS,PS,PS,PS,6941,49808,38641,60792
110097.0,1122,Biola University,"Private, nonprofit",1,1301,"Education, General.",5,Master's Degree,33.0,23.0,2,24,67062,21,PS,PS,PS,PS,PS,PS,PS,PS,PS,19,22487,65824,52724,82084
110097.0,1122,Biola University,"Private, nonprofit",1,1301,"Education, General.",99,Non-Credential Program (Preparatory Coursework/Teacher Certification),,,,,,,,,,,,,,,,,582,62645,49915,81896
110097.0,1122,Biola University,"Private, nonprofit",1,1302,"Bilingual, Multilingual, and Multicultural Education.",3,Bachelor's Degree,0.0,0.0,PS,PS,PS,PS,PS,PS,PS,PS,PS,PS,PS,PS,PS,PS,PS,PS,PS,PS
110097.0,1122,Biola University,"Private, nonprofit",1,1302,"Bilingual, Multilingual, and Multicultural Education.",6,Doctoral Degree,5.0,6.0,PS,PS,PS,PS,PS,PS,PS,PS,PS,PS,PS,PS,PS,PS,PS,PS,PS,PS
110097.0,1122,Biola University,"Private, nonprofit",1,1303,Curriculum and Instruction.,5,Master's Degree,3.0,0.0,0,PS,PS,PS,PS,PS,PS,PS,PS,PS,PS,PS,PS,PS,18183,63399,51716,78118
110097.0,1122,Biola University,"Private, nonprofit",1,1310,Special Education and Teaching.,3,Bachelor's Degree,0.0,0.0,PS,PS,PS,PS,PS,PS,PS,PS,PS,PS,PS,PS,PS,PS,PS,PS,PS,PS
110097.0,1122,Biola University,"Private, nonprofit",1,1310,Special Education and Teaching.,5,Master's Degree,6.0,3.0,PS,PS,PS,PS,PS,PS,PS,PS,PS,PS,PS,PS,PS,PS,21493,64397,52390,79764
110097.0,1122,Biola University,"Private, nonprofit",1,1312,"Teacher Education and Professional Development, Specific Levels and Methods.",3,Bachelor's Degree,36.0,28.0,5,57,53454,43,33,46832,24,59694,PS,PS,PS,PS,PS,45,50018,47382,38431,56096
110097.0,1122,Biola University,"Private, nonprofit",1,1312,"Teacher Education and Professional Development, Specific Levels and Methods.",5,Master's Degree,3.0,2.0,PS,PS,PS,PS,PS,PS,PS,PS,PS,PS,PS,PS,PS,PS,30920,59916,48965,72958
110097.0,1122,Biola University,"Private, nonprofit",1,1313,"Teacher Education and Professional Development, Specific Subject Areas.",3,Bachelor's Degree,2.0,0.0,0,PS,PS,PS,PS,PS,PS,PS,PS,PS,PS,PS,PS,PS,22867,51389,40539,63098
110097.0,1122,Biola University,"Private, nonprofit",1,1314,Teaching English or French as a Second or Foreign Language.,5,Master's Degree,20.0,17.0,1,PS,PS,PS,PS,PS,PS,PS,PS,PS,PS,PS,PS,PS,2991,65767,49386,82810
110097.0,1122,Biola University,"Private, nonprofit",1,1314,Teaching English or French as a Second or Foreign Language.,8,Graduate/Professional Certificate,1.0,2.0,PS,PS,PS,PS,PS,PS,PS,PS,PS,PS,PS,PS,PS,PS,391,71178,54203,95482
110097.0,1122,Biola University,"Private, nonprofit",1,1412,Engineering Physics.,3,Bachelor's Degree,15.0,12.0,0,PS,PS,PS,PS,PS,PS,PS,PS,PS,PS,PS,PS,PS,571,89154,69182,111349
110097.0,1122,Biola University,"Private, nonprofit",1,1601,"Linguistic, Comparative, and Related Language Studies and Services.",5,Master's Degree,0.0,0.0,1,PS,PS,PS,PS,PS,PS,PS,PS,PS,PS,PS,PS,PS,640,58093,39746,79896
110097.0,1122,Biola University,"Private, nonprofit",1,1601,"Linguistic, Comparative, and Related Language Studies and Services.",8,Graduate/Professional Certificate,0.0,0.0,PS,PS,PS,PS,PS,PS,PS,PS,PS,PS,PS,PS,PS,PS,19,61808,PS,79934
110097.0,1122,Biola University,"Private, nonprofit",1,1609,"Romance Languages, Literatures, and Linguistics.",3,Bachelor's Degree,2.0,2.0,0,PS,PS,PS,PS,PS,PS,PS,PS,PS,PS,PS,PS,PS,10363,55000,38411,73324
110097.0,1122,Biola University,"Private, nonprofit",1,1907,"Human Development, Family Studies, and Related Services.",5,Master's Degree,0.0,1.0,PS,PS,PS,PS,PS,PS,PS,PS,PS,PS,PS,PS,PS,PS,PS,PS,PS,PS
110097.0,1122,Biola University,"Private, nonprofit",1,2301,"English Language and Literature, General.",3,Bachelor's Degree,26.0,23.0,3,29,48370,20,PS,PS,PS,PS,PS,PS,PS,PS,PS,PS,33025,48590,33654,63810
110097.0,1122,Biola University,"Private, nonprofit",1,2401,"Liberal Arts and Sciences, General Studies and Humanities.",3,Bachelor's Degree,0.0,0.0,0,PS,PS,PS,PS,PS,PS,PS,PS,PS,PS,PS,PS,PS,50554,53072,35750,73322
110097.0,1122,Biola University,"Private, nonprofit",1,2601,"Biology, General.",3,Bachelor's Degree,54.0,42.0,3,36,58547,28,19,64416,17,48842,PS,PS,PS,PS,PS,22,57101,57214,38929,79199
110097.0,1122,Biola University,"Private, nonprofit",1,2602,"Biochemistry, Biophysics and Molecular Biology.",3,Bachelor's Degree,9.0,7.0,0,PS,PS,PS,PS,PS,PS,PS,PS,PS,PS,PS,PS,PS,6319,65466,44889,88432
110097.0,1122,Biola University,"Private, nonprofit",1,2701,Mathematics.,3,Bachelor's Degree,7.0,14.0,0,PS,PS,PS,PS,PS,PS,PS,PS,PS,PS,PS,PS,PS,15976,69562,49058,97414
110097.0,1122,Biola University,"Private, nonprofit",1,3000,"Multi-/Interdisciplinary Studies, General.",3,Bachelor's Degree,7.0,5.0,PS,PS,PS,PS,PS,PS,PS,PS,PS,PS,PS,PS,PS,PS,PS,PS,PS,PS
110097.0,1122,Biola University,"Private, nonprofit",1,3005,Peace Studies and Conflict Resolution.,5,Master's Degree,1.0,3.0,,,,,,,,,,,,,,,PS,PS,PS,PS
110097.0,1122,Biola University,"Private, nonprofit",1,3023,Intercultural/Multicultural and Diversity Studies.,3,Bachelor's Degree,17.0,11.0,3,38,43599,26,PS,PS,PS,PS,PS,PS,PS,PS,PS,29,181,42907,30743,64024
110097.0,1122,Biola University,"Private, nonprofit",1,3023,Intercultural/Multicultural and Diversity Studies.,5,Master's Degree,14.0,4.0,PS,PS,PS,PS,PS,PS,PS,PS,PS,PS,PS,PS,PS,PS,PS,PS,PS,PS
110097.0,1122,Biola University,"Private, nonprofit",1,3023,Intercultural/Multicultural and Diversity Studies.,6,Doctoral Degree,16.0,7.0,PS,PS,PS,PS,PS,PS,PS,PS,PS,PS,PS,PS,PS,PS,PS,PS,PS,PS
110097.0,1122,Biola University,"Private, nonprofit",1,3105,"Sports, Kinesiology, and Physical Education/Fitness.",3,Bachelor's Degree,18.0,33.0,0,PS,PS,PS,PS,PS,PS,PS,PS,PS,PS,PS,PS,PS,48463,54562,39049,73020
110097.0,1122,Biola University,"Private, nonprofit",1,3800,"Philosophy and Religious Studies, General.",5,Master's Degree,,,1,PS,PS,PS,PS,PS,PS,PS,PS,PS,PS,PS,PS,PS,42,48322,31620,91405
110097.0,1122,Biola University,"Private, nonprofit",1,3801,Philosophy.,3,Bachelor's Degree,4.0,5.0,0,PS,PS,PS,PS,PS,PS,PS,PS,PS,PS,PS,PS,PS,6085,54455,34926,78043
110097.0,1122,Biola University,"Private, nonprofit",1,3801,Philosophy.,5,Master's Degree,16.0,10.0,PS,PS,PS,PS,PS,PS,PS,PS,PS,PS,PS,PS,PS,PS,381,60272,35130,84227
110097.0,1122,Biola University,"Private, nonprofit",1,3899,"Philosophy and Religious Studies, Other.",5,Master's Degree,34.0,46.0,7,44,76926,30,PS,PS,PS,PS,PS,PS,PS,PS,PS,16,56,67987,48747,PS
110097.0,1122,Biola University,"Private, nonprofit",1,3902,Bible/Biblical Studies.,3,Bachelor's Degree,13.0,14.0,5,35,49524,24,16,44934,PS,PS,PS,PS,PS,PS,PS,22,2600,44533,29498,62259
110097.0,1122,Biola University,"Private, nonprofit",1,3902,Bible/Biblical Studies.,5,Master's Degree,28.0,20.0,5,25,40757,17,PS,PS,PS,PS,PS,PS,PS,PS,PS,20,453,56028,37387,81622
110097.0,1122,Biola University,"Private, nonprofit",1,3902,Bible/Biblical Studies.,8,Graduate/Professional Certificate,7.0,6.0,PS,PS,PS,PS,PS,PS,PS,PS,PS,PS,PS,PS,PS,PS,PS,PS,PS,PS
110097.0,1122,Biola University,"Private, nonprofit",1,3903,Missions/Missionary Studies and Missiology.,5,Master's Degree,2.0,1.0,0,PS,PS,PS,PS,PS,PS,PS,PS,PS,PS,PS,PS,PS,190,55204,36354,87271
110097.0,1122,Biola University,"Private, nonprofit",1,3903,Missions/Missionary Studies and Missiology.,6,Doctoral Degree,0.0,0.0,2,PS,PS,PS,PS,PS,PS,PS,PS,PS,PS,PS,PS,PS,PS,PS,PS,PS
110097.0,1122,Biola University,"Private, nonprofit",1,3904,Religious Education.,3,Bachelor's Degree,22.0,11.0,0,23,41982,20,PS,PS,PS,PS,PS,PS,PS,PS,PS,18,977,43633,28064,57392
110097.0,1122,Biola University,"Private, nonprofit",1,3904,Religious Education.,5,Master's Degree,0.0,0.0,2,PS,PS,PS,PS,PS,PS,PS,PS,PS,PS,PS,PS,PS,385,54328,34901,78665
110097.0,1122,Biola University,"Private, nonprofit",1,3904,Religious Education.,6,Doctoral Degree,10.0,3.0,1,PS,PS,PS,PS,PS,PS,PS,PS,PS,PS,PS,PS,PS,42,83129,42537,113058
110097.0,1122,Biola University,"Private, nonprofit",1,3905,Religious Music and Worship.,3,Bachelor's Degree,3.0,9.0,1,PS,PS,PS,PS,PS,PS,PS,PS,PS,PS,PS,PS,PS,345,41456,26674,54490
110097.0,1122,Biola University,"Private, nonprofit",1,3906,Theological and Ministerial Studies.,3,Bachelor's Degree,8.0,21.0,PS,PS,PS,PS,PS,PS,PS,PS,PS,PS,PS,PS,PS,PS,PS,PS,PS,PS
110097.0,1122,Biola University,"Private, nonprofit",1,3906,Theological and Ministerial Studies.,5,Master's Degree,78.0,67.0,4,54,51063,41,26,48980,28,56602,PS,PS,PS,PS,PS,40,6997,61300,40587,91229
110097.0,1122,Biola University,"Private, nonprofit",1,3906,Theological and Ministerial Studies.,6,Doctoral Degree,12.0,21.0,,,,,,,,,,,,,,,PS,PS,PS,PS
110097.0,1122,Biola University,"Private, nonprofit",1,3906,Theological and Ministerial Studies.,8,Graduate/Professional Certificate,0.0,0.0,PS,PS,PS,PS,PS,PS,PS,PS,PS,PS,PS,PS,PS,PS,PS,PS,PS,PS
110097.0,1122,Biola University,"Private, nonprofit",1,3907,Pastoral Counseling and Specialized Ministries.,2,Associate's Degree,,,PS,PS,PS,PS,PS,PS,PS,PS,PS,PS,PS,PS,PS,PS,199,36774,18440,50118
110097.0,1122,Biola University,"Private, nonprofit",1,3907,Pastoral Counseling and Specialized Ministries.,5,Master's Degree,5.0,11.0,1,PS,PS,PS,PS,PS,PS,PS,PS,PS,PS,PS,PS,PS,719,53024,32488,74113
110097.0,1122,Biola University,"Private, nonprofit",1,3999,"Theology and Religious Vocations, Other.",5,Master's Degree,25.0,16.0,5,22,53899,19,PS,PS,PS,PS,PS,PS,PS,PS,PS,17,443,54640,34479,81272
110097.0,1122,Biola University,"Private, nonprofit",1,3999,"Theology and Religious Vocations, Other.",6,Doctoral Degree,0.0,0.0,1,PS,PS,PS,PS,PS,PS,PS,PS,PS,PS,PS,PS,PS,72,81301,54713,112135
110097.0,1122,Biola University,"Private, nonprofit",1,3999,"Theology and Religious Vocations, Other.",8,Graduate/Professional Certificate,0.0,5.0,0,PS,PS,PS,PS,PS,PS,PS,PS,PS,PS,PS,PS,PS,PS,PS,PS,PS
110097.0,1122,Biola University,"Private, nonprofit",1,4001,"Physical Sciences, General.",3,Bachelor's Degree,0.0,2.0,0,PS,PS,PS,PS,PS,PS,PS,PS,PS,PS,PS,PS,PS,316,68944,47921,91964
110097.0,1122,Biola University,"Private, nonprofit",1,4004,Atmospheric Sciences and Meteorology.,3,Bachelor's Degree,,,,,,,,,,,,,,,,,705,60997,46531,78104
110097.0,1122,Biola University,"Private, nonprofit",1,4005,Chemistry.,3,Bachelor's Degree,1.0,1.0,0,PS,PS,PS,PS,PS,PS,PS,PS,PS,PS,PS,PS,PS,10453,65120,48307,84018
110097.0,1122,Biola University,"Private, nonprofit",1,4008,Physics.,3,Bachelor's Degree,1.0,0.0,1,PS,PS,PS,PS,PS,PS,PS,PS,PS,PS,PS,PS,PS,5602,76786,51777,102948
110097.0,1122,Biola University,"Private, nonprofit",1,4201,"Psychology, General.",3,Bachelor's Degree,97.0,68.0,10,77,51956,58,49,52523,28,54653,16,67153,61,50816,22,67,102536,50706,35740,67229
110097.0,1122,Biola University,"Private, nonprofit",1,4228,"Clinical, Counseling and Applied Psychology.",3,Bachelor's Degree,17.0,23.0,1,PS,PS,PS,PS,PS,PS,PS,PS,PS,PS,PS,PS,PS,3881,50523,35237,66891
110097.0,1122,Biola University,"Private, nonprofit",1,4228,"Clinical, Counseling and Applied Psychology.",5,Master's Degree,21.0,29.0,PS,PS,PS,PS,PS,PS,PS,PS,PS,PS,PS,PS,PS,PS,22438,65184,47881,83770
110097.0,1122,Biola University,"Private, nonprofit",1,4228,"Clinical, Counseling and Applied Psychology.",6,Doctoral Degree,23.0,27.0,1,24,98460,20,PS,PS,PS,PS,PS,PS,PS,PS,PS,PS,5714,99878,69652,126700
110097.0,1122,Biola University,"Private, nonprofit",1,4501,"Social Sciences, General.",3,Bachelor's Degree,0.0,0.0,0,PS,PS,PS,PS,PS,PS,PS,PS,PS,PS,PS,PS,PS,6624,53366,36590,72257
110097.0,1122,Biola University,"Private, nonprofit",1,4502,Anthropology.,3,Bachelor's Degree,0.0,1.0,2,PS,PS,PS,PS,PS,PS,PS,PS,PS,PS,PS,PS,PS,8303,46676,32056,63905
110097.0,1122,Biola University,"Private, nonprofit",1,4502,Anthropology.,5,Master's Degree,0.0,0.0,0,PS,PS,PS,PS,PS,PS,PS,PS,PS,PS,PS,PS,PS,787,61276,45133,79162
110097.0,1122,Biola University,"Private, nonprofit",1,4510,Political Science and Government.,3,Bachelor's Degree,11.0,11.0,1,18,76335,PS,PS,PS,PS,PS,PS,PS,PS,PS,PS,PS,36628,63293,44760,85406
110097.0,1122,Biola University,"Private, nonprofit",1,4511,Sociology.,3,Bachelor's Degree,23.0,14.0,3,60,54914,48,40,49476,20,64018,20,58010,40,53641,18,48,31848,52657,37665,69502
110097.0,1122,Biola University,"Private, nonprofit",1,4512,Urban Studies/Affairs.,3,Bachelor's Degree,0.0,0.0,PS,PS,PS,PS,PS,PS,PS,PS,PS,PS,PS,PS,PS,PS,PS,PS,PS,PS
110097.0,1122,Biola University,"Private, nonprofit",1,5004,Design and Applied Arts.,3,Bachelor's Degree,13.0,11.0,0,PS,PS,PS,PS,PS,PS,PS,PS,PS,PS,PS,PS,PS,23871,51490,33006,70612
110097.0,1122,Biola University,"Private, nonprofit",1,5005,Drama/Theatre Arts and Stagecraft.,3,Bachelor's Degree,1.0,9.0,0,PS,PS,PS,PS,PS,PS,PS,PS,PS,PS,PS,PS,PS,14066,39775,25491,55399
110097.0,1122,Biola University,"Private, nonprofit",1,5006,Film/Video and Photographic Arts.,3,Bachelor's Degree,75.0,90.0,PS,PS,PS,PS,PS,PS,PS,PS,PS,PS,PS,PS,PS,PS,PS,PS,PS,PS
110097.0,1122,Biola University,"Private, nonprofit",1,5007,Fine and Studio Arts.,3,Bachelor's Degree,20.0,19.0,3,52,43209,35,26,38241,25,49982,18,39732,34,47433,PS,40,26935,41367,26241,56653
110097.0,1122,Biola University,"Private, nonprofit",1,5009,Music.,3,Bachelor's Degree,20.0,23.0,2,PS,PS,PS,PS,PS,PS,PS,PS,PS,PS,PS,PS,PS,14715,42892,26048,58755
110097.0,1122,Biola University,"Private, nonprofit",1,5100,"Health Services/Allied Health/Health Sciences, General.",3,Bachelor's Degree,5.0,3.0,PS,PS,PS,PS,PS,PS,PS,PS,PS,PS,PS,PS,PS,PS,PS,PS,PS,PS
110097.0,1122,Biola University,"Private, nonprofit",1,5102,Communication Disorders Sciences and Services.,3,Bachelor's Degree,50.0,32.0,2,43,76744,37,23,70340,20,78168,PS,PS,PS,PS,29,32,11257,58928,44993,73005
110097.0,1122,Biola University,"Private, nonprofit",1,5102,Communication Disorders Sciences and Services.,5,Master's Degree,25.0,24.0,PS,PS,PS,PS,PS,PS,PS,PS,PS,PS,PS,PS,PS,PS,11787,67030,53057,82358
110097.0,1122,Biola University,"Private, nonprofit",1,5115,Mental and Social Health Services and Allied Professions.,5,Master's Degree,,11.0,,,,,,,,,,,,,,,PS,PS,PS,PS
110097.0,1122,Biola University,"Private, nonprofit",1,5115,Mental and Social Health Services and Allied Professions.,8,Graduate/Professional Certificate,11.0,0.0,PS,PS,PS,PS,PS,PS,PS,PS,PS,PS,PS,PS,PS,PS,PS,PS,PS,PS
110097.0,1122,Biola University,"Private, nonprofit",1,5122,Public Health.,3,Bachelor's Degree,1.0,5.0,,,,,,,,,,,,,,,PS,PS,PS,PS
110097.0,1122,Biola University,"Private, nonprofit",1,5122,Public Health.,5,Master's Degree,,4.0,,,,,,,,,,,,,,,PS,PS,PS,PS
110097.0,1122,Biola University,"Private, nonprofit",1,5138,"Registered Nursing, Nursing Administration, Nursing Research and Clinical Nursing.",3,Bachelor's Degree,55.0,55.0,0,53,88061,47,33,106591,18,77467,PS,PS,PS,PS,PS,42,177924,88910,67853,114470
110097.0,1122,Biola University,"Private, nonprofit",1,5201,"Business/Commerce, General.",3,Bachelor's Degree,,,5,119,69000,101,68,65365,52,81044,73,81301,48,45649,PS,88,27865,68407,48204,94571
110097.0,1122,Biola University,"Private, nonprofit",1,5201,"Business/Commerce, General.",5,Master's Degree,32.0,28.0,0,PS,PS,PS,PS,PS,PS,PS,PS,PS,PS,PS,PS,PS,8991,125988,83879,189086
110097.0,1122,Biola University,"Private, nonprofit",1,5202,"Business Administration, Management and Operations.",3,Bachelor's Degree,106.0,113.0,PS,PS,PS,PS,PS,PS,PS,PS,PS,PS,PS,PS,PS,PS,183303,68257,47618,93584
110097.0,1122,Biola University,"Private, nonprofit",1,5202,"Business Administration, Management and Operations.",5,Master's Degree,8.0,6.0,PS,PS,PS,PS,PS,PS,PS,PS,PS,PS,PS,PS,PS,PS,122193,103485,69982,153484
110097.0,1122,Biola University,"Private, nonprofit",1,5203,Accounting and Related Services.,3,Bachelor's Degree,17.0,18.0,0,PS,PS,PS,PS,PS,PS,PS,PS,PS,PS,PS,PS,PS,63013,76194,56205,97191
110097.0,1122,Biola University,"Private, nonprofit",1,5203,Accounting and Related Services.,5,Master's Degree,10.0,10.0,0,PS,PS,PS,PS,PS,PS,PS,PS,PS,PS,PS,PS,PS,21288,95833,74491,118338
110097.0,1122,Biola University,"Private, nonprofit",1,5207,Entrepreneurial and Small Business Operations.,5,Master's Degree,,5.0,,,,,,,,,,,,,,,PS,PS,PS,PS
110097.0,1122,Biola University,"Private, nonprofit",1,5401,History.,3,Bachelor's Degree,7.0,9.0,2,PS,PS,PS,PS,PS,PS,PS,PS,PS,PS,PS,PS,PS,23671,50680,36330,66736
110316.0,12154,California Institute of Integral Studies,"Private, nonprofit",1,502,"Ethnic, Cultural Minority, Gender, and Group Studies.",5,Master's Degree,7.0,8.0,0,PS,PS,PS,PS,PS,PS,PS,PS,PS,PS,PS,PS,PS,465,62705,43158,81176
110316.0,12154,California Institute of Integral Studies,"Private, nonprofit",1,2313,Rhetoric and Composition/Writing Studies.,5,Master's Degree,,,1,PS,PS,PS,PS,PS,PS,PS,PS,PS,PS,PS,PS,PS,3795,55035,32717,77712
110316.0,12154,California Institute of Integral Studies,"Private, nonprofit",1,3017,Behavioral Sciences.,6,Doctoral Degree,,,0,PS,PS,PS,PS,PS,PS,PS,PS,PS,PS,PS,PS,PS,40,104514,PS,126644
110316.0,12154,California Institute of Integral Studies,"Private, nonprofit",1,3026,Cultural Studies/Critical Theory and Analysis.,5,Master's Degree,1.0,5.0,1,PS,PS,PS,PS,PS,PS,PS,PS,PS,PS,PS,PS,PS,46,61087,33307,83152
110316.0,12154,California Institute of Integral Studies,"Private, nonprofit",1,3026,Cultural Studies/Critical Theory and Analysis.,6,Doctoral Degree,6.0,7.0,PS,PS,PS,PS,PS,PS,PS,PS,PS,PS,PS,PS,PS,PS,PS,PS,PS,PS
110316.0,12154,California Institute of Integral Studies,"Private, nonprofit",1,3099,"Multi/Interdisciplinary Studies, Other.",3,Bachelor's Degree,20.0,10.0,10,46,57056,35,PS,PS,PS,PS,PS,PS,PS,PS,PS,40,27598,55693,40311,72165
110316.0,12154,California Institute of Integral Studies,"Private, nonprofit",1,3099,"Multi/Interdisciplinary Studies, Other.",5,Master's Degree,13.0,8.0,1,PS,PS,PS,PS,PS,PS,PS,PS,PS,PS,PS,PS,PS,1342,75122,51610,109074
110316.0,12154,California Institute of Integral Studies,"Private, nonprofit",1,3099,"Multi/Interdisciplinary Studies, Other.",6,Doctoral Degree,10.0,13.0,5,PS,PS,PS,PS,PS,PS,PS,PS,PS,PS,PS,PS,PS,238,86341,58995,116446
110316.0,12154,California Institute of Integral Studies,"Private, nonprofit",1,3899,"Philosophy and Religious Studies, Other.",5,Master's Degree,18.0,14.0,1,PS,PS,PS,PS,PS,PS,PS,PS,PS,PS,PS,PS,PS,56,67987,48747,PS
110316.0,12154,California Institute of Integral Studies,"Private, nonprofit",1,3899,"Philosophy and Religious Studies, Other.",6,Doctoral Degree,5.0,6.0,2,PS,PS,PS,PS,PS,PS,PS,PS,PS,PS,PS,PS,PS,PS,PS,PS,PS
110316.0,12154,California Institute of Integral Studies,"Private, nonprofit",1,3899,"Philosophy and Religious Studies, Other.",8,Graduate/Professional Certificate,1.0,0.0,PS,PS,PS,PS,PS,PS,PS,PS,PS,PS,PS,PS,PS,PS,PS,PS,PS,PS
110316.0,12154,California Institute of Integral Studies,"Private, nonprofit",1,4201,"Psychology, General.",3,Bachelor's Degree,35.0,34.0,PS,PS,PS,PS,PS,PS,PS,PS,PS,PS,PS,PS,PS,PS,PS,PS,PS,PS
110316.0,12154,California Institute of Integral Studies,"Private, nonprofit",1,4201,"Psychology, General.",5,Master's Degree,5.0,9.0,PS,PS,PS,PS,PS,PS,PS,PS,PS,PS,PS,PS,PS,PS,PS,PS,PS,PS
110316.0,12154,California Institute of Integral Studies,"Private, nonprofit",1,4227,Research and Experimental Psychology.,6,Doctoral Degree,4.0,12.0,PS,PS,PS,PS,PS,PS,PS,PS,PS,PS,PS,PS,PS,PS,473,103410,72819,143120
110316.0,12154,California Institute of Integral Studies,"Private, nonprofit",1,4228,"Clinical, Counseling and Applied Psychology.",5,Master's Degree,153.0,258.0,6,134,57411,105,47,49797,87,60434,26,82112,108,53077,PS,104,22438,65184,47881,83770
110316.0,12154,California Institute of Integral Studies,"Private, nonprofit",1,4228,"Clinical, Counseling and Applied Psychology.",6,Doctoral Degree,4.0,7.0,PS,PS,PS,PS,PS,PS,PS,PS,PS,PS,PS,PS,PS,PS,PS,PS,PS,PS
110316.0,12154,California Institute of Integral Studies,"Private, nonprofit",1,4228,"Clinical, Counseling and Applied Psychology.",7,First Professional Degree,4.0,3.0,1,21,102166,17,PS,PS,PS,PS,PS,PS,PS,PS,PS,16,163,70514,54941,90173
110316.0,12154,California Institute of Integral Studies,"Private, nonprofit",1,4228,"Clinical, Counseling and Applied Psychology.",8,Graduate/Professional Certificate,0.0,0.0,,,,,,,,,,,,,,,PS,PS,PS,PS
110316.0,12154,California Institute of Integral Studies,"Private, nonprofit",1,4299,"Psychology, Other.",5,Master's Degree,,,2,PS,PS,PS,PS,PS,PS,PS,PS,PS,PS,PS,PS,PS,2540,61796,42814,83633
110316.0,12154,California Institute of Integral Studies,"Private, nonprofit",1,4299,"Psychology, Other.",6,Doctoral Degree,,,2,PS,PS,PS,PS,PS,PS,PS,PS,PS,PS,PS,PS,PS,201,100857,55072,125508
110316.0,12154,California Institute of Integral Studies,"Private, nonprofit",1,4502,Anthropology.,6,Doctoral Degree,,,0,PS,PS,PS,PS,PS,PS,PS,PS,PS,PS,PS,PS,PS,534,77473,57038,100081
110316.0,12154,California Institute of Integral Studies,"Private, nonprofit",1,5007,Fine and Studio Arts.,5,Master's Degree,1.0,9.0,0,PS,PS,PS,PS,PS,PS,PS,PS,PS,PS,PS,PS,PS,3268,49079,29496,66541
110316.0,12154,California Institute of Integral Studies,"Private, nonprofit",1,5099,"Visual and Performing Arts, Other.",5,Master's Degree,,,PS,PS,PS,PS,PS,PS,PS,PS,PS,PS,PS,PS,PS,PS,299,56099,29492,77437
110316.0,12154,California Institute of Integral Studies,"Private, nonprofit",1,5100,"Health Services/Allied Health/Health Sciences, General.",5,Master's Degree,17.0,14.0,PS,PS,PS,PS,PS,PS,PS,PS,PS,PS,PS,PS,PS,PS,PS,PS,PS,PS
110316.0,12154,California Institute of Integral Studies,"Private, nonprofit",1,5133,Alternative and Complementary Medicine and Medical Systems.,5,Master's Degree,5.0,2.0,5,40,38512,24,PS,PS,PS,PS,PS,PS,PS,PS,PS,30,1222,35462,16372,62741
110316.0,12154,California Institute of Integral Studies,"Private, nonprofit",1,5133,Alternative and Complementary Medicine and Medical Systems.,6,Doctoral Degree,27.0,22.0,1,PS,PS,PS,PS,PS,PS,PS,PS,PS,PS,PS,PS,PS,471,45167,20660,81229
110361.0,1125,California Baptist University,"Private, nonprofit",1,301,Natural Resources Conservation and Research.,3,Bachelor's Degree,13.0,9.0,0,PS,PS,PS,PS,PS,PS,PS,PS,PS,PS,PS,PS,PS,15907,55012,39435,72794
110361.0,1125,California Baptist University,"Private, nonprofit",1,402,Architecture.,3,Bachelor's Degree,19.0,,PS,PS,PS,PS,PS,PS,PS,PS,PS,PS,PS,PS,PS,PS,4504,66914,54236,78634
110361.0,1125,California Baptist University,"Private, nonprofit",1,402,Architecture.,5,Master's Degree,12.0,,PS,PS,PS,PS,PS,PS,PS,PS,PS,PS,PS,PS,PS,PS,2395,74139,62872,86117
110361.0,1125,California Baptist University,"Private, nonprofit",1,409,Architectural Sciences and Technology.,3,Bachelor's Degree,,42.0,,,,,,,,,,,,,,,PS,PS,PS,PS
110361.0,1125,California Baptist University,"Private, nonprofit",1,409,Architectural Sciences and Technology.,5,Master's Degree,,26.0,,,,,,,,,,,,,,,PS,PS,PS,PS
110361.0,1125,California Baptist University,"Private, nonprofit",1,901,Communication and Media Studies.,3,Bachelor's Degree,36.0,26.0,4,33,64872,28,PS,PS,PS,PS,PS,PS,PS,PS,PS,27,61357,56359,39575,76115
110361.0,1125,California Baptist University,"Private, nonprofit",1,901,Communication and Media Studies.,5,Master's Degree,,,0,PS,PS,PS,PS,PS,PS,PS,PS,PS,PS,PS,PS,PS,4101,71953,51074,99548
110361.0,1125,California Baptist University,"Private, nonprofit",1,904,Journalism.,3,Bachelor's Degree,13.0,7.0,2,PS,PS,PS,PS,PS,PS,PS,PS,PS,PS,PS,PS,PS,13928,56278,40588,73923
110361.0,1125,California Baptist University,"Private, nonprofit",1,909,"Public Relations, Advertising, and Applied Communication.",3,Bachelor's Degree,15.0,31.0,6,22,46015,PS,PS,PS,PS,PS,PS,PS,PS,PS,PS,18,17967,63560,45857,83689
110361.0,1125,California Baptist University,"Private, nonprofit",1,909,"Public Relations, Advertising, and Applied Communication.",5,Master's Degree,23.0,27.0,1,25,70524,21,PS,PS,PS,PS,PS,PS,PS,PS,PS,20,2418,80125,56433,109561
110361.0,1125,California Baptist University,"Private, nonprofit",1,1003,Graphic Communications.,3,Bachelor's Degree,,,5,47,46018,35,28,48458,PS,PS,26,50818,21,42793,PS,33,3496,43283,27166,64326
110361.0,1125,California Baptist University,"Private, nonprofit",1,1101,"Computer and Information Sciences, General.",3,Bachelor's Degree,11.0,13.0,0,PS,PS,PS,PS,PS,PS,PS,PS,PS,PS,PS,PS,PS,41037,92374,64179,128180
110361.0,1125,California Baptist University,"Private, nonprofit",1,1107,Computer Science.,3,Bachelor's Degree,20.0,14.0,PS,PS,PS,PS,PS,PS,PS,PS,PS,PS,PS,PS,PS,PS,28067,107009,74830,152038
110361.0,1125,California Baptist University,"Private, nonprofit",1,1110,Computer/Information Technology Administration and Management.,3,Bachelor's Degree,1.0,,PS,PS,PS,PS,PS,PS,PS,PS,PS,PS,PS,PS,PS,PS,PS,PS,PS,PS
110361.0,1125,California Baptist University,"Private, nonprofit",1,1110,Computer/Information Technology Administration and Management.,5,Master's Degree,30.0,31.0,PS,PS,PS,PS,PS,PS,PS,PS,PS,PS,PS,PS,PS,PS,PS,PS,PS,PS
110361.0,1125,California Baptist University,"Private, nonprofit",1,1301,"Education, General.",5,Master's Degree,215.0,211.0,7,276,81045,258,163,80125,113,81881,35,81451,241,81204,PS,250,22487,65824,52724,82084
110361.0,1125,California Baptist University,"Private, nonprofit",1,1301,"Education, General.",99,Non-Credential Program (Preparatory Coursework/Teacher Certification),,,,,,,,,,,,,,,,,582,62645,49915,81896
110361.0,1125,California Baptist University,"Private, nonprofit",1,1304,Educational Administration and Supervision.,5,Master's Degree,23.0,18.0,0,PS,PS,PS,PS,PS,PS,PS,PS,PS,PS,PS,PS,PS,32412,71685,57739,90151
110361.0,1125,California Baptist University,"Private, nonprofit",1,1311,Student Counseling and Personnel Services.,5,Master's Degree,24.0,25.0,1,PS,PS,PS,PS,PS,PS,PS,PS,PS,PS,PS,PS,PS,15495,60111,48192,74890
110361.0,1125,California Baptist University,"Private, nonprofit",1,1312,"Teacher Education and Professional Development, Specific Levels and Methods.",3,Bachelor's Degree,84.0,61.0,5,53,41923,38,PS,PS,PS,PS,PS,PS,PS,PS,17,45,50018,47382,38431,56096
110361.0,1125,California Baptist University,"Private, nonprofit",1,1313,"Teacher Education and Professional Development, Specific Subject Areas.",3,Bachelor's Degree,11.0,11.0,0,PS,PS,PS,PS,PS,PS,PS,PS,PS,PS,PS,PS,PS,22867,51389,40539,63098
110361.0,1125,California Baptist University,"Private, nonprofit",1,1401,"Engineering, General.",3,Bachelor's Degree,2.0,2.0,0,PS,PS,PS,PS,PS,PS,PS,PS,PS,PS,PS,PS,PS,PS,PS,PS,PS
110361.0,1125,California Baptist University,"Private, nonprofit",1,1401,"Engineering, General.",5,Master's Degree,0.0,5.0,,,,,,,,,,,,,,,PS,PS,PS,PS
110361.0,1125,California Baptist University,"Private, nonprofit",1,1405,Biomedical/Medical Engineering.,3,Bachelor's Degree,12.0,7.0,0,PS,PS,PS,PS,PS,PS,PS,PS,PS,PS,PS,PS,PS,5726,93451,74134,113859
110361.0,1125,California Baptist University,"Private, nonprofit",1,1407,Chemical Engineering.,3,Bachelor's Degree,8.0,13.0,0,PS,PS,PS,PS,PS,PS,PS,PS,PS,PS,PS,PS,PS,10079,98158,80300,117974
110361.0,1125,California Baptist University,"Private, nonprofit",1,1408,Civil Engineering.,3,Bachelor's Degree,28.0,22.0,1,27,97633,26,PS,PS,PS,PS,PS,PS,PS,PS,PS,18,15798,86517,73883,101174
110361.0,1125,California Baptist University,"Private, nonprofit",1,1408,Civil Engineering.,5,Master's Degree,0.0,22.0,PS,PS,PS,PS,PS,PS,PS,PS,PS,PS,PS,PS,PS,PS,3258,98323,84186,116108
110361.0,1125,California Baptist University,"Private, nonprofit",1,1409,Computer Engineering.,3,Bachelor's Degree,13.0,13.0,1,24,83205,22,PS,PS,PS,PS,PS,PS,PS,PS,PS,18,10329,109015,86299,145170
110361.0,1125,California Baptist University,"Private, nonprofit",1,1409,Computer Engineering.,5,Master's Degree,2.0,,PS,PS,PS,PS,PS,PS,PS,PS,PS,PS,PS,PS,PS,PS,1249,136736,108298,186553
110361.0,1125,California Baptist University,"Private, nonprofit",1,1419,Mechanical Engineering.,3,Bachelor's Degree,47.0,54.0,3,30,92844,26,PS,PS,PS,PS,PS,PS,PS,PS,PS,27,36057,92135,77715,109121
110361.0,1125,California Baptist University,"Private, nonprofit",1,1419,Mechanical Engineering.,5,Master's Degree,2.0,,PS,PS,PS,PS,PS,PS,PS,PS,PS,PS,PS,PS,PS,PS,3775,115974,97429,140629
110361.0,1125,California Baptist University,"Private, nonprofit",1,1433,Construction Engineering.,3,Bachelor's Degree,8.0,7.0,PS,PS,PS,PS,PS,PS,PS,PS,PS,PS,PS,PS,PS,PS,PS,PS,PS,PS
110361.0,1125,California Baptist University,"Private, nonprofit",1,1435,Industrial Engineering.,3,Bachelor's Degree,,,PS,PS,PS,PS,PS,PS,PS,PS,PS,PS,PS,PS,PS,PS,4636,98442,81158,121691
110361.0,1125,California Baptist University,"Private, nonprofit",1,1447,Electrical and Computer Engineering.,3,Bachelor's Degree,8.0,18.0,PS,PS,PS,PS,PS,PS,PS,PS,PS,PS,PS,PS,PS,PS,PS,PS,PS,PS
110361.0,1125,California Baptist University,"Private, nonprofit",1,1510,Construction Engineering Technology/Technician.,3,Bachelor's Degree,,,0,PS,PS,PS,PS,PS,PS,PS,PS,PS,PS,PS,PS,PS,2681,93843,77403,111740
110361.0,1125,California Baptist University,"Private, nonprofit",1,1609,"Romance Languages, Literatures, and Linguistics.",3,Bachelor's Degree,4.0,5.0,0,PS,PS,PS,PS,PS,PS,PS,PS,PS,PS,PS,PS,PS,10363,55000,38411,73324
110361.0,1125,California Baptist University,"Private, nonprofit",1,2301,"English Language and Literature, General.",3,Bachelor's Degree,31.0,18.0,5,32,42948,21,PS,PS,PS,PS,PS,PS,PS,PS,PS,25,33025,48590,33654,63810
110361.0,1125,California Baptist University,"Private, nonprofit",1,2301,"English Language and Literature, General.",5,Master's Degree,8.0,6.0,0,PS,PS,PS,PS,PS,PS,PS,PS,PS,PS,PS,PS,PS,3708,55512,39177,72721
110361.0,1125,California Baptist University,"Private, nonprofit",1,2313,Rhetoric and Composition/Writing Studies.,3,Bachelor's Degree,0.0,2.0,0,PS,PS,PS,PS,PS,PS,PS,PS,PS,PS,PS,PS,PS,8509,48471,32167,67306
110361.0,1125,California Baptist University,"Private, nonprofit",1,2401,"Liberal Arts and Sciences, General Studies and Humanities.",3,Bachelor's Degree,79.0,66.0,7,97,55626,70,72,43611,25,66977,PS,PS,PS,PS,36,85,50554,53072,35750,73322
110361.0,1125,California Baptist University,"Private, nonprofit",1,2401,"Liberal Arts and Sciences, General Studies and Humanities.",5,Master's Degree,,,,,,,,,,,,,,,,,2419,65716,45452,93350
110361.0,1125,California Baptist University,"Private, nonprofit",1,2601,"Biology, General.",3,Bachelor's Degree,76.0,63.0,2,31,69737,23,PS,PS,PS,PS,PS,PS,PS,PS,PS,24,57101,57214,38929,79199
110361.0,1125,California Baptist University,"Private, nonprofit",1,2601,"Biology, General.",5,Master's Degree,27.0,22.0,PS,PS,PS,PS,PS,PS,PS,PS,PS,PS,PS,PS,PS,PS,PS,PS,PS,PS
110361.0,1125,California Baptist University,"Private, nonprofit",1,2602,"Biochemistry, Biophysics and Molecular Biology.",3,Bachelor's Degree,8.0,2.0,0,PS,PS,PS,PS,PS,PS,PS,PS,PS,PS,PS,PS,PS,6319,65466,44889,88432
110361.0,1125,California Baptist University,"Private, nonprofit",1,2609,"Physiology, Pathology and Related Sciences.",3,Bachelor's Degree,27.0,27.0,0,PS,PS,PS,PS,PS,PS,PS,PS,PS,PS,PS,PS,PS,4191,62172,41546,83514
110361.0,1125,California Baptist University,"Private, nonprofit",1,2701,Mathematics.,3,Bachelor's Degree,12.0,6.0,0,PS,PS,PS,PS,PS,PS,PS,PS,PS,PS,PS,PS,PS,15976,69562,49058,97414
110361.0,1125,California Baptist University,"Private, nonprofit",1,2703,Applied Mathematics.,5,Master's Degree,4.0,3.0,PS,PS,PS,PS,PS,PS,PS,PS,PS,PS,PS,PS,PS,PS,1088,116060,85199,161426
110361.0,1125,California Baptist University,"Private, nonprofit",1,2705,Statistics.,3,Bachelor's Degree,,,0,PS,PS,PS,PS,PS,PS,PS,PS,PS,PS,PS,PS,PS,2476,92425,64564,125467
110361.0,1125,California Baptist University,"Private, nonprofit",1,2706,Applied Statistics.,3,Bachelor's Degree,3.0,6.0,PS,PS,PS,PS,PS,PS,PS,PS,PS,PS,PS,PS,PS,PS,PS,PS,PS,PS
110361.0,1125,California Baptist University,"Private, nonprofit",1,3017,Behavioral Sciences.,3,Bachelor's Degree,23.0,7.0,3,PS,PS,PS,PS,PS,PS,PS,PS,PS,PS,PS,PS,PS,3138,48673,32105,65920
110361.0,1125,California Baptist University,"Private, nonprofit",1,3019,Nutrition Sciences.,3,Bachelor's Degree,19.0,8.0,1,PS,PS,PS,PS,PS,PS,PS,PS,PS,PS,PS,PS,PS,2790,60053,43153,76798
110361.0,1125,California Baptist University,"Private, nonprofit",1,3020,International/Globalization Studies.,3,Bachelor's Degree,2.0,2.0,1,PS,PS,PS,PS,PS,PS,PS,PS,PS,PS,PS,PS,PS,5436,59972,40760,82911
110361.0,1125,California Baptist University,"Private, nonprofit",1,3033,Sustainability Studies.,3,Bachelor's Degree,2.0,1.0,0,PS,PS,PS,PS,PS,PS,PS,PS,PS,PS,PS,PS,PS,699,57887,37231,77143
110361.0,1125,California Baptist University,"Private, nonprofit",1,3071,Data Analytics.,3,Bachelor's Degree,7.0,8.0,PS,PS,PS,PS,PS,PS,PS,PS,PS,PS,PS,PS,PS,PS,PS,PS,PS,PS
110361.0,1125,California Baptist University,"Private, nonprofit",1,3099,"Multi/Interdisciplinary Studies, Other.",3,Bachelor's Degree,13.0,16.0,2,21,57338,20,PS,PS,PS,PS,PS,PS,PS,PS,PS,21,27598,55693,40311,72165
110361.0,1125,California Baptist University,"Private, nonprofit",1,3099,"Multi/Interdisciplinary Studies, Other.",5,Master's Degree,0.0,1.0,,,,,,,,,,,,,,,PS,PS,PS,PS
110361.0,1125,California Baptist University,"Private, nonprofit",1,3105,"Sports, Kinesiology, and Physical Education/Fitness.",3,Bachelor's Degree,114.0,130.0,12,103,50987,77,71,42100,32,62640,53,54277,51,50717,38,72,48463,54562,39049,73020
110361.0,1125,California Baptist University,"Private, nonprofit",1,3105,"Sports, Kinesiology, and Physical Education/Fitness.",5,Master's Degree,122.0,86.0,3,40,62081,30,PS,PS,PS,PS,PS,PS,PS,PS,PS,31,9292,62033,47943,80968
110361.0,1125,California Baptist University,"Private, nonprofit",1,3801,Philosophy.,3,Bachelor's Degree,5.0,12.0,0,PS,PS,PS,PS,PS,PS,PS,PS,PS,PS,PS,PS,PS,6085,54455,34926,78043
110361.0,1125,California Baptist University,"Private, nonprofit",1,3802,Religion/Religious Studies.,3,Bachelor's Degree,23.0,23.0,2,19,40623,PS,PS,PS,PS,PS,PS,PS,PS,PS,PS,17,5310,41390,20518,65165
110361.0,1125,California Baptist University,"Private, nonprofit",1,3902,Bible/Biblical Studies.,3,Bachelor's Degree,15.0,9.0,2,17,53845,PS,PS,PS,PS,PS,PS,PS,PS,PS,PS,PS,2600,44533,29498,62259
110361.0,1125,California Baptist University,"Private, nonprofit",1,3903,Missions/Missionary Studies and Missiology.,3,Bachelor's Degree,5.0,6.0,1,PS,PS,PS,PS,PS,PS,PS,PS,PS,PS,PS,PS,PS,688,40103,25327,55233
110361.0,1125,California Baptist University,"Private, nonprofit",1,3905,Religious Music and Worship.,3,Bachelor's Degree,5.0,3.0,PS,PS,PS,PS,PS,PS,PS,PS,PS,PS,PS,PS,PS,PS,345,41456,26674,54490
110361.0,1125,California Baptist University,"Private, nonprofit",1,3905,Religious Music and Worship.,5,Master's Degree,2.0,18.0,PS,PS,PS,PS,PS,PS,PS,PS,PS,PS,PS,PS,PS,PS,PS,PS,PS,PS
110361.0,1125,California Baptist University,"Private, nonprofit",1,3907,Pastoral Counseling and Specialized Ministries.,5,Master's Degree,2.0,17.0,1,PS,PS,PS,PS,PS,PS,PS,PS,PS,PS,PS,PS,PS,719,53024,32488,74113
110361.0,1125,California Baptist University,"Private, nonprofit",1,4005,Chemistry.,3,Bachelor's Degree,5.0,9.0,0,PS,PS,PS,PS,PS,PS,PS,PS,PS,PS,PS,PS,PS,10453,65120,48307,84018
110361.0,1125,California Baptist University,"Private, nonprofit",1,4201,"Psychology, General.",3,Bachelor's Degree,169.0,164.0,17,142,57219,109,110,56417,32,58299,21,60958,121,55396,78,126,102536,50706,35740,67229
110361.0,1125,California Baptist University,"Private, nonprofit",1,4201,"Psychology, General.",5,Master's Degree,,,,,,,,,,,,,,,,,5527,64711,45967,86199
110361.0,1125,California Baptist University,"Private, nonprofit",1,4228,"Clinical, Counseling and Applied Psychology.",3,Bachelor's Degree,1.0,3.0,0,PS,PS,PS,PS,PS,PS,PS,PS,PS,PS,PS,PS,PS,PS,PS,PS,PS
110361.0,1125,California Baptist University,"Private, nonprofit",1,4228,"Clinical, Counseling and Applied Psychology.",5,Master's Degree,298.0,325.0,16,183,69855,155,125,70892,58,64880,28,86431,155,65815,PS,168,22438,65184,47881,83770
110361.0,1125,California Baptist University,"Private, nonprofit",1,4228,"Clinical, Counseling and Applied Psychology.",6,Doctoral Degree,0.0,0.0,PS,PS,PS,PS,PS,PS,PS,PS,PS,PS,PS,PS,PS,PS,PS,PS,PS,PS
110361.0,1125,California Baptist University,"Private, nonprofit",1,4301,Criminal Justice and Corrections.,3,Bachelor's Degree,64.0,61.0,6,65,65292,57,43,55021,23,117045,33,101237,32,52310,PS,60,65120,55378,40158,74359
110361.0,1125,California Baptist University,"Private, nonprofit",1,4304,Security Science and Technology.,3,Bachelor's Degree,6.0,8.0,,,,,,,,,,,,,,,PS,PS,PS,PS
110361.0,1125,California Baptist University,"Private, nonprofit",1,4400,"Human Services, General.",3,Bachelor's Degree,21.0,11.0,PS,PS,PS,PS,PS,PS,PS,PS,PS,PS,PS,PS,PS,PS,7618,48597,35249,62659
110361.0,1125,California Baptist University,"Private, nonprofit",1,4404,Public Administration.,2,Associate's Degree,,,,,,,,,,,,,,,,,62,42748,26395,63374
110361.0,1125,California Baptist University,"Private, nonprofit",1,4404,Public Administration.,3,Bachelor's Degree,14.0,16.0,1,PS,PS,PS,PS,PS,PS,PS,PS,PS,PS,PS,PS,PS,3271,65093,47237,86663
110361.0,1125,California Baptist University,"Private, nonprofit",1,4404,Public Administration.,5,Master's Degree,40.0,27.0,3,85,89832,80,46,84685,38,95513,32,92201,51,87603,PS,76,13451,81408,60052,109056
110361.0,1125,California Baptist University,"Private, nonprofit",1,4404,Public Administration.,6,Doctoral Degree,16.0,14.0,PS,PS,PS,PS,PS,PS,PS,PS,PS,PS,PS,PS,PS,PS,256,99464,74577,143006
110361.0,1125,California Baptist University,"Private, nonprofit",1,4407,Social Work.,3,Bachelor's Degree,0.0,8.0,PS,PS,PS,PS,PS,PS,PS,PS,PS,PS,PS,PS,PS,PS,PS,PS,PS,PS
110361.0,1125,California Baptist University,"Private, nonprofit",1,4407,Social Work.,5,Master's Degree,126.0,138.0,PS,PS,PS,PS,PS,PS,PS,PS,PS,PS,PS,PS,PS,PS,44463,65123,51662,79737
110361.0,1125,California Baptist University,"Private, nonprofit",1,4407,Social Work.,6,Doctoral Degree,0.0,30.0,PS,PS,PS,PS,PS,PS,PS,PS,PS,PS,PS,PS,PS,PS,PS,PS,PS,PS
110361.0,1125,California Baptist University,"Private, nonprofit",1,4502,Anthropology.,3,Bachelor's Degree,3.0,4.0,0,PS,PS,PS,PS,PS,PS,PS,PS,PS,PS,PS,PS,PS,8303,46676,32056,63905
110361.0,1125,California Baptist University,"Private, nonprofit",1,4510,Political Science and Government.,3,Bachelor's Degree,17.0,22.0,4,20,53379,16,PS,PS,PS,PS,PS,PS,PS,PS,PS,18,36628,63293,44760,85406
110361.0,1125,California Baptist University,"Private, nonprofit",1,4511,Sociology.,3,Bachelor's Degree,51.0,30.0,4,40,51977,33,PS,PS,PS,PS,PS,PS,PS,PS,PS,32,31848,52657,37665,69502
110361.0,1125,California Baptist University,"Private, nonprofit",1,4901,Air Transportation.,3,Bachelor's Degree,21.0,36.0,1,PS,PS,PS,PS,PS,PS,PS,PS,PS,PS,PS,PS,PS,4646,85825,61701,118209
110361.0,1125,California Baptist University,"Private, nonprofit",1,5001,"Visual and Performing Arts, General.",3,Bachelor's Degree,,,2,PS,PS,PS,PS,PS,PS,PS,PS,PS,PS,PS,PS,PS,3499,41688,25771,59858
110361.0,1125,California Baptist University,"Private, nonprofit",1,5004,Design and Applied Arts.,3,Bachelor's Degree,60.0,58.0,PS,PS,PS,PS,PS,PS,PS,PS,PS,PS,PS,PS,PS,PS,23871,51490,33006,70612
110361.0,1125,California Baptist University,"Private, nonprofit",1,5004,Design and Applied Arts.,5,Master's Degree,,,PS,PS,PS,PS,PS,PS,PS,PS,PS,PS,PS,PS,PS,PS,1334,70073,44125,102485
110361.0,1125,California Baptist University,"Private, nonprofit",1,5005,Drama/Theatre Arts and Stagecraft.,3,Bachelor's Degree,10.0,2.0,0,PS,PS,PS,PS,PS,PS,PS,PS,PS,PS,PS,PS,PS,14066,39775,25491,55399
110361.0,1125,California Baptist University,"Private, nonprofit",1,5006,Film/Video and Photographic Arts.,3,Bachelor's Degree,27.0,20.0,1,PS,PS,PS,PS,PS,PS,PS,PS,PS,PS,PS,PS,PS,12193,43765,25957,63381
110361.0,1125,California Baptist University,"Private, nonprofit",1,5007,Fine and Studio Arts.,3,Bachelor's Degree,2.0,2.0,PS,PS,PS,PS,PS,PS,PS,PS,PS,PS,PS,PS,PS,PS,PS,PS,PS,PS
110361.0,1125,California Baptist University,"Private, nonprofit",1,5009,Music.,3,Bachelor's Degree,18.0,19.0,2,PS,PS,PS,PS,PS,PS,PS,PS,PS,PS,PS,PS,PS,14715,42892,26048,58755
110361.0,1125,California Baptist University,"Private, nonprofit",1,5009,Music.,5,Master's Degree,12.0,7.0,0,PS,PS,PS,PS,PS,PS,PS,PS,PS,PS,PS,PS,PS,5004,48285,28079,65736
110361.0,1125,California Baptist University,"Private, nonprofit",1,5100,"Health Services/Allied Health/Health Sciences, General.",2,Associate's Degree,0.0,0.0,PS,PS,PS,PS,PS,PS,PS,PS,PS,PS,PS,PS,PS,PS,PS,PS,PS,PS
110361.0,1125,California Baptist University,"Private, nonprofit",1,5100,"Health Services/Allied Health/Health Sciences, General.",3,Bachelor's Degree,38.0,30.0,3,35,67570,27,PS,PS,PS,PS,PS,PS,PS,PS,18,31,14079,61296,42849,82291
110361.0,1125,California Baptist University,"Private, nonprofit",1,5102,Communication Disorders Sciences and Services.,3,Bachelor's Degree,63.0,58.0,2,35,53473,32,PS,PS,PS,PS,PS,PS,PS,PS,16,28,11257,58928,44993,73005
110361.0,1125,California Baptist University,"Private, nonprofit",1,5102,Communication Disorders Sciences and Services.,5,Master's Degree,27.0,27.0,PS,PS,PS,PS,PS,PS,PS,PS,PS,PS,PS,PS,PS,PS,11787,67030,53057,82358
110361.0,1125,California Baptist University,"Private, nonprofit",1,5107,Health and Medical Administrative Services.,3,Bachelor's Degree,37.0,41.0,1,24,53477,20,PS,PS,PS,PS,PS,PS,PS,PS,PS,21,21334,58716,41903,80437
110361.0,1125,California Baptist University,"Private, nonprofit",1,5107,Health and Medical Administrative Services.,5,Master's Degree,0.0,14.0,,,,,,,,,,,,,,,PS,PS,PS,PS
110361.0,1125,California Baptist University,"Private, nonprofit",1,5108,Allied Health and Medical Assisting Services.,2,Associate's Degree,18.0,11.0,PS,PS,PS,PS,PS,PS,PS,PS,PS,PS,PS,PS,PS,PS,PS,PS,PS,PS
110361.0,1125,California Baptist University,"Private, nonprofit",1,5109,"Allied Health Diagnostic, Intervention, and Treatment Professions.",3,Bachelor's Degree,19.0,13.0,PS,PS,PS,PS,PS,PS,PS,PS,PS,PS,PS,PS,PS,PS,PS,PS,PS,PS
110361.0,1125,California Baptist University,"Private, nonprofit",1,5109,"Allied Health Diagnostic, Intervention, and Treatment Professions.",5,Master's Degree,47.0,45.0,0,30,65082,30,PS,PS,PS,PS,PS,PS,PS,PS,PS,20,15912,127347,103242,152756
110361.0,1125,California Baptist University,"Private, nonprofit",1,5111,Health/Medical Preparatory Programs.,3,Bachelor's Degree,5.0,4.0,1,PS,PS,PS,PS,PS,PS,PS,PS,PS,PS,PS,PS,PS,3000,61911,42679,83434
110361.0,1125,California Baptist University,"Private, nonprofit",1,5111,Health/Medical Preparatory Programs.,5,Master's Degree,,,0,PS,PS,PS,PS,PS,PS,PS,PS,PS,PS,PS,PS,PS,125,72125,57659,94171
110361.0,1125,California Baptist University,"Private, nonprofit",1,5120,"Pharmacy, Pharmaceutical Sciences, and Administration.",3,Bachelor's Degree,,0.0,,,,,,,,,,,,,,,PS,PS,PS,PS
110361.0,1125,California Baptist University,"Private, nonprofit",1,5122,Public Health.,3,Bachelor's Degree,32.0,38.0,2,21,49280,16,PS,PS,PS,PS,PS,PS,PS,PS,PS,18,15585,58808,41981,79154
110361.0,1125,California Baptist University,"Private, nonprofit",1,5122,Public Health.,5,Master's Degree,42.0,48.0,0,PS,PS,PS,PS,PS,PS,PS,PS,PS,PS,PS,PS,PS,15061,82751,61518,113501
110361.0,1125,California Baptist University,"Private, nonprofit",1,5138,"Registered Nursing, Nursing Administration, Nursing Research and Clinical Nursing.",2,Associate's Degree,,,PS,PS,PS,PS,PS,PS,PS,PS,PS,PS,PS,PS,PS,PS,88194,80813,61109,103839
110361.0,1125,California Baptist University,"Private, nonprofit",1,5138,"Registered Nursing, Nursing Administration, Nursing Research and Clinical Nursing.",3,Bachelor's Degree,168.0,179.0,9,199,101705,182,146,102459,53,101163,22,119706,176,101612,PS,174,177924,88910,67853,114470
110361.0,1125,California Baptist University,"Private, nonprofit",1,5138,"Registered Nursing, Nursing Administration, Nursing Research and Clinical Nursing.",5,Master's Degree,77.0,46.0,0,39,143804,39,22,148335,16,144840,PS,PS,PS,PS,PS,35,63874,120193,94642,149472
110361.0,1125,California Baptist University,"Private, nonprofit",1,5138,"Registered Nursing, Nursing Administration, Nursing Research and Clinical Nursing.",6,Doctoral Degree,7.0,9.0,PS,PS,PS,PS,PS,PS,PS,PS,PS,PS,PS,PS,PS,PS,8559,138131,106294,185434
110361.0,1125,California Baptist University,"Private, nonprofit",1,5199,"Health Professions and Related Clinical Sciences, Other.",5,Master's Degree,,0.0,,,,,,,,,,,,,,,PS,PS,PS,PS
110361.0,1125,California Baptist University,"Private, nonprofit",1,5201,"Business/Commerce, General.",3,Bachelor's Degree,160.0,,16,252,71107,225,178,68057,74,90142,104,81273,148,67666,46,227,27865,68407,48204,94571
110361.0,1125,California Baptist University,"Private, nonprofit",1,5201,"Business/Commerce, General.",5,Master's Degree,,,3,58,92059,54,36,86278,21,104164,39,94318,18,93284,PS,49,8991,125988,83879,189086
110361.0,1125,California Baptist University,"Private, nonprofit",1,5202,"Business Administration, Management and Operations.",3,Bachelor's Degree,12.0,183.0,1,PS,PS,PS,PS,PS,PS,PS,PS,PS,PS,PS,PS,PS,183303,68257,47618,93584
110361.0,1125,California Baptist University,"Private, nonprofit",1,5202,"Business Administration, Management and Operations.",5,Master's Degree,209.0,196.0,2,31,112524,30,PS,PS,PS,PS,PS,PS,PS,PS,PS,26,122193,103485,69982,153484
110361.0,1125,California Baptist University,"Private, nonprofit",1,5202,"Business Administration, Management and Operations.",6,Doctoral Degree,2.0,15.0,PS,PS,PS,PS,PS,PS,PS,PS,PS,PS,PS,PS,PS,PS,PS,PS,PS,PS
110361.0,1125,California Baptist University,"Private, nonprofit",1,5203,Accounting and Related Services.,3,Bachelor's Degree,32.0,30.0,1,41,81101,39,24,83681,18,75916,PS,PS,21,77652,PS,32,63013,76194,56205,97191
110361.0,1125,California Baptist University,"Private, nonprofit",1,5203,Accounting and Related Services.,5,Master's Degree,17.0,9.0,0,PS,PS,PS,PS,PS,PS,PS,PS,PS,PS,PS,PS,PS,21288,95833,74491,118338
110361.0,1125,California Baptist University,"Private, nonprofit",1,5207,Entrepreneurial and Small Business Operations.,3,Bachelor's Degree,9.0,9.0,PS,PS,PS,PS,PS,PS,PS,PS,PS,PS,PS,PS,PS,PS,3469,61027,38487,88452
110361.0,1125,California Baptist University,"Private, nonprofit",1,5208,Finance and Financial Management Services.,3,Bachelor's Degree,12.0,12.0,PS,PS,PS,PS,PS,PS,PS,PS,PS,PS,PS,PS,PS,PS,43799,83343,60801,111527
110361.0,1125,California Baptist University,"Private, nonprofit",1,5211,International Business.,3,Bachelor's Degree,9.0,15.0,PS,PS,PS,PS,PS,PS,PS,PS,PS,PS,PS,PS,PS,PS,5548,73201,51264,98832
110361.0,1125,California Baptist University,"Private, nonprofit",1,5213,Management Sciences and Quantitative Methods.,3,Bachelor's Degree,0.0,4.0,0,PS,PS,PS,PS,PS,PS,PS,PS,PS,PS,PS,PS,PS,7976,86176,61755,114719
110361.0,1125,California Baptist University,"Private, nonprofit",1,5214,Marketing.,3,Bachelor's Degree,39.0,38.0,2,42,65667,35,PS,PS,18,61716,24,75917,18,57174,PS,32,48162,69303,49728,93152
110361.0,1125,California Baptist University,"Private, nonprofit",1,5401,History.,3,Bachelor's Degree,17.0,17.0,2,21,39706,PS,PS,PS,PS,PS,PS,PS,PS,PS,PS,17,23671,50680,36330,66736
110370.0,1127,California College of the Arts,"Private, nonprofit",1,402,Architecture.,3,Bachelor's Degree,,,5,24,89575,21,PS,PS,PS,PS,PS,PS,PS,PS,PS,17,4504,66914,54236,78634
110370.0,1127,California College of the Arts,"Private, nonprofit",1,402,Architecture.,5,Master's Degree,,,0,25,80251,23,PS,PS,PS,PS,PS,PS,PS,PS,PS,PS,2395,74139,62872,86117
110370.0,1127,California College of the Arts,"Private, nonprofit",1,409,Architectural Sciences and Technology.,3,Bachelor's Degree,17.0,15.0,PS,PS,PS,PS,PS,PS,PS,PS,PS,PS,PS,PS,PS,PS,1232,70074,55479,86857
110370.0,1127,California College of the Arts,"Private, nonprofit",1,409,Architectural Sciences and Technology.,5,Master's Degree,15.0,18.0,PS,PS,PS,PS,PS,PS,PS,PS,PS,PS,PS,PS,PS,PS,1391,77466,64262,90824
110370.0,1127,California College of the Arts,"Private, nonprofit",1,1003,Graphic Communications.,3,Bachelor's Degree,60.0,46.0,3,21,48315,PS,PS,PS,PS,PS,PS,PS,PS,PS,PS,16,3496,43283,27166,64326
110370.0,1127,California College of the Arts,"Private, nonprofit",1,1003,Graphic Communications.,5,Master's Degree,9.0,9.0,1,PS,PS,PS,PS,PS,PS,PS,PS,PS,PS,PS,PS,PS,203,57810,36701,88992
110370.0,1127,California College of the Arts,"Private, nonprofit",1,1108,Computer Software and Media Applications.,3,Bachelor's Degree,38.0,29.0,PS,PS,PS,PS,PS,PS,PS,PS,PS,PS,PS,PS,PS,PS,PS,PS,PS,PS
110370.0,1127,California College of the Arts,"Private, nonprofit",1,2313,Rhetoric and Composition/Writing Studies.,3,Bachelor's Degree,0.0,2.0,1,PS,PS,PS,PS,PS,PS,PS,PS,PS,PS,PS,PS,PS,8509,48471,32167,67306
110370.0,1127,California College of the Arts,"Private, nonprofit",1,2313,Rhetoric and Composition/Writing Studies.,5,Master's Degree,8.0,12.0,7,PS,PS,PS,PS,PS,PS,PS,PS,PS,PS,PS,PS,PS,3795,55035,32717,77712
110370.0,1127,California College of the Arts,"Private, nonprofit",1,3014,Museology/Museum Studies.,5,Master's Degree,4.0,3.0,PS,PS,PS,PS,PS,PS,PS,PS,PS,PS,PS,PS,PS,PS,678,53692,42033,67713
110370.0,1127,California College of the Arts,"Private, nonprofit",1,3031,Human Computer Interaction.,3,Bachelor's Degree,22.0,29.0,PS,PS,PS,PS,PS,PS,PS,PS,PS,PS,PS,PS,PS,PS,747,50526,33459,83092
110370.0,1127,California College of the Arts,"Private, nonprofit",1,3031,Human Computer Interaction.,5,Master's Degree,19.0,56.0,PS,PS,PS,PS,PS,PS,PS,PS,PS,PS,PS,PS,PS,PS,408,115403,72504,165254
110370.0,1127,California College of the Arts,"Private, nonprofit",1,4807,Woodworking.,3,Bachelor's Degree,0.0,4.0,0,PS,PS,PS,PS,PS,PS,PS,PS,PS,PS,PS,PS,PS,39,47488,PS,61355
110370.0,1127,California College of the Arts,"Private, nonprofit",1,5002,"Crafts/Craft Design, Folk Art and Artisanry.",3,Bachelor's Degree,,,0,PS,PS,PS,PS,PS,PS,PS,PS,PS,PS,PS,PS,PS,134,38992,23283,54302
110370.0,1127,California College of the Arts,"Private, nonprofit",1,5004,Design and Applied Arts.,3,Bachelor's Degree,99.0,84.0,17,109,62146,84,78,60265,31,66944,49,60935,60,62630,PS,89,23871,51490,33006,70612
110370.0,1127,California College of the Arts,"Private, nonprofit",1,5004,Design and Applied Arts.,5,Master's Degree,26.0,36.0,2,PS,PS,PS,PS,PS,PS,PS,PS,PS,PS,PS,PS,PS,1334,70073,44125,102485
110370.0,1127,California College of the Arts,"Private, nonprofit",1,5006,Film/Video and Photographic Arts.,3,Bachelor's Degree,41.0,26.0,2,PS,PS,PS,PS,PS,PS,PS,PS,PS,PS,PS,PS,PS,12193,43765,25957,63381
110370.0,1127,California College of the Arts,"Private, nonprofit",1,5006,Film/Video and Photographic Arts.,5,Master's Degree,8.0,11.0,1,PS,PS,PS,PS,PS,PS,PS,PS,PS,PS,PS,PS,PS,1639,51486,27165,77049
110370.0,1127,California College of the Arts,"Private, nonprofit",1,5007,Fine and Studio Arts.,3,Bachelor's Degree,61.0,45.0,9,55,34104,30,36,33964,20,34226,PS,PS,PS,PS,PS,39,26935,41367,26241,56653
110370.0,1127,California College of the Arts,"Private, nonprofit",1,5007,Fine and Studio Arts.,5,Master's Degree,29.0,30.0,11,66,54366,48,26,53000,40,57224,21,51296,44,55070,PS,39,3268,49079,29496,66541
110370.0,1127,California College of the Arts,"Private, nonprofit",1,5202,"Business Administration, Management and Operations.",5,Master's Degree,23.0,10.0,PS,PS,PS,PS,PS,PS,PS,PS,PS,PS,PS,PS,PS,PS,122193,103485,69982,153484
110404.0,1131,California Institute of Technology,"Private, nonprofit",1,1104,Information Science/Studies.,3,Bachelor's Degree,6.0,4.0,PS,PS,PS,PS,PS,PS,PS,PS,PS,PS,PS,PS,PS,PS,PS,PS,PS,PS
110404.0,1131,California Institute of Technology,"Private, nonprofit",1,1107,Computer Science.,3,Bachelor's Degree,77.0,67.0,PS,PS,PS,PS,PS,PS,PS,PS,PS,PS,PS,PS,PS,PS,28067,107009,74830,152038
110404.0,1131,California Institute of Technology,"Private, nonprofit",1,1107,Computer Science.,5,Master's Degree,0.0,1.0,PS,PS,PS,PS,PS,PS,PS,PS,PS,PS,PS,PS,PS,PS,2450,145571,108475,208641
110404.0,1131,California Institute of Technology,"Private, nonprofit",1,1107,Computer Science.,6,Doctoral Degree,1.0,2.0,PS,PS,PS,PS,PS,PS,PS,PS,PS,PS,PS,PS,PS,PS,304,178476,122550,261974
110404.0,1131,California Institute of Technology,"Private, nonprofit",1,1401,"Engineering, General.",3,Bachelor's Degree,1.0,1.0,PS,PS,PS,PS,PS,PS,PS,PS,PS,PS,PS,PS,PS,PS,3262,89359,73449,108835
110404.0,1131,California Institute of Technology,"Private, nonprofit",1,1402,"Aerospace, Aeronautical, and Astronautical/Space Engineering.",5,Master's Degree,24.0,10.0,PS,PS,PS,PS,PS,PS,PS,PS,PS,PS,PS,PS,PS,PS,1079,122434,103582,146717
110404.0,1131,California Institute of Technology,"Private, nonprofit",1,1402,"Aerospace, Aeronautical, and Astronautical/Space Engineering.",6,Doctoral Degree,7.0,12.0,0,PS,PS,PS,PS,PS,PS,PS,PS,PS,PS,PS,PS,PS,163,138660,119925,160608
110404.0,1131,California Institute of Technology,"Private, nonprofit",1,1402,"Aerospace, Aeronautical, and Astronautical/Space Engineering.",8,Graduate/Professional Certificate,0.0,0.0,PS,PS,PS,PS,PS,PS,PS,PS,PS,PS,PS,PS,PS,PS,PS,PS,PS,PS
110404.0,1131,California Institute of Technology,"Private, nonprofit",1,1405,Biomedical/Medical Engineering.,3,Bachelor's Degree,10.0,18.0,0,PS,PS,PS,PS,PS,PS,PS,PS,PS,PS,PS,PS,PS,5726,93451,74134,113859
110404.0,1131,California Institute of Technology,"Private, nonprofit",1,1405,Biomedical/Medical Engineering.,5,Master's Degree,0.0,12.0,PS,PS,PS,PS,PS,PS,PS,PS,PS,PS,PS,PS,PS,PS,1704,106375,84793,130445
110404.0,1131,California Institute of Technology,"Private, nonprofit",1,1405,Biomedical/Medical Engineering.,6,Doctoral Degree,16.0,17.0,0,PS,PS,PS,PS,PS,PS,PS,PS,PS,PS,PS,PS,PS,590,131848,93154,174349
110404.0,1131,California Institute of Technology,"Private, nonprofit",1,1407,Chemical Engineering.,3,Bachelor's Degree,7.0,7.0,1,PS,PS,PS,PS,PS,PS,PS,PS,PS,PS,PS,PS,PS,10079,98158,80300,117974
110404.0,1131,California Institute of Technology,"Private, nonprofit",1,1407,Chemical Engineering.,5,Master's Degree,5.0,4.0,1,PS,PS,PS,PS,PS,PS,PS,PS,PS,PS,PS,PS,PS,710,115468,92260,139894
110404.0,1131,California Institute of Technology,"Private, nonprofit",1,1407,Chemical Engineering.,6,Doctoral Degree,11.0,12.0,1,PS,PS,PS,PS,PS,PS,PS,PS,PS,PS,PS,PS,PS,415,141187,110318,181849
110404.0,1131,California Institute of Technology,"Private, nonprofit",1,1408,Civil Engineering.,5,Master's Degree,1.0,0.0,PS,PS,PS,PS,PS,PS,PS,PS,PS,PS,PS,PS,PS,PS,PS,PS,PS,PS
110404.0,1131,California Institute of Technology,"Private, nonprofit",1,1408,Civil Engineering.,6,Doctoral Degree,1.0,0.0,0,PS,PS,PS,PS,PS,PS,PS,PS,PS,PS,PS,PS,PS,293,110980,87489,147569
110404.0,1131,California Institute of Technology,"Private, nonprofit",1,1408,Civil Engineering.,8,Graduate/Professional Certificate,0.0,0.0,PS,PS,PS,PS,PS,PS,PS,PS,PS,PS,PS,PS,PS,PS,PS,PS,PS,PS
110404.0,1131,California Institute of Technology,"Private, nonprofit",1,1410,"Electrical, Electronics, and Communications Engineering.",3,Bachelor's Degree,15.0,16.0,0,PS,PS,PS,PS,PS,PS,PS,PS,PS,PS,PS,PS,PS,16532,100647,84635,122440
110404.0,1131,California Institute of Technology,"Private, nonprofit",1,1410,"Electrical, Electronics, and Communications Engineering.",5,Master's Degree,15.0,18.0,0,PS,PS,PS,PS,PS,PS,PS,PS,PS,PS,PS,PS,PS,3090,133654,107420,171817
110404.0,1131,California Institute of Technology,"Private, nonprofit",1,1410,"Electrical, Electronics, and Communications Engineering.",6,Doctoral Degree,12.0,9.0,PS,PS,PS,PS,PS,PS,PS,PS,PS,PS,PS,PS,PS,PS,431,157305,129276,205872
110404.0,1131,California Institute of Technology,"Private, nonprofit",1,1410,"Electrical, Electronics, and Communications Engineering.",8,Graduate/Professional Certificate,0.0,1.0,PS,PS,PS,PS,PS,PS,PS,PS,PS,PS,PS,PS,PS,PS,PS,PS,PS,PS
110404.0,1131,California Institute of Technology,"Private, nonprofit",1,1411,Engineering Mechanics.,5,Master's Degree,1.0,0.0,PS,PS,PS,PS,PS,PS,PS,PS,PS,PS,PS,PS,PS,PS,PS,PS,PS,PS
110404.0,1131,California Institute of Technology,"Private, nonprofit",1,1411,Engineering Mechanics.,6,Doctoral Degree,1.0,1.0,PS,PS,PS,PS,PS,PS,PS,PS,PS,PS,PS,PS,PS,PS,PS,PS,PS,PS
110404.0,1131,California Institute of Technology,"Private, nonprofit",1,1412,Engineering Physics.,3,Bachelor's Degree,1.0,0.0,0,PS,PS,PS,PS,PS,PS,PS,PS,PS,PS,PS,PS,PS,PS,PS,PS,PS
110404.0,1131,California Institute of Technology,"Private, nonprofit",1,1412,Engineering Physics.,5,Master's Degree,18.0,18.0,0,PS,PS,PS,PS,PS,PS,PS,PS,PS,PS,PS,PS,PS,65,114121,82350,129504
110404.0,1131,California Institute of Technology,"Private, nonprofit",1,1412,Engineering Physics.,6,Doctoral Degree,11.0,10.0,0,PS,PS,PS,PS,PS,PS,PS,PS,PS,PS,PS,PS,PS,18,139646,90613,220587
110404.0,1131,California Institute of Technology,"Private, nonprofit",1,1414,Environmental/Environmental Health Engineering.,3,Bachelor's Degree,0.0,0.0,0,PS,PS,PS,PS,PS,PS,PS,PS,PS,PS,PS,PS,PS,PS,PS,PS,PS
110404.0,1131,California Institute of Technology,"Private, nonprofit",1,1414,Environmental/Environmental Health Engineering.,5,Master's Degree,4.0,5.0,PS,PS,PS,PS,PS,PS,PS,PS,PS,PS,PS,PS,PS,PS,536,92629,80359,115950
110404.0,1131,California Institute of Technology,"Private, nonprofit",1,1414,Environmental/Environmental Health Engineering.,6,Doctoral Degree,3.0,8.0,0,PS,PS,PS,PS,PS,PS,PS,PS,PS,PS,PS,PS,PS,PS,PS,PS,PS
110404.0,1131,California Institute of Technology,"Private, nonprofit",1,1418,Materials Engineering.,3,Bachelor's Degree,3.0,6.0,0,PS,PS,PS,PS,PS,PS,PS,PS,PS,PS,PS,PS,PS,PS,PS,PS,PS
110404.0,1131,California Institute of Technology,"Private, nonprofit",1,1418,Materials Engineering.,5,Master's Degree,12.0,9.0,PS,PS,PS,PS,PS,PS,PS,PS,PS,PS,PS,PS,PS,PS,476,112282,92894,138293
110404.0,1131,California Institute of Technology,"Private, nonprofit",1,1418,Materials Engineering.,6,Doctoral Degree,7.0,10.0,0,PS,PS,PS,PS,PS,PS,PS,PS,PS,PS,PS,PS,PS,302,130845,107103,164176
110404.0,1131,California Institute of Technology,"Private, nonprofit",1,1418,Materials Engineering.,8,Graduate/Professional Certificate,0.0,0.0,PS,PS,PS,PS,PS,PS,PS,PS,PS,PS,PS,PS,PS,PS,PS,PS,PS,PS
110404.0,1131,California Institute of Technology,"Private, nonprofit",1,1419,Mechanical Engineering.,3,Bachelor's Degree,28.0,36.0,0,PS,PS,PS,PS,PS,PS,PS,PS,PS,PS,PS,PS,PS,36057,92135,77715,109121
110404.0,1131,California Institute of Technology,"Private, nonprofit",1,1419,Mechanical Engineering.,5,Master's Degree,11.0,8.0,0,PS,PS,PS,PS,PS,PS,PS,PS,PS,PS,PS,PS,PS,3775,115974,97429,140629
110404.0,1131,California Institute of Technology,"Private, nonprofit",1,1419,Mechanical Engineering.,6,Doctoral Degree,11.0,13.0,0,PS,PS,PS,PS,PS,PS,PS,PS,PS,PS,PS,PS,PS,522,131070,106875,161760
110404.0,1131,California Institute of Technology,"Private, nonprofit",1,1419,Mechanical Engineering.,8,Graduate/Professional Certificate,0.0,0.0,PS,PS,PS,PS,PS,PS,PS,PS,PS,PS,PS,PS,PS,PS,PS,PS,PS,PS
110404.0,1131,California Institute of Technology,"Private, nonprofit",1,1427,Systems Engineering.,5,Master's Degree,0.0,1.0,0,PS,PS,PS,PS,PS,PS,PS,PS,PS,PS,PS,PS,PS,PS,PS,PS,PS
110404.0,1131,California Institute of Technology,"Private, nonprofit",1,1427,Systems Engineering.,6,Doctoral Degree,1.0,5.0,0,PS,PS,PS,PS,PS,PS,PS,PS,PS,PS,PS,PS,PS,47,162438,130397,217430
110404.0,1131,California Institute of Technology,"Private, nonprofit",1,2301,"English Language and Literature, General.",3,Bachelor's Degree,0.0,0.0,0,PS,PS,PS,PS,PS,PS,PS,PS,PS,PS,PS,PS,PS,PS,PS,PS,PS
110404.0,1131,California Institute of Technology,"Private, nonprofit",1,2601,"Biology, General.",3,Bachelor's Degree,8.0,5.0,1,PS,PS,PS,PS,PS,PS,PS,PS,PS,PS,PS,PS,PS,57101,57214,38929,79199
110404.0,1131,California Institute of Technology,"Private, nonprofit",1,2601,"Biology, General.",5,Master's Degree,2.0,0.0,0,PS,PS,PS,PS,PS,PS,PS,PS,PS,PS,PS,PS,PS,PS,PS,PS,PS
110404.0,1131,California Institute of Technology,"Private, nonprofit",1,2601,"Biology, General.",6,Doctoral Degree,11.0,13.0,1,PS,PS,PS,PS,PS,PS,PS,PS,PS,PS,PS,PS,PS,1183,92983,66390,139917
110404.0,1131,California Institute of Technology,"Private, nonprofit",1,2602,"Biochemistry, Biophysics and Molecular Biology.",5,Master's Degree,1.0,1.0,PS,PS,PS,PS,PS,PS,PS,PS,PS,PS,PS,PS,PS,PS,PS,PS,PS,PS
110404.0,1131,California Institute of Technology,"Private, nonprofit",1,2602,"Biochemistry, Biophysics and Molecular Biology.",6,Doctoral Degree,9.0,8.0,2,PS,PS,PS,PS,PS,PS,PS,PS,PS,PS,PS,PS,PS,647,112683,70874,159820
110404.0,1131,California Institute of Technology,"Private, nonprofit",1,2604,Cell/Cellular Biology and Anatomical Sciences.,6,Doctoral Degree,0.0,2.0,PS,PS,PS,PS,PS,PS,PS,PS,PS,PS,PS,PS,PS,PS,491,99578,68790,149798
110404.0,1131,California Institute of Technology,"Private, nonprofit",1,2605,Microbiological Sciences and Immunology.,6,Doctoral Degree,0.0,2.0,0,PS,PS,PS,PS,PS,PS,PS,PS,PS,PS,PS,PS,PS,PS,PS,PS,PS
110404.0,1131,California Institute of Technology,"Private, nonprofit",1,2608,Genetics.,6,Doctoral Degree,0.0,2.0,PS,PS,PS,PS,PS,PS,PS,PS,PS,PS,PS,PS,PS,PS,PS,PS,PS,PS
110404.0,1131,California Institute of Technology,"Private, nonprofit",1,2615,Neurobiology and Neurosciences.,3,Bachelor's Degree,3.0,9.0,0,PS,PS,PS,PS,PS,PS,PS,PS,PS,PS,PS,PS,PS,3745,62451,40736,88598
110404.0,1131,California Institute of Technology,"Private, nonprofit",1,2615,Neurobiology and Neurosciences.,5,Master's Degree,2.0,2.0,PS,PS,PS,PS,PS,PS,PS,PS,PS,PS,PS,PS,PS,PS,PS,PS,PS,PS
110404.0,1131,California Institute of Technology,"Private, nonprofit",1,2615,Neurobiology and Neurosciences.,6,Doctoral Degree,10.0,7.0,1,PS,PS,PS,PS,PS,PS,PS,PS,PS,PS,PS,PS,PS,505,96176,66743,141523
110404.0,1131,California Institute of Technology,"Private, nonprofit",1,2701,Mathematics.,3,Bachelor's Degree,6.0,11.0,0,PS,PS,PS,PS,PS,PS,PS,PS,PS,PS,PS,PS,PS,15976,69562,49058,97414
110404.0,1131,California Institute of Technology,"Private, nonprofit",1,2701,Mathematics.,5,Master's Degree,1.0,1.0,PS,PS,PS,PS,PS,PS,PS,PS,PS,PS,PS,PS,PS,PS,PS,PS,PS,PS
110404.0,1131,California Institute of Technology,"Private, nonprofit",1,2701,Mathematics.,6,Doctoral Degree,10.0,3.0,1,PS,PS,PS,PS,PS,PS,PS,PS,PS,PS,PS,PS,PS,PS,PS,PS,PS
110404.0,1131,California Institute of Technology,"Private, nonprofit",1,2703,Applied Mathematics.,3,Bachelor's Degree,8.0,14.0,1,PS,PS,PS,PS,PS,PS,PS,PS,PS,PS,PS,PS,PS,2680,91532,63368,127252
110404.0,1131,California Institute of Technology,"Private, nonprofit",1,2703,Applied Mathematics.,5,Master's Degree,0.0,0.0,PS,PS,PS,PS,PS,PS,PS,PS,PS,PS,PS,PS,PS,PS,PS,PS,PS,PS
110404.0,1131,California Institute of Technology,"Private, nonprofit",1,2703,Applied Mathematics.,6,Doctoral Degree,2.0,4.0,PS,PS,PS,PS,PS,PS,PS,PS,PS,PS,PS,PS,PS,PS,PS,PS,PS,PS
110404.0,1131,California Institute of Technology,"Private, nonprofit",1,3008,Mathematics and Computer Science.,5,Master's Degree,1.0,0.0,PS,PS,PS,PS,PS,PS,PS,PS,PS,PS,PS,PS,PS,PS,PS,PS,PS,PS
110404.0,1131,California Institute of Technology,"Private, nonprofit",1,3008,Mathematics and Computer Science.,6,Doctoral Degree,3.0,7.0,PS,PS,PS,PS,PS,PS,PS,PS,PS,PS,PS,PS,PS,PS,PS,PS,PS,PS
110404.0,1131,California Institute of Technology,"Private, nonprofit",1,3099,"Multi/Interdisciplinary Studies, Other.",3,Bachelor's Degree,0.0,0.0,PS,PS,PS,PS,PS,PS,PS,PS,PS,PS,PS,PS,PS,PS,PS,PS,PS,PS
110404.0,1131,California Institute of Technology,"Private, nonprofit",1,3801,Philosophy.,3,Bachelor's Degree,0.0,0.0,PS,PS,PS,PS,PS,PS,PS,PS,PS,PS,PS,PS,PS,PS,PS,PS,PS,PS
110404.0,1131,California Institute of Technology,"Private, nonprofit",1,4002,Astronomy and Astrophysics.,3,Bachelor's Degree,4.0,4.0,0,PS,PS,PS,PS,PS,PS,PS,PS,PS,PS,PS,PS,PS,404,68333,44049,98743
110404.0,1131,California Institute of Technology,"Private, nonprofit",1,4002,Astronomy and Astrophysics.,5,Master's Degree,8.0,16.0,PS,PS,PS,PS,PS,PS,PS,PS,PS,PS,PS,PS,PS,PS,58,76398,59034,PS
110404.0,1131,California Institute of Technology,"Private, nonprofit",1,4002,Astronomy and Astrophysics.,6,Doctoral Degree,12.0,7.0,0,PS,PS,PS,PS,PS,PS,PS,PS,PS,PS,PS,PS,PS,90,92233,71369,146296
110404.0,1131,California Institute of Technology,"Private, nonprofit",1,4005,Chemistry.,3,Bachelor's Degree,11.0,7.0,0,PS,PS,PS,PS,PS,PS,PS,PS,PS,PS,PS,PS,PS,10453,65120,48307,84018
110404.0,1131,California Institute of Technology,"Private, nonprofit",1,4005,Chemistry.,5,Master's Degree,6.0,8.0,0,PS,PS,PS,PS,PS,PS,PS,PS,PS,PS,PS,PS,PS,1187,82937,60941,109811
110404.0,1131,California Institute of Technology,"Private, nonprofit",1,4005,Chemistry.,6,Doctoral Degree,31.0,39.0,2,21,133219,21,PS,PS,PS,PS,PS,PS,PS,PS,PS,PS,1894,115386,83589,152460
110404.0,1131,California Institute of Technology,"Private, nonprofit",1,4006,Geological and Earth Sciences/Geosciences.,3,Bachelor's Degree,1.0,1.0,0,PS,PS,PS,PS,PS,PS,PS,PS,PS,PS,PS,PS,PS,6193,60190,44343,77573
110404.0,1131,California Institute of Technology,"Private, nonprofit",1,4006,Geological and Earth Sciences/Geosciences.,5,Master's Degree,14.0,15.0,1,PS,PS,PS,PS,PS,PS,PS,PS,PS,PS,PS,PS,PS,1356,79463,59785,103530
110404.0,1131,California Institute of Technology,"Private, nonprofit",1,4006,Geological and Earth Sciences/Geosciences.,6,Doctoral Degree,11.0,6.0,0,PS,PS,PS,PS,PS,PS,PS,PS,PS,PS,PS,PS,PS,509,92039,69189,121816
110404.0,1131,California Institute of Technology,"Private, nonprofit",1,4008,Physics.,3,Bachelor's Degree,27.0,26.0,0,PS,PS,PS,PS,PS,PS,PS,PS,PS,PS,PS,PS,PS,5602,76786,51777,102948
110404.0,1131,California Institute of Technology,"Private, nonprofit",1,4008,Physics.,5,Master's Degree,13.0,20.0,0,PS,PS,PS,PS,PS,PS,PS,PS,PS,PS,PS,PS,PS,722,96478,63485,130121
110404.0,1131,California Institute of Technology,"Private, nonprofit",1,4008,Physics.,6,Doctoral Degree,20.0,24.0,2,PS,PS,PS,PS,PS,PS,PS,PS,PS,PS,PS,PS,PS,854,130153,87633,170254
110404.0,1131,California Institute of Technology,"Private, nonprofit",1,4506,Economics.,3,Bachelor's Degree,0.0,0.0,0,PS,PS,PS,PS,PS,PS,PS,PS,PS,PS,PS,PS,PS,28744,82686,58184,116323
110404.0,1131,California Institute of Technology,"Private, nonprofit",1,4506,Economics.,5,Master's Degree,0.0,6.0,PS,PS,PS,PS,PS,PS,PS,PS,PS,PS,PS,PS,PS,PS,PS,PS,PS,PS
110404.0,1131,California Institute of Technology,"Private, nonprofit",1,4506,Economics.,6,Doctoral Degree,3.0,5.0,PS,PS,PS,PS,PS,PS,PS,PS,PS,PS,PS,PS,PS,PS,PS,PS,PS,PS
110404.0,1131,California Institute of Technology,"Private, nonprofit",1,4510,Political Science and Government.,3,Bachelor's Degree,0.0,0.0,PS,PS,PS,PS,PS,PS,PS,PS,PS,PS,PS,PS,PS,PS,PS,PS,PS,PS
110404.0,1131,California Institute of Technology,"Private, nonprofit",1,5206,Business/Managerial Economics.,3,Bachelor's Degree,2.0,0.0,0,PS,PS,PS,PS,PS,PS,PS,PS,PS,PS,PS,PS,PS,5426,77981,55058,106683
110404.0,1131,California Institute of Technology,"Private, nonprofit",1,5401,History.,3,Bachelor's Degree,0.0,1.0,0,PS,PS,PS,PS,PS,PS,PS,PS,PS,PS,PS,PS,PS,23671,50680,36330,66736
110413.0,1133,California Lutheran University,"Private, nonprofit",1,301,Natural Resources Conservation and Research.,3,Bachelor's Degree,12.0,16.0,0,PS,PS,PS,PS,PS,PS,PS,PS,PS,PS,PS,PS,PS,15907,55012,39435,72794
110413.0,1133,California Lutheran University,"Private, nonprofit",1,502,"Ethnic, Cultural Minority, Gender, and Group Studies.",3,Bachelor's Degree,1.0,1.0,,,,,,,,,,,,,,,PS,PS,PS,PS
110413.0,1133,California Lutheran University,"Private, nonprofit",1,901,Communication and Media Studies.,3,Bachelor's Degree,52.0,43.0,2,74,53593,56,24,56367,49,54858,23,52777,50,54115,PS,62,61357,56359,39575,76115
110413.0,1133,California Lutheran University,"Private, nonprofit",1,909,"Public Relations, Advertising, and Applied Communication.",3,Bachelor's Degree,33.0,24.0,,,,,,,,,,,,,,,PS,PS,PS,PS
110413.0,1133,California Lutheran University,"Private, nonprofit",1,999,"Communication, Journalism, and Related Programs, Other.",3,Bachelor's Degree,,,1,31,65117,30,PS,PS,PS,PS,PS,PS,PS,PS,PS,24,1349,55384,39832,74512
110413.0,1133,California Lutheran University,"Private, nonprofit",1,1101,"Computer and Information Sciences, General.",5,Master's Degree,26.0,26.0,PS,PS,PS,PS,PS,PS,PS,PS,PS,PS,PS,PS,PS,PS,PS,PS,PS,PS
110413.0,1133,California Lutheran University,"Private, nonprofit",1,1101,"Computer and Information Sciences, General.",8,Graduate/Professional Certificate,2.0,,,,,,,,,,,,,,,,PS,PS,PS,PS
110413.0,1133,California Lutheran University,"Private, nonprofit",1,1104,Information Science/Studies.,3,Bachelor's Degree,4.0,10.0,0,PS,PS,PS,PS,PS,PS,PS,PS,PS,PS,PS,PS,PS,10230,85294,59774,116854
110413.0,1133,California Lutheran University,"Private, nonprofit",1,1104,Information Science/Studies.,5,Master's Degree,,,PS,PS,PS,PS,PS,PS,PS,PS,PS,PS,PS,PS,PS,PS,3532,112705,75540,153142
110413.0,1133,California Lutheran University,"Private, nonprofit",1,1107,Computer Science.,3,Bachelor's Degree,33.0,26.0,2,24,91699,22,PS,PS,PS,PS,PS,PS,PS,PS,PS,23,28067,107009,74830,152038
110413.0,1133,California Lutheran University,"Private, nonprofit",1,1107,Computer Science.,5,Master's Degree,,,0,PS,PS,PS,PS,PS,PS,PS,PS,PS,PS,PS,PS,PS,2450,145571,108475,208641
110413.0,1133,California Lutheran University,"Private, nonprofit",1,1301,"Education, General.",5,Master's Degree,41.0,40.0,,,,,,,,,,,,,,,PS,PS,PS,PS
110413.0,1133,California Lutheran University,"Private, nonprofit",1,1304,Educational Administration and Supervision.,5,Master's Degree,17.0,20.0,3,98,94831,96,37,94813,60,95131,27,90077,71,97113,PS,90,32412,71685,57739,90151
110413.0,1133,California Lutheran University,"Private, nonprofit",1,1304,Educational Administration and Supervision.,6,Doctoral Degree,,,1,17,126913,16,PS,PS,PS,PS,PS,PS,PS,PS,PS,PS,7878,100573,76116,135360
110413.0,1133,California Lutheran University,"Private, nonprofit",1,1304,Educational Administration and Supervision.,7,First Professional Degree,20.0,14.0,PS,PS,PS,PS,PS,PS,PS,PS,PS,PS,PS,PS,PS,PS,PS,PS,PS,PS
110413.0,1133,California Lutheran University,"Private, nonprofit",1,1304,Educational Administration and Supervision.,99,Non-Credential Program (Preparatory Coursework/Teacher Certification),,,,,,,,,,,,,,,,,514,90560,69507,117595
110413.0,1133,California Lutheran University,"Private, nonprofit",1,1310,Special Education and Teaching.,5,Master's Degree,23.0,25.0,1,16,80821,16,PS,PS,PS,PS,PS,PS,PS,PS,PS,16,21493,64397,52390,79764
110413.0,1133,California Lutheran University,"Private, nonprofit",1,1310,Special Education and Teaching.,99,Non-Credential Program (Preparatory Coursework/Teacher Certification),,,,,,,,,,,,,,,,,304,70406,57253,85837
110413.0,1133,California Lutheran University,"Private, nonprofit",1,1311,Student Counseling and Personnel Services.,5,Master's Degree,53.0,78.0,1,37,69710,35,PS,PS,PS,PS,PS,PS,PS,PS,PS,34,15495,60111,48192,74890
110413.0,1133,California Lutheran University,"Private, nonprofit",1,1312,"Teacher Education and Professional Development, Specific Levels and Methods.",5,Master's Degree,,,0,PS,PS,PS,PS,PS,PS,PS,PS,PS,PS,PS,PS,PS,30920,59916,48965,72958
110413.0,1133,California Lutheran University,"Private, nonprofit",1,1403,Agricultural Engineering.,3,Bachelor's Degree,,,0,PS,PS,PS,PS,PS,PS,PS,PS,PS,PS,PS,PS,PS,1167,84624,67932,103936
110413.0,1133,California Lutheran University,"Private, nonprofit",1,1405,Biomedical/Medical Engineering.,3,Bachelor's Degree,,1.0,,,,,,,,,,,,,,,PS,PS,PS,PS
110413.0,1133,California Lutheran University,"Private, nonprofit",1,1605,"Germanic Languages, Literatures, and Linguistics.",3,Bachelor's Degree,,2.0,PS,PS,PS,PS,PS,PS,PS,PS,PS,PS,PS,PS,PS,PS,PS,PS,PS,PS
110413.0,1133,California Lutheran University,"Private, nonprofit",1,1609,"Romance Languages, Literatures, and Linguistics.",3,Bachelor's Degree,17.0,27.0,0,PS,PS,PS,PS,PS,PS,PS,PS,PS,PS,PS,PS,PS,10363,55000,38411,73324
110413.0,1133,California Lutheran University,"Private, nonprofit",1,2301,"English Language and Literature, General.",3,Bachelor's Degree,11.0,11.0,1,PS,PS,PS,PS,PS,PS,PS,PS,PS,PS,PS,PS,PS,33025,48590,33654,63810
110413.0,1133,California Lutheran University,"Private, nonprofit",1,2401,"Liberal Arts and Sciences, General Studies and Humanities.",3,Bachelor's Degree,37.0,24.0,2,24,59025,20,PS,PS,PS,PS,PS,PS,PS,PS,PS,19,50554,53072,35750,73322
110413.0,1133,California Lutheran University,"Private, nonprofit",1,2401,"Liberal Arts and Sciences, General Studies and Humanities.",99,Non-Credential Program (Preparatory Coursework/Teacher Certification),,,,,,,,,,,,,,,,,2539,56308,37516,77402
110413.0,1133,California Lutheran University,"Private, nonprofit",1,2601,"Biology, General.",3,Bachelor's Degree,59.0,46.0,3,28,77378,24,PS,PS,PS,PS,PS,PS,PS,PS,PS,22,57101,57214,38929,79199
110413.0,1133,California Lutheran University,"Private, nonprofit",1,2602,"Biochemistry, Biophysics and Molecular Biology.",3,Bachelor's Degree,19.0,10.0,0,PS,PS,PS,PS,PS,PS,PS,PS,PS,PS,PS,PS,PS,6319,65466,44889,88432
110413.0,1133,California Lutheran University,"Private, nonprofit",1,2610,Pharmacology and Toxicology.,3,Bachelor's Degree,,,PS,PS,PS,PS,PS,PS,PS,PS,PS,PS,PS,PS,PS,PS,183,68883,50740,92819
110413.0,1133,California Lutheran University,"Private, nonprofit",1,2701,Mathematics.,3,Bachelor's Degree,6.0,7.0,0,PS,PS,PS,PS,PS,PS,PS,PS,PS,PS,PS,PS,PS,15976,69562,49058,97414
110413.0,1133,California Lutheran University,"Private, nonprofit",1,3000,"Multi-/Interdisciplinary Studies, General.",3,Bachelor's Degree,1.0,4.0,,,,,,,,,,,,,,,PS,PS,PS,PS
110413.0,1133,California Lutheran University,"Private, nonprofit",1,3099,"Multi/Interdisciplinary Studies, Other.",3,Bachelor's Degree,,2.0,0,PS,PS,PS,PS,PS,PS,PS,PS,PS,PS,PS,PS,PS,27598,55693,40311,72165
110413.0,1133,California Lutheran University,"Private, nonprofit",1,3105,"Sports, Kinesiology, and Physical Education/Fitness.",3,Bachelor's Degree,60.0,62.0,1,46,56496,40,16,54091,30,58948,29,56928,18,55302,22,36,48463,54562,39049,73020
110413.0,1133,California Lutheran University,"Private, nonprofit",1,3801,Philosophy.,3,Bachelor's Degree,10.0,6.0,0,PS,PS,PS,PS,PS,PS,PS,PS,PS,PS,PS,PS,PS,6085,54455,34926,78043
110413.0,1133,California Lutheran University,"Private, nonprofit",1,3802,Religion/Religious Studies.,3,Bachelor's Degree,3.0,3.0,0,PS,PS,PS,PS,PS,PS,PS,PS,PS,PS,PS,PS,PS,5310,41390,20518,65165
110413.0,1133,California Lutheran University,"Private, nonprofit",1,3906,Theological and Ministerial Studies.,5,Master's Degree,11.0,9.0,0,PS,PS,PS,PS,PS,PS,PS,PS,PS,PS,PS,PS,PS,6997,61300,40587,91229
110413.0,1133,California Lutheran University,"Private, nonprofit",1,3906,Theological and Ministerial Studies.,8,Graduate/Professional Certificate,,1.0,0,PS,PS,PS,PS,PS,PS,PS,PS,PS,PS,PS,PS,PS,70,65779,41125,95244
110413.0,1133,California Lutheran University,"Private, nonprofit",1,4005,Chemistry.,3,Bachelor's Degree,10.0,6.0,0,PS,PS,PS,PS,PS,PS,PS,PS,PS,PS,PS,PS,PS,10453,65120,48307,84018
110413.0,1133,California Lutheran University,"Private, nonprofit",1,4006,Geological and Earth Sciences/Geosciences.,3,Bachelor's Degree,2.0,,0,PS,PS,PS,PS,PS,PS,PS,PS,PS,PS,PS,PS,PS,6193,60190,44343,77573
110413.0,1133,California Lutheran University,"Private, nonprofit",1,4008,Physics.,3,Bachelor's Degree,8.0,8.0,0,PS,PS,PS,PS,PS,PS,PS,PS,PS,PS,PS,PS,PS,5602,76786,51777,102948
110413.0,1133,California Lutheran University,"Private, nonprofit",1,4201,"Psychology, General.",3,Bachelor's Degree,116.0,100.0,9,74,62074,60,43,64115,31,54097,PS,PS,PS,PS,23,65,102536,50706,35740,67229
110413.0,1133,California Lutheran University,"Private, nonprofit",1,4228,"Clinical, Counseling and Applied Psychology.",3,Bachelor's Degree,,,PS,PS,PS,PS,PS,PS,PS,PS,PS,PS,PS,PS,PS,PS,3881,50523,35237,66891
110413.0,1133,California Lutheran University,"Private, nonprofit",1,4228,"Clinical, Counseling and Applied Psychology.",5,Master's Degree,20.0,15.0,0,PS,PS,PS,PS,PS,PS,PS,PS,PS,PS,PS,PS,PS,22438,65184,47881,83770
110413.0,1133,California Lutheran University,"Private, nonprofit",1,4228,"Clinical, Counseling and Applied Psychology.",6,Doctoral Degree,,,0,PS,PS,PS,PS,PS,PS,PS,PS,PS,PS,PS,PS,PS,5714,99878,69652,126700
110413.0,1133,California Lutheran University,"Private, nonprofit",1,4228,"Clinical, Counseling and Applied Psychology.",7,First Professional Degree,9.0,15.0,PS,PS,PS,PS,PS,PS,PS,PS,PS,PS,PS,PS,PS,PS,PS,PS,PS,PS
110413.0,1133,California Lutheran University,"Private, nonprofit",1,4301,Criminal Justice and Corrections.,3,Bachelor's Degree,,,1,44,67177,39,27,64283,17,75916,21,56767,23,76863,PS,33,65120,55378,40158,74359
110413.0,1133,California Lutheran University,"Private, nonprofit",1,4404,Public Administration.,5,Master's Degree,,,0,20,62241,18,PS,PS,PS,PS,PS,PS,PS,PS,PS,PS,13451,81408,60052,109056
110413.0,1133,California Lutheran University,"Private, nonprofit",1,4405,Public Policy Analysis.,5,Master's Degree,28.0,13.0,PS,PS,PS,PS,PS,PS,PS,PS,PS,PS,PS,PS,PS,PS,PS,PS,PS,PS
110413.0,1133,California Lutheran University,"Private, nonprofit",1,4504,Criminology.,3,Bachelor's Degree,38.0,52.0,PS,PS,PS,PS,PS,PS,PS,PS,PS,PS,PS,PS,PS,PS,PS,PS,PS,PS
110413.0,1133,California Lutheran University,"Private, nonprofit",1,4506,Economics.,3,Bachelor's Degree,8.0,3.0,0,PS,PS,PS,PS,PS,PS,PS,PS,PS,PS,PS,PS,PS,28744,82686,58184,116323
110413.0,1133,California Lutheran University,"Private, nonprofit",1,4506,Economics.,5,Master's Degree,4.0,7.0,2,PS,PS,PS,PS,PS,PS,PS,PS,PS,PS,PS,PS,PS,1664,100743,74382,133995
110413.0,1133,California Lutheran University,"Private, nonprofit",1,4509,International Relations and National Security Studies.,3,Bachelor's Degree,3.0,4.0,0,PS,PS,PS,PS,PS,PS,PS,PS,PS,PS,PS,PS,PS,8070,66596,46031,87798
110413.0,1133,California Lutheran University,"Private, nonprofit",1,4510,Political Science and Government.,3,Bachelor's Degree,24.0,31.0,4,21,57657,17,PS,PS,PS,PS,PS,PS,PS,PS,PS,PS,36628,63293,44760,85406
110413.0,1133,California Lutheran University,"Private, nonprofit",1,4511,Sociology.,3,Bachelor's Degree,10.0,16.0,0,PS,PS,PS,PS,PS,PS,PS,PS,PS,PS,PS,PS,PS,31848,52657,37665,69502
110413.0,1133,California Lutheran University,"Private, nonprofit",1,5005,Drama/Theatre Arts and Stagecraft.,3,Bachelor's Degree,10.0,3.0,0,PS,PS,PS,PS,PS,PS,PS,PS,PS,PS,PS,PS,PS,14066,39775,25491,55399
110413.0,1133,California Lutheran University,"Private, nonprofit",1,5006,Film/Video and Photographic Arts.,3,Bachelor's Degree,12.0,11.0,PS,PS,PS,PS,PS,PS,PS,PS,PS,PS,PS,PS,PS,PS,PS,PS,PS,PS
110413.0,1133,California Lutheran University,"Private, nonprofit",1,5007,Fine and Studio Arts.,3,Bachelor's Degree,24.0,30.0,0,PS,PS,PS,PS,PS,PS,PS,PS,PS,PS,PS,PS,PS,26935,41367,26241,56653
110413.0,1133,California Lutheran University,"Private, nonprofit",1,5009,Music.,3,Bachelor's Degree,16.0,24.0,2,PS,PS,PS,PS,PS,PS,PS,PS,PS,PS,PS,PS,PS,14715,42892,26048,58755
110413.0,1133,California Lutheran University,"Private, nonprofit",1,5115,Mental and Social Health Services and Allied Professions.,5,Master's Degree,33.0,41.0,1,36,63049,27,PS,PS,PS,PS,PS,PS,PS,PS,PS,35,15919,59571,41812,76123
110413.0,1133,California Lutheran University,"Private, nonprofit",1,5202,"Business Administration, Management and Operations.",3,Bachelor's Degree,112.0,147.0,5,114,77556,101,56,78180,58,77681,62,78192,52,76551,PS,94,183303,68257,47618,93584
110413.0,1133,California Lutheran University,"Private, nonprofit",1,5202,"Business Administration, Management and Operations.",4,Post-baccalaureate Certificate,,,PS,PS,PS,PS,PS,PS,PS,PS,PS,PS,PS,PS,PS,PS,266,104114,64744,140477
110413.0,1133,California Lutheran University,"Private, nonprofit",1,5202,"Business Administration, Management and Operations.",5,Master's Degree,93.0,82.0,1,PS,PS,PS,PS,PS,PS,PS,PS,PS,PS,PS,PS,PS,122193,103485,69982,153484
110413.0,1133,California Lutheran University,"Private, nonprofit",1,5202,"Business Administration, Management and Operations.",8,Graduate/Professional Certificate,2.0,3.0,PS,PS,PS,PS,PS,PS,PS,PS,PS,PS,PS,PS,PS,PS,PS,PS,PS,PS
110413.0,1133,California Lutheran University,"Private, nonprofit",1,5202,"Business Administration, Management and Operations.",99,Non-Credential Program (Preparatory Coursework/Teacher Certification),,,,,,,,,,,,,,,,,708,62426,37750,88220
110413.0,1133,California Lutheran University,"Private, nonprofit",1,5203,Accounting and Related Services.,3,Bachelor's Degree,28.0,28.0,2,42,77276,37,25,76260,16,76012,16,75858,27,79405,PS,41,63013,76194,56205,97191
110413.0,1133,California Lutheran University,"Private, nonprofit",1,5207,Entrepreneurial and Small Business Operations.,5,Master's Degree,2.0,3.0,0,PS,PS,PS,PS,PS,PS,PS,PS,PS,PS,PS,PS,PS,633,97366,58036,169032
110413.0,1133,California Lutheran University,"Private, nonprofit",1,5208,Finance and Financial Management Services.,4,Post-baccalaureate Certificate,,,,,,,,,,,,,,,,,37,124255,82647,PS
110413.0,1133,California Lutheran University,"Private, nonprofit",1,5208,Finance and Financial Management Services.,5,Master's Degree,43.0,31.0,2,23,118504,24,PS,PS,PS,PS,PS,PS,PS,PS,PS,21,3403,110694,75597,157777
110413.0,1133,California Lutheran University,"Private, nonprofit",1,5208,Finance and Financial Management Services.,8,Graduate/Professional Certificate,4.0,1.0,PS,PS,PS,PS,PS,PS,PS,PS,PS,PS,PS,PS,PS,PS,PS,PS,PS,PS
110413.0,1133,California Lutheran University,"Private, nonprofit",1,5209,Hospitality Administration/Management.,3,Bachelor's Degree,4.0,2.0,,,,,,,,,,,,,,,PS,PS,PS,PS
110413.0,1133,California Lutheran University,"Private, nonprofit",1,5210,Human Resources Management and Services.,5,Master's Degree,4.0,4.0,0,PS,PS,PS,PS,PS,PS,PS,PS,PS,PS,PS,PS,PS,10576,83558,58145,115680
110413.0,1133,California Lutheran University,"Private, nonprofit",1,5210,Human Resources Management and Services.,8,Graduate/Professional Certificate,3.0,2.0,PS,PS,PS,PS,PS,PS,PS,PS,PS,PS,PS,PS,PS,PS,PS,PS,PS,PS
110413.0,1133,California Lutheran University,"Private, nonprofit",1,5211,International Business.,5,Master's Degree,2.0,5.0,0,PS,PS,PS,PS,PS,PS,PS,PS,PS,PS,PS,PS,PS,1060,97121,64056,143157
110413.0,1133,California Lutheran University,"Private, nonprofit",1,5211,International Business.,8,Graduate/Professional Certificate,2.0,,PS,PS,PS,PS,PS,PS,PS,PS,PS,PS,PS,PS,PS,PS,PS,PS,PS,PS
110413.0,1133,California Lutheran University,"Private, nonprofit",1,5212,Management Information Systems and Services.,5,Master's Degree,6.0,6.0,0,PS,PS,PS,PS,PS,PS,PS,PS,PS,PS,PS,PS,PS,3088,106092,75383,146355
110413.0,1133,California Lutheran University,"Private, nonprofit",1,5212,Management Information Systems and Services.,8,Graduate/Professional Certificate,,1.0,,,,,,,,,,,,,,,PS,PS,PS,PS
110413.0,1133,California Lutheran University,"Private, nonprofit",1,5213,Management Sciences and Quantitative Methods.,3,Bachelor's Degree,26.0,16.0,2,PS,PS,PS,PS,PS,PS,PS,PS,PS,PS,PS,PS,PS,7976,86176,61755,114719
110413.0,1133,California Lutheran University,"Private, nonprofit",1,5213,Management Sciences and Quantitative Methods.,5,Master's Degree,9.0,14.0,PS,PS,PS,PS,PS,PS,PS,PS,PS,PS,PS,PS,PS,PS,PS,PS,PS,PS
110413.0,1133,California Lutheran University,"Private, nonprofit",1,5214,Marketing.,5,Master's Degree,24.0,11.0,0,PS,PS,PS,PS,PS,PS,PS,PS,PS,PS,PS,PS,PS,2348,79106,52679,116591
110413.0,1133,California Lutheran University,"Private, nonprofit",1,5214,Marketing.,8,Graduate/Professional Certificate,2.0,1.0,PS,PS,PS,PS,PS,PS,PS,PS,PS,PS,PS,PS,PS,PS,PS,PS,PS,PS
110413.0,1133,California Lutheran University,"Private, nonprofit",1,5401,History.,3,Bachelor's Degree,7.0,10.0,0,PS,PS,PS,PS,PS,PS,PS,PS,PS,PS,PS,PS,PS,23671,50680,36330,66736
110778.0,22676,Sofia University,"Private, for-profit",1,1107,Computer Science.,5,Master's Degree,10.0,4.0,PS,PS,PS,PS,PS,PS,PS,PS,PS,PS,PS,PS,PS,PS,PS,PS,PS,PS
110778.0,22676,Sofia University,"Private, for-profit",1,4228,"Clinical, Counseling and Applied Psychology.",6,Doctoral Degree,,,0,PS,PS,PS,PS,PS,PS,PS,PS,PS,PS,PS,PS,PS,5714,99878,69652,126700
110778.0,22676,Sofia University,"Private, for-profit",1,4228,"Clinical, Counseling and Applied Psychology.",7,First Professional Degree,0.0,2.0,PS,PS,PS,PS,PS,PS,PS,PS,PS,PS,PS,PS,PS,PS,PS,PS,PS,PS
110778.0,22676,Sofia University,"Private, for-profit",1,4299,"Psychology, Other.",3,Bachelor's Degree,1.0,3.0,0,PS,PS,PS,PS,PS,PS,PS,PS,PS,PS,PS,PS,PS,799,50748,28947,70116
110778.0,22676,Sofia University,"Private, for-profit",1,4299,"Psychology, Other.",5,Master's Degree,13.0,83.0,2,PS,PS,PS,PS,PS,PS,PS,PS,PS,PS,PS,PS,PS,2540,61796,42814,83633
110778.0,22676,Sofia University,"Private, for-profit",1,4299,"Psychology, Other.",6,Doctoral Degree,4.0,7.0,1,PS,PS,PS,PS,PS,PS,PS,PS,PS,PS,PS,PS,PS,201,100857,55072,125508
110778.0,22676,Sofia University,"Private, for-profit",1,4299,"Psychology, Other.",8,Graduate/Professional Certificate,13.0,1.0,PS,PS,PS,PS,PS,PS,PS,PS,PS,PS,PS,PS,PS,PS,PS,PS,PS,PS
110778.0,22676,Sofia University,"Private, for-profit",1,5202,"Business Administration, Management and Operations.",5,Master's Degree,612.0,283.0,PS,PS,PS,PS,PS,PS,PS,PS,PS,PS,PS,PS,PS,PS,PS,PS,PS,PS
111081.0,1132,California Institute of the Arts,"Private, nonprofit",1,907,"Radio, Television, and Digital Communication.",5,Master's Degree,6.0,16.0,PS,PS,PS,PS,PS,PS,PS,PS,PS,PS,PS,PS,PS,PS,PS,PS,PS,PS
111081.0,1132,California Institute of the Arts,"Private, nonprofit",1,1003,Graphic Communications.,3,Bachelor's Degree,54.0,35.0,PS,PS,PS,PS,PS,PS,PS,PS,PS,PS,PS,PS,PS,PS,PS,PS,PS,PS
111081.0,1132,California Institute of the Arts,"Private, nonprofit",1,1003,Graphic Communications.,5,Master's Degree,16.0,15.0,PS,PS,PS,PS,PS,PS,PS,PS,PS,PS,PS,PS,PS,PS,PS,PS,PS,PS
111081.0,1132,California Institute of the Arts,"Private, nonprofit",1,1108,Computer Software and Media Applications.,3,Bachelor's Degree,6.0,7.0,PS,PS,PS,PS,PS,PS,PS,PS,PS,PS,PS,PS,PS,PS,PS,PS,PS,PS
111081.0,1132,California Institute of the Arts,"Private, nonprofit",1,1108,Computer Software and Media Applications.,5,Master's Degree,8.0,19.0,PS,PS,PS,PS,PS,PS,PS,PS,PS,PS,PS,PS,PS,PS,1236,120083,84035,163199
111081.0,1132,California Institute of the Arts,"Private, nonprofit",1,2313,Rhetoric and Composition/Writing Studies.,5,Master's Degree,8.0,20.0,1,23,50363,PS,PS,PS,PS,PS,PS,PS,PS,PS,PS,PS,3795,55035,32717,77712
111081.0,1132,California Institute of the Arts,"Private, nonprofit",1,3026,Cultural Studies/Critical Theory and Analysis.,5,Master's Degree,6.0,7.0,0,PS,PS,PS,PS,PS,PS,PS,PS,PS,PS,PS,PS,PS,46,61087,33307,83152
111081.0,1132,California Institute of the Arts,"Private, nonprofit",1,5003,Dance.,3,Bachelor's Degree,11.0,13.0,2,16,45119,PS,PS,PS,PS,PS,PS,PS,PS,PS,PS,PS,2823,39980,24910,57333
111081.0,1132,California Institute of the Arts,"Private, nonprofit",1,5003,Dance.,5,Master's Degree,6.0,8.0,0,PS,PS,PS,PS,PS,PS,PS,PS,PS,PS,PS,PS,PS,242,55404,29626,74645
111081.0,1132,California Institute of the Arts,"Private, nonprofit",1,5004,Design and Applied Arts.,3,Bachelor's Degree,15.0,12.0,1,PS,PS,PS,PS,PS,PS,PS,PS,PS,PS,PS,PS,PS,23871,51490,33006,70612
111081.0,1132,California Institute of the Arts,"Private, nonprofit",1,5004,Design and Applied Arts.,5,Master's Degree,,,0,PS,PS,PS,PS,PS,PS,PS,PS,PS,PS,PS,PS,PS,1334,70073,44125,102485
111081.0,1132,California Institute of the Arts,"Private, nonprofit",1,5005,Drama/Theatre Arts and Stagecraft.,3,Bachelor's Degree,31.0,36.0,2,41,35299,24,24,27717,17,45871,19,30226,22,46767,PS,27,14066,39775,25491,55399
111081.0,1132,California Institute of the Arts,"Private, nonprofit",1,5005,Drama/Theatre Arts and Stagecraft.,5,Master's Degree,21.0,19.0,4,38,32874,20,PS,PS,PS,PS,17,54369,PS,PS,PS,28,2137,49978,29233,69322
111081.0,1132,California Institute of the Arts,"Private, nonprofit",1,5006,Film/Video and Photographic Arts.,3,Bachelor's Degree,21.0,28.0,9,PS,PS,PS,PS,PS,PS,PS,PS,PS,PS,PS,PS,PS,12193,43765,25957,63381
111081.0,1132,California Institute of the Arts,"Private, nonprofit",1,5006,Film/Video and Photographic Arts.,5,Master's Degree,31.0,38.0,6,36,36024,19,18,26039,19,44775,PS,PS,PS,PS,PS,24,1639,51486,27165,77049
111081.0,1132,California Institute of the Arts,"Private, nonprofit",1,5007,Fine and Studio Arts.,3,Bachelor's Degree,17.0,19.0,7,PS,PS,PS,PS,PS,PS,PS,PS,PS,PS,PS,PS,PS,26935,41367,26241,56653
111081.0,1132,California Institute of the Arts,"Private, nonprofit",1,5007,Fine and Studio Arts.,5,Master's Degree,20.0,25.0,3,PS,PS,PS,PS,PS,PS,PS,PS,PS,PS,PS,PS,PS,3268,49079,29496,66541
111081.0,1132,California Institute of the Arts,"Private, nonprofit",1,5009,Music.,3,Bachelor's Degree,39.0,43.0,6,30,32376,PS,PS,PS,PS,PS,PS,PS,PS,PS,PS,23,14715,42892,26048,58755
111081.0,1132,California Institute of the Arts,"Private, nonprofit",1,5009,Music.,5,Master's Degree,12.0,40.0,4,44,33784,26,17,26923,28,43464,PS,PS,PS,PS,PS,31,5004,48285,28079,65736
111081.0,1132,California Institute of the Arts,"Private, nonprofit",1,5009,Music.,6,Doctoral Degree,2.0,2.0,PS,PS,PS,PS,PS,PS,PS,PS,PS,PS,PS,PS,PS,PS,PS,PS,PS,PS
111081.0,1132,California Institute of the Arts,"Private, nonprofit",1,5010,"Arts, Entertainment, and Media Management.",3,Bachelor's Degree,,0.0,1,PS,PS,PS,PS,PS,PS,PS,PS,PS,PS,PS,PS,PS,3476,48240,31627,64853
111081.0,1132,California Institute of the Arts,"Private, nonprofit",1,5010,"Arts, Entertainment, and Media Management.",5,Master's Degree,9.0,3.0,1,PS,PS,PS,PS,PS,PS,PS,PS,PS,PS,PS,PS,PS,1164,59685,41770,84506
111081.0,1132,California Institute of the Arts,"Private, nonprofit",1,5099,"Visual and Performing Arts, Other.",3,Bachelor's Degree,,0.0,PS,PS,PS,PS,PS,PS,PS,PS,PS,PS,PS,PS,PS,PS,PS,PS,PS,PS
111081.0,1132,California Institute of the Arts,"Private, nonprofit",1,5099,"Visual and Performing Arts, Other.",5,Master's Degree,1.0,2.0,0,PS,PS,PS,PS,PS,PS,PS,PS,PS,PS,PS,PS,PS,PS,PS,PS,PS
111391.0,13103,California Western School of Law,"Private, nonprofit",1,2201,Law.,7,First Professional Degree,238.0,179.0,7,145,104380,136,69,99889,77,106654,63,110042,82,100881,PS,121,40183,107773,75568,176111
111391.0,13103,California Western School of Law,"Private, nonprofit",1,2202,Legal Research and Advanced Professional Studies.,5,Master's Degree,87.0,97.0,2,PS,PS,PS,PS,PS,PS,PS,PS,PS,PS,PS,PS,PS,PS,PS,PS,PS
111948.0,1164,Chapman University,"Private, nonprofit",1,110,Food Science and Technology.,5,Master's Degree,15.0,13.0,PS,PS,PS,PS,PS,PS,PS,PS,PS,PS,PS,PS,PS,PS,PS,PS,PS,PS
111948.0,1164,Chapman University,"Private, nonprofit",1,301,Natural Resources Conservation and Research.,3,Bachelor's Degree,14.0,17.0,PS,PS,PS,PS,PS,PS,PS,PS,PS,PS,PS,PS,PS,PS,PS,PS,PS,PS
111948.0,1164,Chapman University,"Private, nonprofit",1,302,Environmental/Natural Resources Management and Policy.,3,Bachelor's Degree,,,0,PS,PS,PS,PS,PS,PS,PS,PS,PS,PS,PS,PS,PS,1553,56185,41328,74677
111948.0,1164,Chapman University,"Private, nonprofit",1,501,Area Studies.,3,Bachelor's Degree,,3.0,0,PS,PS,PS,PS,PS,PS,PS,PS,PS,PS,PS,PS,PS,3737,56625,37190,78481
111948.0,1164,Chapman University,"Private, nonprofit",1,502,"Ethnic, Cultural Minority, Gender, and Group Studies.",3,Bachelor's Degree,2.0,1.0,,,,,,,,,,,,,,,5420,51710,34946,68128
111948.0,1164,Chapman University,"Private, nonprofit",1,901,Communication and Media Studies.,3,Bachelor's Degree,104.0,98.0,4,97,59421,79,47,52583,50,70150,24,54656,72,62271,PS,73,61357,56359,39575,76115
111948.0,1164,Chapman University,"Private, nonprofit",1,901,Communication and Media Studies.,6,Doctoral Degree,3.0,4.0,PS,PS,PS,PS,PS,PS,PS,PS,PS,PS,PS,PS,PS,PS,PS,PS,PS,PS
111948.0,1164,Chapman University,"Private, nonprofit",1,904,Journalism.,3,Bachelor's Degree,25.0,34.0,2,31,69171,26,PS,PS,PS,PS,PS,PS,PS,PS,PS,18,13928,56278,40588,73923
111948.0,1164,Chapman University,"Private, nonprofit",1,909,"Public Relations, Advertising, and Applied Communication.",3,Bachelor's Degree,43.0,50.0,6,67,75336,55,25,68424,43,74033,PS,PS,PS,PS,PS,52,17967,63560,45857,83689
111948.0,1164,Chapman University,"Private, nonprofit",1,909,"Public Relations, Advertising, and Applied Communication.",5,Master's Degree,13.0,15.0,0,PS,PS,PS,PS,PS,PS,PS,PS,PS,PS,PS,PS,PS,2418,80125,56433,109561
111948.0,1164,Chapman University,"Private, nonprofit",1,910,Publishing.,3,Bachelor's Degree,,,,,,,,,,,,,,,,,33,36148,18399,48069
111948.0,1164,Chapman University,"Private, nonprofit",1,1003,Graphic Communications.,3,Bachelor's Degree,23.0,45.0,PS,PS,PS,PS,PS,PS,PS,PS,PS,PS,PS,PS,PS,PS,PS,PS,PS,PS
111948.0,1164,Chapman University,"Private, nonprofit",1,1101,"Computer and Information Sciences, General.",3,Bachelor's Degree,30.0,20.0,0,PS,PS,PS,PS,PS,PS,PS,PS,PS,PS,PS,PS,PS,41037,92374,64179,128180
111948.0,1164,Chapman University,"Private, nonprofit",1,1102,Computer Programming.,5,Master's Degree,,,0,PS,PS,PS,PS,PS,PS,PS,PS,PS,PS,PS,PS,PS,175,148974,97394,205237
111948.0,1164,Chapman University,"Private, nonprofit",1,1102,Computer Programming.,6,Doctoral Degree,,,,,,,,,,,,,,,,,PS,PS,PS,PS
111948.0,1164,Chapman University,"Private, nonprofit",1,1107,Computer Science.,3,Bachelor's Degree,52.0,57.0,3,PS,PS,PS,PS,PS,PS,PS,PS,PS,PS,PS,PS,PS,28067,107009,74830,152038
111948.0,1164,Chapman University,"Private, nonprofit",1,1107,Computer Science.,5,Master's Degree,,0.0,,,,,,,,,,,,,,,PS,PS,PS,PS
111948.0,1164,Chapman University,"Private, nonprofit",1,1199,"Computer and Information Sciences and Support Services, Other.",5,Master's Degree,,,PS,PS,PS,PS,PS,PS,PS,PS,PS,PS,PS,PS,PS,PS,242,139553,103443,175768
111948.0,1164,Chapman University,"Private, nonprofit",1,1199,"Computer and Information Sciences and Support Services, Other.",6,Doctoral Degree,,,PS,PS,PS,PS,PS,PS,PS,PS,PS,PS,PS,PS,PS,PS,PS,PS,PS,PS
111948.0,1164,Chapman University,"Private, nonprofit",1,1301,"Education, General.",3,Bachelor's Degree,65.0,56.0,4,54,65859,49,30,63895,24,69772,PS,PS,PS,PS,26,41,6941,49808,38641,60792
111948.0,1164,Chapman University,"Private, nonprofit",1,1303,Curriculum and Instruction.,5,Master's Degree,13.0,16.0,PS,PS,PS,PS,PS,PS,PS,PS,PS,PS,PS,PS,PS,PS,18183,63399,51716,78118
111948.0,1164,Chapman University,"Private, nonprofit",1,1303,Curriculum and Instruction.,6,Doctoral Degree,4.0,1.0,0,PS,PS,PS,PS,PS,PS,PS,PS,PS,PS,PS,PS,PS,1591,83031,66971,102600
111948.0,1164,Chapman University,"Private, nonprofit",1,1304,Educational Administration and Supervision.,5,Master's Degree,29.0,16.0,2,17,69788,PS,PS,PS,PS,PS,PS,PS,PS,PS,PS,17,32412,71685,57739,90151
111948.0,1164,Chapman University,"Private, nonprofit",1,1304,Educational Administration and Supervision.,6,Doctoral Degree,9.0,1.0,PS,PS,PS,PS,PS,PS,PS,PS,PS,PS,PS,PS,PS,PS,PS,PS,PS,PS
111948.0,1164,Chapman University,"Private, nonprofit",1,1310,Special Education and Teaching.,5,Master's Degree,14.0,7.0,0,PS,PS,PS,PS,PS,PS,PS,PS,PS,PS,PS,PS,PS,21493,64397,52390,79764
111948.0,1164,Chapman University,"Private, nonprofit",1,1310,Special Education and Teaching.,6,Doctoral Degree,5.0,3.0,PS,PS,PS,PS,PS,PS,PS,PS,PS,PS,PS,PS,PS,PS,PS,PS,PS,PS
111948.0,1164,Chapman University,"Private, nonprofit",1,1310,Special Education and Teaching.,8,Graduate/Professional Certificate,,,0,PS,PS,PS,PS,PS,PS,PS,PS,PS,PS,PS,PS,PS,904,69147,53853,82489
111948.0,1164,Chapman University,"Private, nonprofit",1,1311,Student Counseling and Personnel Services.,5,Master's Degree,28.0,20.0,0,PS,PS,PS,PS,PS,PS,PS,PS,PS,PS,PS,PS,PS,15495,60111,48192,74890
111948.0,1164,Chapman University,"Private, nonprofit",1,1312,"Teacher Education and Professional Development, Specific Levels and Methods.",5,Master's Degree,31.0,19.0,2,23,74294,21,PS,PS,PS,PS,PS,PS,PS,PS,PS,21,30920,59916,48965,72958
111948.0,1164,Chapman University,"Private, nonprofit",1,1312,"Teacher Education and Professional Development, Specific Levels and Methods.",99,Non-Credential Program (Preparatory Coursework/Teacher Certification),,,,,,,,,,,,,,,,,709,57802,47934,73061
111948.0,1164,Chapman University,"Private, nonprofit",1,1313,"Teacher Education and Professional Development, Specific Subject Areas.",3,Bachelor's Degree,6.0,4.0,0,PS,PS,PS,PS,PS,PS,PS,PS,PS,PS,PS,PS,PS,22867,51389,40539,63098
111948.0,1164,Chapman University,"Private, nonprofit",1,1313,"Teacher Education and Professional Development, Specific Subject Areas.",5,Master's Degree,5.0,4.0,PS,PS,PS,PS,PS,PS,PS,PS,PS,PS,PS,PS,PS,PS,PS,PS,PS,PS
111948.0,1164,Chapman University,"Private, nonprofit",1,1409,Computer Engineering.,3,Bachelor's Degree,13.0,13.0,0,PS,PS,PS,PS,PS,PS,PS,PS,PS,PS,PS,PS,PS,10329,109015,86299,145170
111948.0,1164,Chapman University,"Private, nonprofit",1,1503,Electrical/Electronic Engineering Technologies/Technicians.,3,Bachelor's Degree,0.0,2.0,PS,PS,PS,PS,PS,PS,PS,PS,PS,PS,PS,PS,PS,PS,PS,PS,PS,PS
111948.0,1164,Chapman University,"Private, nonprofit",1,1603,"East Asian Languages, Literatures, and Linguistics.",3,Bachelor's Degree,,1.0,PS,PS,PS,PS,PS,PS,PS,PS,PS,PS,PS,PS,PS,PS,PS,PS,PS,PS
111948.0,1164,Chapman University,"Private, nonprofit",1,1605,"Germanic Languages, Literatures, and Linguistics.",3,Bachelor's Degree,,,PS,PS,PS,PS,PS,PS,PS,PS,PS,PS,PS,PS,PS,PS,925,55459,36860,80954
111948.0,1164,Chapman University,"Private, nonprofit",1,1609,"Romance Languages, Literatures, and Linguistics.",3,Bachelor's Degree,13.0,8.0,1,PS,PS,PS,PS,PS,PS,PS,PS,PS,PS,PS,PS,PS,10363,55000,38411,73324
111948.0,1164,Chapman University,"Private, nonprofit",1,2200,Non-Professional Legal Studies.,3,Bachelor's Degree,,1.0,,,,,,,,,,,,,,,PS,PS,PS,PS
111948.0,1164,Chapman University,"Private, nonprofit",1,2201,Law.,7,First Professional Degree,150.0,143.0,7,97,115598,90,38,108843,59,117168,49,114594,48,113863,PS,86,40183,107773,75568,176111
111948.0,1164,Chapman University,"Private, nonprofit",1,2202,Legal Research and Advanced Professional Studies.,5,Master's Degree,4.0,3.0,0,PS,PS,PS,PS,PS,PS,PS,PS,PS,PS,PS,PS,PS,2905,101000,62617,153946
111948.0,1164,Chapman University,"Private, nonprofit",1,2301,"English Language and Literature, General.",3,Bachelor's Degree,32.0,19.0,6,PS,PS,PS,PS,PS,PS,PS,PS,PS,PS,PS,PS,PS,33025,48590,33654,63810
111948.0,1164,Chapman University,"Private, nonprofit",1,2301,"English Language and Literature, General.",5,Master's Degree,11.0,15.0,1,PS,PS,PS,PS,PS,PS,PS,PS,PS,PS,PS,PS,PS,3708,55512,39177,72721
111948.0,1164,Chapman University,"Private, nonprofit",1,2313,Rhetoric and Composition/Writing Studies.,3,Bachelor's Degree,34.0,37.0,6,21,60749,20,PS,PS,PS,PS,PS,PS,PS,PS,PS,PS,8509,48471,32167,67306
111948.0,1164,Chapman University,"Private, nonprofit",1,2313,Rhetoric and Composition/Writing Studies.,5,Master's Degree,12.0,26.0,1,24,56350,17,PS,PS,PS,PS,PS,PS,PS,PS,PS,17,3795,55035,32717,77712
111948.0,1164,Chapman University,"Private, nonprofit",1,2401,"Liberal Arts and Sciences, General Studies and Humanities.",3,Bachelor's Degree,,1.0,1,16,66796,PS,PS,PS,PS,PS,PS,PS,PS,PS,PS,PS,PS,PS,PS,PS
111948.0,1164,Chapman University,"Private, nonprofit",1,2601,"Biology, General.",3,Bachelor's Degree,39.0,47.0,0,28,70913,26,PS,PS,PS,PS,PS,PS,PS,PS,PS,21,57101,57214,38929,79199
111948.0,1164,Chapman University,"Private, nonprofit",1,2602,"Biochemistry, Biophysics and Molecular Biology.",3,Bachelor's Degree,13.0,19.0,0,PS,PS,PS,PS,PS,PS,PS,PS,PS,PS,PS,PS,PS,6319,65466,44889,88432
111948.0,1164,Chapman University,"Private, nonprofit",1,2609,"Physiology, Pathology and Related Sciences.",3,Bachelor's Degree,24.0,23.0,PS,PS,PS,PS,PS,PS,PS,PS,PS,PS,PS,PS,PS,PS,PS,PS,PS,PS
111948.0,1164,Chapman University,"Private, nonprofit",1,2611,"Biomathematics, Bioinformatics, and Computational Biology.",3,Bachelor's Degree,,1.0,,,,,,,,,,,,,,,PS,PS,PS,PS
111948.0,1164,Chapman University,"Private, nonprofit",1,2701,Mathematics.,3,Bachelor's Degree,6.0,4.0,0,18,68983,17,PS,PS,PS,PS,PS,PS,PS,PS,PS,PS,15976,69562,49058,97414
111948.0,1164,Chapman University,"Private, nonprofit",1,2705,Statistics.,1,Undergraduate Certificate or Diploma,31.0,17.0,PS,PS,PS,PS,PS,PS,PS,PS,PS,PS,PS,PS,PS,PS,65,82722,58559,103027
111948.0,1164,Chapman University,"Private, nonprofit",1,2799,"Mathematics and Statistics, Other.",6,Doctoral Degree,,0.0,,,,,,,,,,,,,,,PS,PS,PS,PS
111948.0,1164,Chapman University,"Private, nonprofit",1,3005,Peace Studies and Conflict Resolution.,3,Bachelor's Degree,12.0,12.0,0,PS,PS,PS,PS,PS,PS,PS,PS,PS,PS,PS,PS,PS,535,63114,44720,84295
111948.0,1164,Chapman University,"Private, nonprofit",1,3005,Peace Studies and Conflict Resolution.,5,Master's Degree,8.0,6.0,0,PS,PS,PS,PS,PS,PS,PS,PS,PS,PS,PS,PS,PS,577,70267,49057,94650
111948.0,1164,Chapman University,"Private, nonprofit",1,3019,Nutrition Sciences.,3,Bachelor's Degree,1.0,1.0,,,,,,,,,,,,,,,PS,PS,PS,PS
111948.0,1164,Chapman University,"Private, nonprofit",1,3019,Nutrition Sciences.,5,Master's Degree,,,0,PS,PS,PS,PS,PS,PS,PS,PS,PS,PS,PS,PS,PS,1044,67126,52768,85484
111948.0,1164,Chapman University,"Private, nonprofit",1,3020,International/Globalization Studies.,5,Master's Degree,8.0,2.0,1,PS,PS,PS,PS,PS,PS,PS,PS,PS,PS,PS,PS,PS,878,86219,59416,113389
111948.0,1164,Chapman University,"Private, nonprofit",1,3021,Holocaust and Related Studies.,3,Bachelor's Degree,,,,,,,,,,,,,,,,,16,52050,44236,59692
111948.0,1164,Chapman University,"Private, nonprofit",1,3025,Cognitive Science.,3,Bachelor's Degree,,2.0,PS,PS,PS,PS,PS,PS,PS,PS,PS,PS,PS,PS,PS,PS,PS,PS,PS,PS
111948.0,1164,Chapman University,"Private, nonprofit",1,3030,Computational Science.,3,Bachelor's Degree,1.0,14.0,,,,,,,,,,,,,,,PS,PS,PS,PS
111948.0,1164,Chapman University,"Private, nonprofit",1,3030,Computational Science.,5,Master's Degree,22.0,14.0,PS,PS,PS,PS,PS,PS,PS,PS,PS,PS,PS,PS,PS,PS,PS,PS,PS,PS
111948.0,1164,Chapman University,"Private, nonprofit",1,3030,Computational Science.,6,Doctoral Degree,7.0,7.0,PS,PS,PS,PS,PS,PS,PS,PS,PS,PS,PS,PS,PS,PS,PS,PS,PS,PS
111948.0,1164,Chapman University,"Private, nonprofit",1,3105,"Sports, Kinesiology, and Physical Education/Fitness.",3,Bachelor's Degree,,,0,20,45196,PS,PS,PS,PS,PS,PS,PS,PS,PS,PS,PS,48463,54562,39049,73020
111948.0,1164,Chapman University,"Private, nonprofit",1,3801,Philosophy.,3,Bachelor's Degree,24.0,18.0,0,PS,PS,PS,PS,PS,PS,PS,PS,PS,PS,PS,PS,PS,6085,54455,34926,78043
111948.0,1164,Chapman University,"Private, nonprofit",1,3802,Religion/Religious Studies.,3,Bachelor's Degree,1.0,2.0,1,PS,PS,PS,PS,PS,PS,PS,PS,PS,PS,PS,PS,PS,5310,41390,20518,65165
111948.0,1164,Chapman University,"Private, nonprofit",1,4005,Chemistry.,3,Bachelor's Degree,8.0,11.0,0,PS,PS,PS,PS,PS,PS,PS,PS,PS,PS,PS,PS,PS,10453,65120,48307,84018
111948.0,1164,Chapman University,"Private, nonprofit",1,4008,Physics.,3,Bachelor's Degree,3.0,4.0,0,PS,PS,PS,PS,PS,PS,PS,PS,PS,PS,PS,PS,PS,5602,76786,51777,102948
111948.0,1164,Chapman University,"Private, nonprofit",1,4201,"Psychology, General.",3,Bachelor's Degree,138.0,171.0,6,94,67242,77,58,67004,37,69113,18,48220,76,67509,38,75,102536,50706,35740,67229
111948.0,1164,Chapman University,"Private, nonprofit",1,4228,"Clinical, Counseling and Applied Psychology.",5,Master's Degree,38.0,36.0,0,PS,PS,PS,PS,PS,PS,PS,PS,PS,PS,PS,PS,PS,22438,65184,47881,83770
111948.0,1164,Chapman University,"Private, nonprofit",1,4228,"Clinical, Counseling and Applied Psychology.",6,Doctoral Degree,2.0,2.0,0,PS,PS,PS,PS,PS,PS,PS,PS,PS,PS,PS,PS,PS,5714,99878,69652,126700
111948.0,1164,Chapman University,"Private, nonprofit",1,4228,"Clinical, Counseling and Applied Psychology.",8,Graduate/Professional Certificate,,,0,PS,PS,PS,PS,PS,PS,PS,PS,PS,PS,PS,PS,PS,1295,65509,48198,84220
111948.0,1164,Chapman University,"Private, nonprofit",1,4404,Public Administration.,3,Bachelor's Degree,,1.0,,,,,,,,,,,,,,,PS,PS,PS,PS
111948.0,1164,Chapman University,"Private, nonprofit",1,4407,Social Work.,3,Bachelor's Degree,10.0,3.0,0,PS,PS,PS,PS,PS,PS,PS,PS,PS,PS,PS,PS,PS,PS,PS,PS,PS
111948.0,1164,Chapman University,"Private, nonprofit",1,4502,Anthropology.,3,Bachelor's Degree,4.0,3.0,PS,PS,PS,PS,PS,PS,PS,PS,PS,PS,PS,PS,PS,PS,PS,PS,PS,PS
111948.0,1164,Chapman University,"Private, nonprofit",1,4504,Criminology.,5,Master's Degree,,,PS,PS,PS,PS,PS,PS,PS,PS,PS,PS,PS,PS,PS,PS,936,67647,50732,92593
111948.0,1164,Chapman University,"Private, nonprofit",1,4506,Economics.,5,Master's Degree,6.0,1.0,0,PS,PS,PS,PS,PS,PS,PS,PS,PS,PS,PS,PS,PS,PS,PS,PS,PS
111948.0,1164,Chapman University,"Private, nonprofit",1,4510,Political Science and Government.,3,Bachelor's Degree,75.0,76.0,4,58,76190,50,26,90710,30,68343,23,61112,34,82840,21,41,36628,63293,44760,85406
111948.0,1164,Chapman University,"Private, nonprofit",1,4511,Sociology.,3,Bachelor's Degree,30.0,34.0,2,26,70118,22,PS,PS,PS,PS,PS,PS,PS,PS,PS,20,31848,52657,37665,69502
111948.0,1164,Chapman University,"Private, nonprofit",1,5003,Dance.,3,Bachelor's Degree,45.0,33.0,1,33,33077,20,PS,PS,PS,PS,PS,PS,PS,PS,PS,16,2823,39980,24910,57333
111948.0,1164,Chapman University,"Private, nonprofit",1,5004,Design and Applied Arts.,3,Bachelor's Degree,32.0,26.0,0,24,77615,21,PS,PS,PS,PS,PS,PS,PS,PS,PS,17,23871,51490,33006,70612
111948.0,1164,Chapman University,"Private, nonprofit",1,5005,Drama/Theatre Arts and Stagecraft.,3,Bachelor's Degree,94.0,105.0,5,64,44595,45,PS,PS,PS,PS,20,40397,44,49953,PS,54,14066,39775,25491,55399
111948.0,1164,Chapman University,"Private, nonprofit",1,5005,Drama/Theatre Arts and Stagecraft.,5,Master's Degree,20.0,27.0,1,19,36723,PS,PS,PS,PS,PS,PS,PS,PS,PS,PS,PS,2137,49978,29233,69322
111948.0,1164,Chapman University,"Private, nonprofit",1,5006,Film/Video and Photographic Arts.,3,Bachelor's Degree,211.0,180.0,7,118,65834,95,55,56511,62,69043,62,73968,56,63470,PS,91,12193,43765,25957,63381
111948.0,1164,Chapman University,"Private, nonprofit",1,5006,Film/Video and Photographic Arts.,5,Master's Degree,95.0,105.0,2,61,61371,48,20,59923,40,65235,37,60165,24,83538,PS,53,1639,51486,27165,77049
111948.0,1164,Chapman University,"Private, nonprofit",1,5007,Fine and Studio Arts.,3,Bachelor's Degree,13.0,7.0,2,PS,PS,PS,PS,PS,PS,PS,PS,PS,PS,PS,PS,PS,26935,41367,26241,56653
111948.0,1164,Chapman University,"Private, nonprofit",1,5009,Music.,3,Bachelor's Degree,35.0,21.0,0,33,44976,18,16,47355,PS,PS,PS,PS,PS,PS,PS,25,14715,42892,26048,58755
111948.0,1164,Chapman University,"Private, nonprofit",1,5009,Music.,5,Master's Degree,3.0,0.0,PS,PS,PS,PS,PS,PS,PS,PS,PS,PS,PS,PS,PS,PS,PS,PS,PS,PS
111948.0,1164,Chapman University,"Private, nonprofit",1,5102,Communication Disorders Sciences and Services.,5,Master's Degree,42.0,43.0,0,PS,PS,PS,PS,PS,PS,PS,PS,PS,PS,PS,PS,PS,11787,67030,53057,82358
111948.0,1164,Chapman University,"Private, nonprofit",1,5109,"Allied Health Diagnostic, Intervention, and Treatment Professions.",5,Master's Degree,46.0,53.0,PS,PS,PS,PS,PS,PS,PS,PS,PS,PS,PS,PS,PS,PS,15912,127347,103242,152756
111948.0,1164,Chapman University,"Private, nonprofit",1,5115,Mental and Social Health Services and Allied Professions.,3,Bachelor's Degree,1.0,,,,,,,,,,,,,,,,PS,PS,PS,PS
111948.0,1164,Chapman University,"Private, nonprofit",1,5115,Mental and Social Health Services and Allied Professions.,5,Master's Degree,29.0,29.0,3,24,78008,20,PS,PS,PS,PS,PS,PS,PS,PS,PS,23,15919,59571,41812,76123
111948.0,1164,Chapman University,"Private, nonprofit",1,5120,"Pharmacy, Pharmaceutical Sciences, and Administration.",5,Master's Degree,7.0,9.0,PS,PS,PS,PS,PS,PS,PS,PS,PS,PS,PS,PS,PS,PS,889,129214,87956,170566
111948.0,1164,Chapman University,"Private, nonprofit",1,5120,"Pharmacy, Pharmaceutical Sciences, and Administration.",6,Doctoral Degree,9.0,9.0,PS,PS,PS,PS,PS,PS,PS,PS,PS,PS,PS,PS,PS,PS,6161,136696,117606,156076
111948.0,1164,Chapman University,"Private, nonprofit",1,5120,"Pharmacy, Pharmaceutical Sciences, and Administration.",7,First Professional Degree,85.0,80.0,PS,PS,PS,PS,PS,PS,PS,PS,PS,PS,PS,PS,PS,PS,15557,138348,120409,158074
111948.0,1164,Chapman University,"Private, nonprofit",1,5122,Public Health.,3,Bachelor's Degree,116.0,103.0,2,37,76156,34,17,76376,20,74169,PS,PS,PS,PS,23,24,15585,58808,41981,79154
111948.0,1164,Chapman University,"Private, nonprofit",1,5122,Public Health.,5,Master's Degree,0.0,0.0,PS,PS,PS,PS,PS,PS,PS,PS,PS,PS,PS,PS,PS,PS,PS,PS,PS,PS
111948.0,1164,Chapman University,"Private, nonprofit",1,5123,Rehabilitation and Therapeutic Professions.,6,Doctoral Degree,,,0,21,100597,19,PS,PS,PS,PS,PS,PS,PS,PS,PS,16,13052,82893,68836,95078
111948.0,1164,Chapman University,"Private, nonprofit",1,5123,Rehabilitation and Therapeutic Professions.,7,First Professional Degree,83.0,80.0,0,17,80944,PS,PS,PS,PS,PS,PS,PS,PS,PS,PS,PS,5234,81641,67036,93971
111948.0,1164,Chapman University,"Private, nonprofit",1,5202,"Business Administration, Management and Operations.",3,Bachelor's Degree,481.0,444.0,13,256,98104,234,105,97126,151,99178,142,103654,113,92270,18,190,183303,68257,47618,93584
111948.0,1164,Chapman University,"Private, nonprofit",1,5202,"Business Administration, Management and Operations.",5,Master's Degree,73.0,17.0,3,81,120720,79,33,119860,48,117627,49,114595,32,137381,PS,65,122193,103485,69982,153484
111948.0,1164,Chapman University,"Private, nonprofit",1,5203,Accounting and Related Services.,3,Bachelor's Degree,47.0,48.0,2,50,107442,48,22,110941,29,104194,29,112177,21,97229,PS,38,63013,76194,56205,97191
111948.0,1164,Chapman University,"Private, nonprofit",1,5203,Accounting and Related Services.,5,Master's Degree,16.0,,0,PS,PS,PS,PS,PS,PS,PS,PS,PS,PS,PS,PS,PS,21288,95833,74491,118338
111948.0,1164,Chapman University,"Private, nonprofit",1,5205,Business/Corporate Communications.,3,Bachelor's Degree,113.0,98.0,2,49,78721,47,26,78467,23,81266,18,97430,31,70581,PS,38,1182,65784,46837,84989
111948.0,1164,Chapman University,"Private, nonprofit",1,5206,Business/Managerial Economics.,3,Bachelor's Degree,46.0,58.0,1,28,89309,26,PS,PS,PS,PS,PS,PS,PS,PS,PS,18,5426,77981,55058,106683
111948.0,1164,Chapman University,"Private, nonprofit",1,5213,Management Sciences and Quantitative Methods.,5,Master's Degree,,74.0,,,,,,,,,,,,,,,PS,PS,PS,PS
111948.0,1164,Chapman University,"Private, nonprofit",1,5215,Real Estate.,5,Master's Degree,15.0,14.0,PS,PS,PS,PS,PS,PS,PS,PS,PS,PS,PS,PS,PS,PS,PS,PS,PS,PS
111948.0,1164,Chapman University,"Private, nonprofit",1,5401,History.,3,Bachelor's Degree,25.0,16.0,1,PS,PS,PS,PS,PS,PS,PS,PS,PS,PS,PS,PS,PS,23671,50680,36330,66736
112084.0,12031,San Diego Christian College,"Private, nonprofit",1,901,Communication and Media Studies.,3,Bachelor's Degree,13.0,12.0,0,PS,PS,PS,PS,PS,PS,PS,PS,PS,PS,PS,PS,PS,61357,56359,39575,76115
112084.0,12031,San Diego Christian College,"Private, nonprofit",1,1312,"Teacher Education and Professional Development, Specific Levels and Methods.",1,Undergraduate Certificate or Diploma,5.0,0.0,PS,PS,PS,PS,PS,PS,PS,PS,PS,PS,PS,PS,PS,PS,2032,34631,22707,46633
112084.0,12031,San Diego Christian College,"Private, nonprofit",1,1312,"Teacher Education and Professional Development, Specific Levels and Methods.",3,Bachelor's Degree,,,,,,,,,,,,,,,,,50018,47382,38431,56096
112084.0,12031,San Diego Christian College,"Private, nonprofit",1,1312,"Teacher Education and Professional Development, Specific Levels and Methods.",5,Master's Degree,8.0,18.0,0,PS,PS,PS,PS,PS,PS,PS,PS,PS,PS,PS,PS,PS,30920,59916,48965,72958
112084.0,12031,San Diego Christian College,"Private, nonprofit",1,1312,"Teacher Education and Professional Development, Specific Levels and Methods.",8,Graduate/Professional Certificate,,7.0,PS,PS,PS,PS,PS,PS,PS,PS,PS,PS,PS,PS,PS,PS,PS,PS,PS,PS
112084.0,12031,San Diego Christian College,"Private, nonprofit",1,1907,"Human Development, Family Studies, and Related Services.",3,Bachelor's Degree,5.0,3.0,3,PS,PS,PS,PS,PS,PS,PS,PS,PS,PS,PS,PS,PS,15127,48568,35149,62704
112084.0,12031,San Diego Christian College,"Private, nonprofit",1,2301,"English Language and Literature, General.",3,Bachelor's Degree,1.0,1.0,1,PS,PS,PS,PS,PS,PS,PS,PS,PS,PS,PS,PS,PS,PS,PS,PS,PS
112084.0,12031,San Diego Christian College,"Private, nonprofit",1,2401,"Liberal Arts and Sciences, General Studies and Humanities.",2,Associate's Degree,3.0,1.0,0,PS,PS,PS,PS,PS,PS,PS,PS,PS,PS,PS,PS,PS,208003,44125,28893,61611
112084.0,12031,San Diego Christian College,"Private, nonprofit",1,2401,"Liberal Arts and Sciences, General Studies and Humanities.",3,Bachelor's Degree,5.0,2.0,0,PS,PS,PS,PS,PS,PS,PS,PS,PS,PS,PS,PS,PS,50554,53072,35750,73322
112084.0,12031,San Diego Christian College,"Private, nonprofit",1,2601,"Biology, General.",3,Bachelor's Degree,3.0,4.0,0,PS,PS,PS,PS,PS,PS,PS,PS,PS,PS,PS,PS,PS,57101,57214,38929,79199
112084.0,12031,San Diego Christian College,"Private, nonprofit",1,3099,"Multi/Interdisciplinary Studies, Other.",3,Bachelor's Degree,3.0,2.0,1,PS,PS,PS,PS,PS,PS,PS,PS,PS,PS,PS,PS,PS,27598,55693,40311,72165
112084.0,12031,San Diego Christian College,"Private, nonprofit",1,3105,"Sports, Kinesiology, and Physical Education/Fitness.",3,Bachelor's Degree,13.0,8.0,0,PS,PS,PS,PS,PS,PS,PS,PS,PS,PS,PS,PS,PS,48463,54562,39049,73020
112084.0,12031,San Diego Christian College,"Private, nonprofit",1,3902,Bible/Biblical Studies.,3,Bachelor's Degree,8.0,1.0,0,PS,PS,PS,PS,PS,PS,PS,PS,PS,PS,PS,PS,PS,2600,44533,29498,62259
112084.0,12031,San Diego Christian College,"Private, nonprofit",1,3906,Theological and Ministerial Studies.,3,Bachelor's Degree,2.0,1.0,2,PS,PS,PS,PS,PS,PS,PS,PS,PS,PS,PS,PS,PS,1751,44535,30931,62472
112084.0,12031,San Diego Christian College,"Private, nonprofit",1,4201,"Psychology, General.",3,Bachelor's Degree,24.0,14.0,1,PS,PS,PS,PS,PS,PS,PS,PS,PS,PS,PS,PS,PS,102536,50706,35740,67229
112084.0,12031,San Diego Christian College,"Private, nonprofit",1,4301,Criminal Justice and Corrections.,3,Bachelor's Degree,2.0,1.0,PS,PS,PS,PS,PS,PS,PS,PS,PS,PS,PS,PS,PS,PS,65120,55378,40158,74359
112084.0,12031,San Diego Christian College,"Private, nonprofit",1,4901,Air Transportation.,3,Bachelor's Degree,3.0,1.0,0,PS,PS,PS,PS,PS,PS,PS,PS,PS,PS,PS,PS,PS,PS,PS,PS,PS
112084.0,12031,San Diego Christian College,"Private, nonprofit",1,5009,Music.,3,Bachelor's Degree,,,0,PS,PS,PS,PS,PS,PS,PS,PS,PS,PS,PS,PS,PS,14715,42892,26048,58755
112084.0,12031,San Diego Christian College,"Private, nonprofit",1,5202,"Business Administration, Management and Operations.",3,Bachelor's Degree,21.0,17.0,0,PS,PS,PS,PS,PS,PS,PS,PS,PS,PS,PS,PS,PS,183303,68257,47618,93584
112084.0,12031,San Diego Christian College,"Private, nonprofit",1,5202,"Business Administration, Management and Operations.",5,Master's Degree,11.0,14.0,PS,PS,PS,PS,PS,PS,PS,PS,PS,PS,PS,PS,PS,PS,PS,PS,PS,PS
112251.0,1169,Claremont Graduate University,"Private, nonprofit",1,502,"Ethnic, Cultural Minority, Gender, and Group Studies.",5,Master's Degree,23.0,8.0,1,PS,PS,PS,PS,PS,PS,PS,PS,PS,PS,PS,PS,PS,465,62705,43158,81176
112251.0,1169,Claremont Graduate University,"Private, nonprofit",1,502,"Ethnic, Cultural Minority, Gender, and Group Studies.",6,Doctoral Degree,4.0,,0,PS,PS,PS,PS,PS,PS,PS,PS,PS,PS,PS,PS,PS,195,81271,63475,102506
112251.0,1169,Claremont Graduate University,"Private, nonprofit",1,502,"Ethnic, Cultural Minority, Gender, and Group Studies.",8,Graduate/Professional Certificate,7.0,10.0,0,PS,PS,PS,PS,PS,PS,PS,PS,PS,PS,PS,PS,PS,90,63168,51778,86900
112251.0,1169,Claremont Graduate University,"Private, nonprofit",1,599,"Area, Ethnic, Cultural, Gender, and Group Studies, Other.",5,Master's Degree,,13.0,,,,,,,,,,,,,,,PS,PS,PS,PS
112251.0,1169,Claremont Graduate University,"Private, nonprofit",1,599,"Area, Ethnic, Cultural, Gender, and Group Studies, Other.",6,Doctoral Degree,,8.0,,,,,,,,,,,,,,,PS,PS,PS,PS
112251.0,1169,Claremont Graduate University,"Private, nonprofit",1,599,"Area, Ethnic, Cultural, Gender, and Group Studies, Other.",8,Graduate/Professional Certificate,,0.0,,,,,,,,,,,,,,,PS,PS,PS,PS
112251.0,1169,Claremont Graduate University,"Private, nonprofit",1,1104,Information Science/Studies.,5,Master's Degree,42.0,30.0,0,PS,PS,PS,PS,PS,PS,PS,PS,PS,PS,PS,PS,PS,3532,112705,75540,153142
112251.0,1169,Claremont Graduate University,"Private, nonprofit",1,1104,Information Science/Studies.,6,Doctoral Degree,5.0,9.0,0,PS,PS,PS,PS,PS,PS,PS,PS,PS,PS,PS,PS,PS,94,126925,89342,203151
112251.0,1169,Claremont Graduate University,"Private, nonprofit",1,1104,Information Science/Studies.,8,Graduate/Professional Certificate,0.0,0.0,PS,PS,PS,PS,PS,PS,PS,PS,PS,PS,PS,PS,PS,PS,PS,PS,PS,PS
112251.0,1169,Claremont Graduate University,"Private, nonprofit",1,1301,"Education, General.",5,Master's Degree,29.0,17.0,0,PS,PS,PS,PS,PS,PS,PS,PS,PS,PS,PS,PS,PS,22487,65824,52724,82084
112251.0,1169,Claremont Graduate University,"Private, nonprofit",1,1301,"Education, General.",6,Doctoral Degree,30.0,26.0,3,46,121403,46,25,119386,21,123197,PS,PS,PS,PS,PS,40,2686,87373,65101,115386
112251.0,1169,Claremont Graduate University,"Private, nonprofit",1,1301,"Education, General.",8,Graduate/Professional Certificate,0.0,0.0,0,PS,PS,PS,PS,PS,PS,PS,PS,PS,PS,PS,PS,PS,633,69448,52638,83726
112251.0,1169,Claremont Graduate University,"Private, nonprofit",1,1302,"Bilingual, Multilingual, and Multicultural Education.",8,Graduate/Professional Certificate,14.0,9.0,PS,PS,PS,PS,PS,PS,PS,PS,PS,PS,PS,PS,PS,PS,213,77692,58521,100329
112251.0,1169,Claremont Graduate University,"Private, nonprofit",1,1306,"Educational Assessment, Evaluation, and Research.",5,Master's Degree,,,,,,,,,,,,,,,,,458,66232,50795,88155
112251.0,1169,Claremont Graduate University,"Private, nonprofit",1,1312,"Teacher Education and Professional Development, Specific Levels and Methods.",5,Master's Degree,39.0,20.0,2,18,79210,16,PS,PS,PS,PS,PS,PS,PS,PS,PS,PS,30920,59916,48965,72958
112251.0,1169,Claremont Graduate University,"Private, nonprofit",1,1312,"Teacher Education and Professional Development, Specific Levels and Methods.",8,Graduate/Professional Certificate,0.0,0.0,0,PS,PS,PS,PS,PS,PS,PS,PS,PS,PS,PS,PS,PS,PS,PS,PS,PS
112251.0,1169,Claremont Graduate University,"Private, nonprofit",1,1312,"Teacher Education and Professional Development, Specific Levels and Methods.",99,Non-Credential Program (Preparatory Coursework/Teacher Certification),,,,,,,,,,,,,,,,,709,57802,47934,73061
112251.0,1169,Claremont Graduate University,"Private, nonprofit",1,2301,"English Language and Literature, General.",5,Master's Degree,11.0,9.0,0,PS,PS,PS,PS,PS,PS,PS,PS,PS,PS,PS,PS,PS,3708,55512,39177,72721
112251.0,1169,Claremont Graduate University,"Private, nonprofit",1,2301,"English Language and Literature, General.",6,Doctoral Degree,6.0,3.0,1,PS,PS,PS,PS,PS,PS,PS,PS,PS,PS,PS,PS,PS,1151,65831,51001,82694
112251.0,1169,Claremont Graduate University,"Private, nonprofit",1,2301,"English Language and Literature, General.",8,Graduate/Professional Certificate,0.0,0.0,PS,PS,PS,PS,PS,PS,PS,PS,PS,PS,PS,PS,PS,PS,PS,PS,PS,PS
112251.0,1169,Claremont Graduate University,"Private, nonprofit",1,2603,Botany/Plant Biology.,5,Master's Degree,2.0,2.0,PS,PS,PS,PS,PS,PS,PS,PS,PS,PS,PS,PS,PS,PS,132,67090,46393,91248
112251.0,1169,Claremont Graduate University,"Private, nonprofit",1,2603,Botany/Plant Biology.,6,Doctoral Degree,1.0,1.0,0,PS,PS,PS,PS,PS,PS,PS,PS,PS,PS,PS,PS,PS,PS,PS,PS,PS
112251.0,1169,Claremont Graduate University,"Private, nonprofit",1,2613,"Ecology, Evolution, Systematics, and Population Biology.",5,Master's Degree,,8.0,,,,,,,,,,,,,,,PS,PS,PS,PS
112251.0,1169,Claremont Graduate University,"Private, nonprofit",1,2701,Mathematics.,5,Master's Degree,15.0,16.0,0,PS,PS,PS,PS,PS,PS,PS,PS,PS,PS,PS,PS,PS,1525,72654,54453,100369
112251.0,1169,Claremont Graduate University,"Private, nonprofit",1,2701,Mathematics.,6,Doctoral Degree,7.0,7.0,0,PS,PS,PS,PS,PS,PS,PS,PS,PS,PS,PS,PS,PS,591,89656,63050,141934
112251.0,1169,Claremont Graduate University,"Private, nonprofit",1,2703,Applied Mathematics.,5,Master's Degree,16.0,16.0,0,PS,PS,PS,PS,PS,PS,PS,PS,PS,PS,PS,PS,PS,1088,116060,85199,161426
112251.0,1169,Claremont Graduate University,"Private, nonprofit",1,2703,Applied Mathematics.,6,Doctoral Degree,1.0,1.0,0,PS,PS,PS,PS,PS,PS,PS,PS,PS,PS,PS,PS,PS,125,123729,80097,167352
112251.0,1169,Claremont Graduate University,"Private, nonprofit",1,2705,Statistics.,5,Master's Degree,3.0,1.0,PS,PS,PS,PS,PS,PS,PS,PS,PS,PS,PS,PS,PS,PS,PS,PS,PS,PS
112251.0,1169,Claremont Graduate University,"Private, nonprofit",1,3099,"Multi/Interdisciplinary Studies, Other.",5,Master's Degree,,,PS,PS,PS,PS,PS,PS,PS,PS,PS,PS,PS,PS,PS,PS,1342,75122,51610,109074
112251.0,1169,Claremont Graduate University,"Private, nonprofit",1,3801,Philosophy.,5,Master's Degree,0.0,0.0,1,PS,PS,PS,PS,PS,PS,PS,PS,PS,PS,PS,PS,PS,381,60272,35130,84227
112251.0,1169,Claremont Graduate University,"Private, nonprofit",1,3801,Philosophy.,6,Doctoral Degree,1.0,0.0,0,PS,PS,PS,PS,PS,PS,PS,PS,PS,PS,PS,PS,PS,412,70449,49402,96456
112251.0,1169,Claremont Graduate University,"Private, nonprofit",1,3802,Religion/Religious Studies.,5,Master's Degree,5.0,8.0,0,PS,PS,PS,PS,PS,PS,PS,PS,PS,PS,PS,PS,PS,742,57737,33608,87095
112251.0,1169,Claremont Graduate University,"Private, nonprofit",1,3802,Religion/Religious Studies.,6,Doctoral Degree,9.0,2.0,2,PS,PS,PS,PS,PS,PS,PS,PS,PS,PS,PS,PS,PS,312,67164,45379,91516
112251.0,1169,Claremont Graduate University,"Private, nonprofit",1,3802,Religion/Religious Studies.,8,Graduate/Professional Certificate,0.0,0.0,PS,PS,PS,PS,PS,PS,PS,PS,PS,PS,PS,PS,PS,PS,PS,PS,PS,PS
112251.0,1169,Claremont Graduate University,"Private, nonprofit",1,4201,"Psychology, General.",5,Master's Degree,0.0,1.0,3,43,81157,38,PS,PS,22,93028,PS,PS,PS,PS,PS,29,5527,64711,45967,86199
112251.0,1169,Claremont Graduate University,"Private, nonprofit",1,4201,"Psychology, General.",6,Doctoral Degree,19.0,25.0,1,24,85289,24,PS,PS,PS,PS,PS,PS,PS,PS,PS,19,1927,98707,69268,127593
112251.0,1169,Claremont Graduate University,"Private, nonprofit",1,4201,"Psychology, General.",8,Graduate/Professional Certificate,1.0,0.0,0,PS,PS,PS,PS,PS,PS,PS,PS,PS,PS,PS,PS,PS,121,62083,40494,82686
112251.0,1169,Claremont Graduate University,"Private, nonprofit",1,4227,Research and Experimental Psychology.,5,Master's Degree,41.0,58.0,,,,,,,,,,,,,,,PS,PS,PS,PS
112251.0,1169,Claremont Graduate University,"Private, nonprofit",1,4228,"Clinical, Counseling and Applied Psychology.",5,Master's Degree,7.0,5.0,,,,,,,,,,,,,,,PS,PS,PS,PS
112251.0,1169,Claremont Graduate University,"Private, nonprofit",1,4405,Public Policy Analysis.,5,Master's Degree,2.0,3.0,PS,PS,PS,PS,PS,PS,PS,PS,PS,PS,PS,PS,PS,PS,PS,PS,PS,PS
112251.0,1169,Claremont Graduate University,"Private, nonprofit",1,4505,Demography.,5,Master's Degree,5.0,3.0,0,PS,PS,PS,PS,PS,PS,PS,PS,PS,PS,PS,PS,PS,58,75145,61715,95048
112251.0,1169,Claremont Graduate University,"Private, nonprofit",1,4506,Economics.,5,Master's Degree,16.0,13.0,0,PS,PS,PS,PS,PS,PS,PS,PS,PS,PS,PS,PS,PS,1664,100743,74382,133995
112251.0,1169,Claremont Graduate University,"Private, nonprofit",1,4506,Economics.,6,Doctoral Degree,12.0,15.0,0,PS,PS,PS,PS,PS,PS,PS,PS,PS,PS,PS,PS,PS,385,135560,99377,184676
112251.0,1169,Claremont Graduate University,"Private, nonprofit",1,4506,Economics.,8,Graduate/Professional Certificate,0.0,0.0,PS,PS,PS,PS,PS,PS,PS,PS,PS,PS,PS,PS,PS,PS,PS,PS,PS,PS
112251.0,1169,Claremont Graduate University,"Private, nonprofit",1,4509,International Relations and National Security Studies.,5,Master's Degree,5.0,4.0,0,PS,PS,PS,PS,PS,PS,PS,PS,PS,PS,PS,PS,PS,4177,95627,68941,122748
112251.0,1169,Claremont Graduate University,"Private, nonprofit",1,4509,International Relations and National Security Studies.,6,Doctoral Degree,4.0,6.0,PS,PS,PS,PS,PS,PS,PS,PS,PS,PS,PS,PS,PS,PS,PS,PS,PS,PS
112251.0,1169,Claremont Graduate University,"Private, nonprofit",1,4510,Political Science and Government.,5,Master's Degree,8.0,5.0,1,PS,PS,PS,PS,PS,PS,PS,PS,PS,PS,PS,PS,PS,1501,78850,57200,106611
112251.0,1169,Claremont Graduate University,"Private, nonprofit",1,4510,Political Science and Government.,6,Doctoral Degree,14.0,12.0,0,PS,PS,PS,PS,PS,PS,PS,PS,PS,PS,PS,PS,PS,628,90908,67841,122328
112251.0,1169,Claremont Graduate University,"Private, nonprofit",1,4599,"Social Sciences, Other.",5,Master's Degree,,,PS,PS,PS,PS,PS,PS,PS,PS,PS,PS,PS,PS,PS,PS,591,64286,46397,83507
112251.0,1169,Claremont Graduate University,"Private, nonprofit",1,5007,Fine and Studio Arts.,5,Master's Degree,19.0,9.0,6,PS,PS,PS,PS,PS,PS,PS,PS,PS,PS,PS,PS,PS,3268,49079,29496,66541
112251.0,1169,Claremont Graduate University,"Private, nonprofit",1,5009,Music.,5,Master's Degree,1.0,2.0,PS,PS,PS,PS,PS,PS,PS,PS,PS,PS,PS,PS,PS,PS,5004,48285,28079,65736
112251.0,1169,Claremont Graduate University,"Private, nonprofit",1,5009,Music.,6,Doctoral Degree,5.0,10.0,0,PS,PS,PS,PS,PS,PS,PS,PS,PS,PS,PS,PS,PS,1170,59592,38708,76817
112251.0,1169,Claremont Graduate University,"Private, nonprofit",1,5010,"Arts, Entertainment, and Media Management.",5,Master's Degree,12.0,18.0,4,32,55990,24,PS,PS,PS,PS,PS,PS,PS,PS,PS,22,1164,59685,41770,84506
112251.0,1169,Claremont Graduate University,"Private, nonprofit",1,5122,Public Health.,5,Master's Degree,23.0,6.0,0,21,95981,19,PS,PS,PS,PS,PS,PS,PS,PS,PS,PS,15061,82751,61518,113501
112251.0,1169,Claremont Graduate University,"Private, nonprofit",1,5122,Public Health.,6,Doctoral Degree,0.0,,0,PS,PS,PS,PS,PS,PS,PS,PS,PS,PS,PS,PS,PS,870,108962,85957,147308
112251.0,1169,Claremont Graduate University,"Private, nonprofit",1,5122,Public Health.,7,First Professional Degree,11.0,7.0,PS,PS,PS,PS,PS,PS,PS,PS,PS,PS,PS,PS,PS,PS,PS,PS,PS,PS
112251.0,1169,Claremont Graduate University,"Private, nonprofit",1,5122,Public Health.,8,Graduate/Professional Certificate,2.0,6.0,PS,PS,PS,PS,PS,PS,PS,PS,PS,PS,PS,PS,PS,PS,PS,PS,PS,PS
112251.0,1169,Claremont Graduate University,"Private, nonprofit",1,5127,Medical Illustration and Informatics.,5,Master's Degree,,2.0,,,,,,,,,,,,,,,PS,PS,PS,PS
112251.0,1169,Claremont Graduate University,"Private, nonprofit",1,5202,"Business Administration, Management and Operations.",5,Master's Degree,41.0,61.0,3,53,124753,50,22,97114,31,176008,27,146792,26,122895,21,43,122193,103485,69982,153484
112251.0,1169,Claremont Graduate University,"Private, nonprofit",1,5202,"Business Administration, Management and Operations.",6,Doctoral Degree,0.0,0.0,0,PS,PS,PS,PS,PS,PS,PS,PS,PS,PS,PS,PS,PS,PS,PS,PS,PS
112251.0,1169,Claremont Graduate University,"Private, nonprofit",1,5202,"Business Administration, Management and Operations.",8,Graduate/Professional Certificate,20.0,6.0,2,PS,PS,PS,PS,PS,PS,PS,PS,PS,PS,PS,PS,PS,1989,94506,65091,135936
112251.0,1169,Claremont Graduate University,"Private, nonprofit",1,5210,Human Resources Management and Services.,5,Master's Degree,9.0,11.0,0,PS,PS,PS,PS,PS,PS,PS,PS,PS,PS,PS,PS,PS,10576,83558,58145,115680
112251.0,1169,Claremont Graduate University,"Private, nonprofit",1,5211,International Business.,5,Master's Degree,0.0,0.0,PS,PS,PS,PS,PS,PS,PS,PS,PS,PS,PS,PS,PS,PS,PS,PS,PS,PS
112251.0,1169,Claremont Graduate University,"Private, nonprofit",1,5213,Management Sciences and Quantitative Methods.,5,Master's Degree,13.0,11.0,PS,PS,PS,PS,PS,PS,PS,PS,PS,PS,PS,PS,PS,PS,5066,124807,93429,167728
112251.0,1169,Claremont Graduate University,"Private, nonprofit",1,5213,Management Sciences and Quantitative Methods.,8,Graduate/Professional Certificate,73.0,83.0,PS,PS,PS,PS,PS,PS,PS,PS,PS,PS,PS,PS,PS,PS,PS,PS,PS,PS
112251.0,1169,Claremont Graduate University,"Private, nonprofit",1,5214,Marketing.,5,Master's Degree,1.0,0.0,,,,,,,,,,,,,,,PS,PS,PS,PS
112251.0,1169,Claremont Graduate University,"Private, nonprofit",1,5401,History.,5,Master's Degree,4.0,4.0,0,PS,PS,PS,PS,PS,PS,PS,PS,PS,PS,PS,PS,PS,2810,55360,40544,73546
112251.0,1169,Claremont Graduate University,"Private, nonprofit",1,5401,History.,6,Doctoral Degree,0.0,1.0,0,PS,PS,PS,PS,PS,PS,PS,PS,PS,PS,PS,PS,PS,826,70550,53413,92926
112260.0,1170,Claremont McKenna College,"Private, nonprofit",1,301,Natural Resources Conservation and Research.,3,Bachelor's Degree,8.0,14.0,0,PS,PS,PS,PS,PS,PS,PS,PS,PS,PS,PS,PS,PS,15907,55012,39435,72794
112260.0,1170,Claremont McKenna College,"Private, nonprofit",1,501,Area Studies.,3,Bachelor's Degree,5.0,7.0,1,PS,PS,PS,PS,PS,PS,PS,PS,PS,PS,PS,PS,PS,3737,56625,37190,78481
112260.0,1170,Claremont McKenna College,"Private, nonprofit",1,502,"Ethnic, Cultural Minority, Gender, and Group Studies.",3,Bachelor's Degree,2.0,1.0,PS,PS,PS,PS,PS,PS,PS,PS,PS,PS,PS,PS,PS,PS,5420,51710,34946,68128
112260.0,1170,Claremont McKenna College,"Private, nonprofit",1,901,Communication and Media Studies.,3,Bachelor's Degree,6.0,14.0,0,PS,PS,PS,PS,PS,PS,PS,PS,PS,PS,PS,PS,PS,61357,56359,39575,76115
112260.0,1170,Claremont McKenna College,"Private, nonprofit",1,1107,Computer Science.,3,Bachelor's Degree,13.0,5.0,0,PS,PS,PS,PS,PS,PS,PS,PS,PS,PS,PS,PS,PS,28067,107009,74830,152038
112260.0,1170,Claremont McKenna College,"Private, nonprofit",1,1499,"Engineering, Other.",3,Bachelor's Degree,7.0,6.0,PS,PS,PS,PS,PS,PS,PS,PS,PS,PS,PS,PS,PS,PS,846,93989,77377,115349
112260.0,1170,Claremont McKenna College,"Private, nonprofit",1,1515,Engineering-Related Fields.,3,Bachelor's Degree,0.0,0.0,PS,PS,PS,PS,PS,PS,PS,PS,PS,PS,PS,PS,PS,PS,1839,89619,71039,110158
112260.0,1170,Claremont McKenna College,"Private, nonprofit",1,1601,"Linguistic, Comparative, and Related Language Studies and Services.",3,Bachelor's Degree,1.0,0.0,,,,,,,,,,,,,,,PS,PS,PS,PS
112260.0,1170,Claremont McKenna College,"Private, nonprofit",1,1603,"East Asian Languages, Literatures, and Linguistics.",3,Bachelor's Degree,,1.0,,,,,,,,,,,,,,,PS,PS,PS,PS
112260.0,1170,Claremont McKenna College,"Private, nonprofit",1,1609,"Romance Languages, Literatures, and Linguistics.",3,Bachelor's Degree,5.0,2.0,0,PS,PS,PS,PS,PS,PS,PS,PS,PS,PS,PS,PS,PS,PS,PS,PS,PS
112260.0,1170,Claremont McKenna College,"Private, nonprofit",1,1612,"Classics and Classical Languages, Literatures, and Linguistics.",3,Bachelor's Degree,1.0,1.0,PS,PS,PS,PS,PS,PS,PS,PS,PS,PS,PS,PS,PS,PS,PS,PS,PS,PS
112260.0,1170,Claremont McKenna College,"Private, nonprofit",1,2200,Non-Professional Legal Studies.,3,Bachelor's Degree,0.0,0.0,PS,PS,PS,PS,PS,PS,PS,PS,PS,PS,PS,PS,PS,PS,PS,PS,PS,PS
112260.0,1170,Claremont McKenna College,"Private, nonprofit",1,2301,"English Language and Literature, General.",3,Bachelor's Degree,7.0,9.0,0,PS,PS,PS,PS,PS,PS,PS,PS,PS,PS,PS,PS,PS,PS,PS,PS,PS
112260.0,1170,Claremont McKenna College,"Private, nonprofit",1,2601,"Biology, General.",3,Bachelor's Degree,11.0,18.0,0,PS,PS,PS,PS,PS,PS,PS,PS,PS,PS,PS,PS,PS,57101,57214,38929,79199
112260.0,1170,Claremont McKenna College,"Private, nonprofit",1,2602,"Biochemistry, Biophysics and Molecular Biology.",3,Bachelor's Degree,6.0,3.0,PS,PS,PS,PS,PS,PS,PS,PS,PS,PS,PS,PS,PS,PS,6319,65466,44889,88432
112260.0,1170,Claremont McKenna College,"Private, nonprofit",1,2615,Neurobiology and Neurosciences.,3,Bachelor's Degree,11.0,12.0,0,PS,PS,PS,PS,PS,PS,PS,PS,PS,PS,PS,PS,PS,3745,62451,40736,88598
112260.0,1170,Claremont McKenna College,"Private, nonprofit",1,2701,Mathematics.,3,Bachelor's Degree,21.0,11.0,1,PS,PS,PS,PS,PS,PS,PS,PS,PS,PS,PS,PS,PS,15976,69562,49058,97414
112260.0,1170,Claremont McKenna College,"Private, nonprofit",1,3006,Systems Science and Theory.,3,Bachelor's Degree,16.0,32.0,PS,PS,PS,PS,PS,PS,PS,PS,PS,PS,PS,PS,PS,PS,313,88036,56212,134909
112260.0,1170,Claremont McKenna College,"Private, nonprofit",1,3013,Medieval and Renaissance Studies.,3,Bachelor's Degree,0.0,0.0,PS,PS,PS,PS,PS,PS,PS,PS,PS,PS,PS,PS,PS,PS,PS,PS,PS,PS
112260.0,1170,Claremont McKenna College,"Private, nonprofit",1,3015,"Science, Technology and Society.",3,Bachelor's Degree,0.0,0.0,0,PS,PS,PS,PS,PS,PS,PS,PS,PS,PS,PS,PS,PS,PS,PS,PS,PS
112260.0,1170,Claremont McKenna College,"Private, nonprofit",1,3020,International/Globalization Studies.,3,Bachelor's Degree,0.0,0.0,PS,PS,PS,PS,PS,PS,PS,PS,PS,PS,PS,PS,PS,PS,5436,59972,40760,82911
112260.0,1170,Claremont McKenna College,"Private, nonprofit",1,3025,Cognitive Science.,3,Bachelor's Degree,0.0,2.0,PS,PS,PS,PS,PS,PS,PS,PS,PS,PS,PS,PS,PS,PS,PS,PS,PS,PS
112260.0,1170,Claremont McKenna College,"Private, nonprofit",1,3027,Human Biology.,3,Bachelor's Degree,2.0,3.0,0,PS,PS,PS,PS,PS,PS,PS,PS,PS,PS,PS,PS,PS,611,64732,42154,98218
112260.0,1170,Claremont McKenna College,"Private, nonprofit",1,3099,"Multi/Interdisciplinary Studies, Other.",3,Bachelor's Degree,35.0,25.0,0,PS,PS,PS,PS,PS,PS,PS,PS,PS,PS,PS,PS,PS,27598,55693,40311,72165
112260.0,1170,Claremont McKenna College,"Private, nonprofit",1,3801,Philosophy.,3,Bachelor's Degree,21.0,20.0,0,PS,PS,PS,PS,PS,PS,PS,PS,PS,PS,PS,PS,PS,PS,PS,PS,PS
112260.0,1170,Claremont McKenna College,"Private, nonprofit",1,3802,Religion/Religious Studies.,3,Bachelor's Degree,2.0,3.0,PS,PS,PS,PS,PS,PS,PS,PS,PS,PS,PS,PS,PS,PS,PS,PS,PS,PS
112260.0,1170,Claremont McKenna College,"Private, nonprofit",1,4005,Chemistry.,3,Bachelor's Degree,3.0,2.0,0,PS,PS,PS,PS,PS,PS,PS,PS,PS,PS,PS,PS,PS,10453,65120,48307,84018
112260.0,1170,Claremont McKenna College,"Private, nonprofit",1,4006,Geological and Earth Sciences/Geosciences.,3,Bachelor's Degree,0.0,0.0,PS,PS,PS,PS,PS,PS,PS,PS,PS,PS,PS,PS,PS,PS,PS,PS,PS,PS
112260.0,1170,Claremont McKenna College,"Private, nonprofit",1,4008,Physics.,3,Bachelor's Degree,6.0,5.0,PS,PS,PS,PS,PS,PS,PS,PS,PS,PS,PS,PS,PS,PS,5602,76786,51777,102948
112260.0,1170,Claremont McKenna College,"Private, nonprofit",1,4201,"Psychology, General.",3,Bachelor's Degree,0.0,0.0,1,PS,PS,PS,PS,PS,PS,PS,PS,PS,PS,PS,PS,PS,102536,50706,35740,67229
112260.0,1170,Claremont McKenna College,"Private, nonprofit",1,4227,Research and Experimental Psychology.,3,Bachelor's Degree,29.0,35.0,PS,PS,PS,PS,PS,PS,PS,PS,PS,PS,PS,PS,PS,PS,7947,55695,38073,76465
112260.0,1170,Claremont McKenna College,"Private, nonprofit",1,4405,Public Policy Analysis.,3,Bachelor's Degree,11.0,12.0,PS,PS,PS,PS,PS,PS,PS,PS,PS,PS,PS,PS,PS,PS,1612,73721,53280,104068
112260.0,1170,Claremont McKenna College,"Private, nonprofit",1,4502,Anthropology.,3,Bachelor's Degree,0.0,2.0,PS,PS,PS,PS,PS,PS,PS,PS,PS,PS,PS,PS,PS,PS,PS,PS,PS,PS
112260.0,1170,Claremont McKenna College,"Private, nonprofit",1,4506,Economics.,3,Bachelor's Degree,129.0,124.0,3,23,151744,21,PS,PS,PS,PS,PS,PS,PS,PS,PS,PS,28744,82686,58184,116323
112260.0,1170,Claremont McKenna College,"Private, nonprofit",1,4509,International Relations and National Security Studies.,3,Bachelor's Degree,30.0,28.0,1,PS,PS,PS,PS,PS,PS,PS,PS,PS,PS,PS,PS,PS,8070,66596,46031,87798
112260.0,1170,Claremont McKenna College,"Private, nonprofit",1,4510,Political Science and Government.,3,Bachelor's Degree,46.0,34.0,1,PS,PS,PS,PS,PS,PS,PS,PS,PS,PS,PS,PS,PS,36628,63293,44760,85406
112260.0,1170,Claremont McKenna College,"Private, nonprofit",1,4511,Sociology.,3,Bachelor's Degree,1.0,0.0,PS,PS,PS,PS,PS,PS,PS,PS,PS,PS,PS,PS,PS,PS,PS,PS,PS,PS
112260.0,1170,Claremont McKenna College,"Private, nonprofit",1,5003,Dance.,3,Bachelor's Degree,0.0,0.0,0,PS,PS,PS,PS,PS,PS,PS,PS,PS,PS,PS,PS,PS,2823,39980,24910,57333
112260.0,1170,Claremont McKenna College,"Private, nonprofit",1,5005,Drama/Theatre Arts and Stagecraft.,3,Bachelor's Degree,0.0,0.0,0,PS,PS,PS,PS,PS,PS,PS,PS,PS,PS,PS,PS,PS,PS,PS,PS,PS
112260.0,1170,Claremont McKenna College,"Private, nonprofit",1,5006,Film/Video and Photographic Arts.,3,Bachelor's Degree,7.0,4.0,PS,PS,PS,PS,PS,PS,PS,PS,PS,PS,PS,PS,PS,PS,PS,PS,PS,PS
112260.0,1170,Claremont McKenna College,"Private, nonprofit",1,5007,Fine and Studio Arts.,3,Bachelor's Degree,1.0,2.0,PS,PS,PS,PS,PS,PS,PS,PS,PS,PS,PS,PS,PS,PS,26935,41367,26241,56653
112260.0,1170,Claremont McKenna College,"Private, nonprofit",1,5009,Music.,3,Bachelor's Degree,0.0,0.0,PS,PS,PS,PS,PS,PS,PS,PS,PS,PS,PS,PS,PS,PS,PS,PS,PS,PS
112260.0,1170,Claremont McKenna College,"Private, nonprofit",1,5203,Accounting and Related Services.,3,Bachelor's Degree,5.0,10.0,0,PS,PS,PS,PS,PS,PS,PS,PS,PS,PS,PS,PS,PS,63013,76194,56205,97191
112260.0,1170,Claremont McKenna College,"Private, nonprofit",1,5208,Finance and Financial Management Services.,5,Master's Degree,18.0,13.0,1,PS,PS,PS,PS,PS,PS,PS,PS,PS,PS,PS,PS,PS,3403,110694,75597,157777
112260.0,1170,Claremont McKenna College,"Private, nonprofit",1,5210,Human Resources Management and Services.,3,Bachelor's Degree,1.0,0.0,0,PS,PS,PS,PS,PS,PS,PS,PS,PS,PS,PS,PS,PS,13480,68069,50156,90619
112260.0,1170,Claremont McKenna College,"Private, nonprofit",1,5401,History.,3,Bachelor's Degree,12.0,16.0,PS,PS,PS,PS,PS,PS,PS,PS,PS,PS,PS,PS,PS,PS,23671,50680,36330,66736
112394.0,1177,University of Silicon Valley,"Private, for-profit",1,1003,Graphic Communications.,3,Bachelor's Degree,35.0,26.0,5,41,56685,29,PS,PS,PS,PS,25,64642,16,37718,PS,33,3496,43283,27166,64326
112394.0,1177,University of Silicon Valley,"Private, for-profit",1,1102,Computer Programming.,1,Undergraduate Certificate or Diploma,3.0,0.0,PS,PS,PS,PS,PS,PS,PS,PS,PS,PS,PS,PS,PS,PS,PS,PS,PS,PS
112394.0,1177,University of Silicon Valley,"Private, for-profit",1,1102,Computer Programming.,3,Bachelor's Degree,8.0,9.0,1,PS,PS,PS,PS,PS,PS,PS,PS,PS,PS,PS,PS,PS,1646,83439,54167,114436
112394.0,1177,University of Silicon Valley,"Private, for-profit",1,1108,Computer Software and Media Applications.,3,Bachelor's Degree,17.0,15.0,0,PS,PS,PS,PS,PS,PS,PS,PS,PS,PS,PS,PS,PS,3796,58894,35549,88211
112394.0,1177,University of Silicon Valley,"Private, for-profit",1,1512,Computer Engineering Technologies/Technicians.,3,Bachelor's Degree,,,0,PS,PS,PS,PS,PS,PS,PS,PS,PS,PS,PS,PS,PS,1134,83742,58477,110912
112394.0,1177,University of Silicon Valley,"Private, for-profit",1,5004,Design and Applied Arts.,3,Bachelor's Degree,24.0,19.0,0,PS,PS,PS,PS,PS,PS,PS,PS,PS,PS,PS,PS,PS,23871,51490,33006,70612
112394.0,1177,University of Silicon Valley,"Private, for-profit",1,5009,Music.,1,Undergraduate Certificate or Diploma,,0.0,,,,,,,,,,,,,,,PS,PS,PS,PS
112394.0,1177,University of Silicon Valley,"Private, for-profit",1,5009,Music.,3,Bachelor's Degree,9.0,10.0,3,PS,PS,PS,PS,PS,PS,PS,PS,PS,PS,PS,PS,PS,14715,42892,26048,58755
112394.0,1177,University of Silicon Valley,"Private, for-profit",1,5202,"Business Administration, Management and Operations.",1,Undergraduate Certificate or Diploma,,0.0,,,,,,,,,,,,,,,PS,PS,PS,PS
112394.0,1177,University of Silicon Valley,"Private, for-profit",1,5202,"Business Administration, Management and Operations.",3,Bachelor's Degree,3.0,2.0,PS,PS,PS,PS,PS,PS,PS,PS,PS,PS,PS,PS,PS,PS,183303,68257,47618,93584
112394.0,1177,University of Silicon Valley,"Private, for-profit",1,5202,"Business Administration, Management and Operations.",5,Master's Degree,0.0,5.0,PS,PS,PS,PS,PS,PS,PS,PS,PS,PS,PS,PS,PS,PS,PS,PS,PS,PS
112394.0,1177,University of Silicon Valley,"Private, for-profit",1,5207,Entrepreneurial and Small Business Operations.,3,Bachelor's Degree,,,0,PS,PS,PS,PS,PS,PS,PS,PS,PS,PS,PS,PS,PS,3469,61027,38487,88452
112394.0,1177,University of Silicon Valley,"Private, for-profit",1,5207,Entrepreneurial and Small Business Operations.,5,Master's Degree,3.0,2.0,PS,PS,PS,PS,PS,PS,PS,PS,PS,PS,PS,PS,PS,PS,PS,PS,PS,PS
112525.0,24827,Western University of Health Sciences,"Private, nonprofit",1,180,Veterinary Medicine.,7,First Professional Degree,103.0,106.0,7,172,131257,167,59,134304,112,129694,31,160714,140,128991,PS,83,5174,131316,98934,172192
112525.0,24827,Western University of Health Sciences,"Private, nonprofit",1,2601,"Biology, General.",5,Master's Degree,12.0,9.0,0,PS,PS,PS,PS,PS,PS,PS,PS,PS,PS,PS,PS,PS,3962,69830,50928,96355
112525.0,24827,Western University of Health Sciences,"Private, nonprofit",1,5104,Dentistry.,7,First Professional Degree,75.0,72.0,3,120,143654,111,65,142785,55,158082,66,154406,54,128256,PS,54,7817,170812,110187,239976
112525.0,24827,Western University of Health Sciences,"Private, nonprofit",1,5109,"Allied Health Diagnostic, Intervention, and Treatment Professions.",5,Master's Degree,91.0,95.0,1,PS,PS,PS,PS,PS,PS,PS,PS,PS,PS,PS,PS,PS,15912,127347,103242,152756
112525.0,24827,Western University of Health Sciences,"Private, nonprofit",1,5111,Health/Medical Preparatory Programs.,5,Master's Degree,35.0,31.0,2,38,70144,37,PS,PS,PS,PS,PS,PS,PS,PS,35,26,125,72125,57659,94171
112525.0,24827,Western University of Health Sciences,"Private, nonprofit",1,5112,Medicine.,7,First Professional Degree,362.0,358.0,12,614,231526,606,266,231341,348,232043,339,231692,275,228439,PS,297,36252,112460,77012,214525
112525.0,24827,Western University of Health Sciences,"Private, nonprofit",1,5117,Optometry.,7,First Professional Degree,75.0,69.0,9,125,111013,119,66,113743,60,109966,41,122050,85,103547,PS,81,1973,131525,100524,158455
112525.0,24827,Western University of Health Sciences,"Private, nonprofit",1,5120,"Pharmacy, Pharmaceutical Sciences, and Administration.",5,Master's Degree,5.0,8.0,PS,PS,PS,PS,PS,PS,PS,PS,PS,PS,PS,PS,PS,PS,889,129214,87956,170566
112525.0,24827,Western University of Health Sciences,"Private, nonprofit",1,5120,"Pharmacy, Pharmaceutical Sciences, and Administration.",7,First Professional Degree,133.0,118.0,7,230,158653,221,137,156685,93,164757,70,178575,160,152175,PS,210,15557,138348,120409,158074
112525.0,24827,Western University of Health Sciences,"Private, nonprofit",1,5123,Rehabilitation and Therapeutic Professions.,7,First Professional Degree,57.0,51.0,0,PS,PS,PS,PS,PS,PS,PS,PS,PS,PS,PS,PS,PS,5234,81641,67036,93971
112525.0,24827,Western University of Health Sciences,"Private, nonprofit",1,5138,"Registered Nursing, Nursing Administration, Nursing Research and Clinical Nursing.",5,Master's Degree,146.0,82.0,0,PS,PS,PS,PS,PS,PS,PS,PS,PS,PS,PS,PS,PS,63874,120193,94642,149472
112525.0,24827,Western University of Health Sciences,"Private, nonprofit",1,5138,"Registered Nursing, Nursing Administration, Nursing Research and Clinical Nursing.",6,Doctoral Degree,,,0,PS,PS,PS,PS,PS,PS,PS,PS,PS,PS,PS,PS,PS,8559,138131,106294,185434
112525.0,24827,Western University of Health Sciences,"Private, nonprofit",1,5138,"Registered Nursing, Nursing Administration, Nursing Research and Clinical Nursing.",7,First Professional Degree,8.0,4.0,PS,PS,PS,PS,PS,PS,PS,PS,PS,PS,PS,PS,PS,PS,PS,PS,PS,PS
112525.0,24827,Western University of Health Sciences,"Private, nonprofit",1,5138,"Registered Nursing, Nursing Administration, Nursing Research and Clinical Nursing.",8,Graduate/Professional Certificate,31.0,51.0,1,PS,PS,PS,PS,PS,PS,PS,PS,PS,PS,PS,PS,PS,2025,126911,95167,159903
112525.0,24827,Western University of Health Sciences,"Private, nonprofit",1,5199,"Health Professions and Related Clinical Sciences, Other.",5,Master's Degree,1.0,7.0,1,PS,PS,PS,PS,PS,PS,PS,PS,PS,PS,PS,PS,PS,989,81651,58278,134036
113698.0,1196,Dominican University of California,"Private, nonprofit",1,999,"Communication, Journalism, and Related Programs, Other.",3,Bachelor's Degree,10.0,6.0,1,PS,PS,PS,PS,PS,PS,PS,PS,PS,PS,PS,PS,PS,1349,55384,39832,74512
113698.0,1196,Dominican University of California,"Private, nonprofit",1,1102,Computer Programming.,3,Bachelor's Degree,77.0,33.0,PS,PS,PS,PS,PS,PS,PS,PS,PS,PS,PS,PS,PS,PS,PS,PS,PS,PS
113698.0,1196,Dominican University of California,"Private, nonprofit",1,1301,"Education, General.",3,Bachelor's Degree,3.0,5.0,PS,PS,PS,PS,PS,PS,PS,PS,PS,PS,PS,PS,PS,PS,PS,PS,PS,PS
113698.0,1196,Dominican University of California,"Private, nonprofit",1,1301,"Education, General.",5,Master's Degree,11.0,18.0,PS,PS,PS,PS,PS,PS,PS,PS,PS,PS,PS,PS,PS,PS,PS,PS,PS,PS
113698.0,1196,Dominican University of California,"Private, nonprofit",1,1303,Curriculum and Instruction.,5,Master's Degree,0.0,,1,PS,PS,PS,PS,PS,PS,PS,PS,PS,PS,PS,PS,PS,18183,63399,51716,78118
113698.0,1196,Dominican University of California,"Private, nonprofit",1,1310,Special Education and Teaching.,5,Master's Degree,0.0,,0,PS,PS,PS,PS,PS,PS,PS,PS,PS,PS,PS,PS,PS,21493,64397,52390,79764
113698.0,1196,Dominican University of California,"Private, nonprofit",1,1312,"Teacher Education and Professional Development, Specific Levels and Methods.",5,Master's Degree,6.0,,0,PS,PS,PS,PS,PS,PS,PS,PS,PS,PS,PS,PS,PS,30920,59916,48965,72958
113698.0,1196,Dominican University of California,"Private, nonprofit",1,2301,"English Language and Literature, General.",3,Bachelor's Degree,2.0,4.0,0,PS,PS,PS,PS,PS,PS,PS,PS,PS,PS,PS,PS,PS,33025,48590,33654,63810
113698.0,1196,Dominican University of California,"Private, nonprofit",1,2313,Rhetoric and Composition/Writing Studies.,3,Bachelor's Degree,,,PS,PS,PS,PS,PS,PS,PS,PS,PS,PS,PS,PS,PS,PS,8509,48471,32167,67306
113698.0,1196,Dominican University of California,"Private, nonprofit",1,2313,Rhetoric and Composition/Writing Studies.,5,Master's Degree,4.0,4.0,PS,PS,PS,PS,PS,PS,PS,PS,PS,PS,PS,PS,PS,PS,PS,PS,PS,PS
113698.0,1196,Dominican University of California,"Private, nonprofit",1,2401,"Liberal Arts and Sciences, General Studies and Humanities.",3,Bachelor's Degree,7.0,4.0,1,PS,PS,PS,PS,PS,PS,PS,PS,PS,PS,PS,PS,PS,50554,53072,35750,73322
113698.0,1196,Dominican University of California,"Private, nonprofit",1,2401,"Liberal Arts and Sciences, General Studies and Humanities.",5,Master's Degree,6.0,2.0,0,PS,PS,PS,PS,PS,PS,PS,PS,PS,PS,PS,PS,PS,2419,65716,45452,93350
113698.0,1196,Dominican University of California,"Private, nonprofit",1,2601,"Biology, General.",3,Bachelor's Degree,44.0,18.0,1,16,91956,PS,PS,PS,PS,PS,PS,PS,PS,PS,PS,16,57101,57214,38929,79199
113698.0,1196,Dominican University of California,"Private, nonprofit",1,2601,"Biology, General.",5,Master's Degree,11.0,6.0,0,PS,PS,PS,PS,PS,PS,PS,PS,PS,PS,PS,PS,PS,3962,69830,50928,96355
113698.0,1196,Dominican University of California,"Private, nonprofit",1,2602,"Biochemistry, Biophysics and Molecular Biology.",3,Bachelor's Degree,,,0,PS,PS,PS,PS,PS,PS,PS,PS,PS,PS,PS,PS,PS,6319,65466,44889,88432
113698.0,1196,Dominican University of California,"Private, nonprofit",1,2613,"Ecology, Evolution, Systematics, and Population Biology.",3,Bachelor's Degree,,,0,PS,PS,PS,PS,PS,PS,PS,PS,PS,PS,PS,PS,PS,3201,48842,36007,64274
113698.0,1196,Dominican University of California,"Private, nonprofit",1,3000,"Multi-/Interdisciplinary Studies, General.",3,Bachelor's Degree,2.0,1.0,PS,PS,PS,PS,PS,PS,PS,PS,PS,PS,PS,PS,PS,PS,5152,50532,33727,70500
113698.0,1196,Dominican University of California,"Private, nonprofit",1,3020,International/Globalization Studies.,3,Bachelor's Degree,0.0,,0,PS,PS,PS,PS,PS,PS,PS,PS,PS,PS,PS,PS,PS,5436,59972,40760,82911
113698.0,1196,Dominican University of California,"Private, nonprofit",1,4005,Chemistry.,3,Bachelor's Degree,8.0,5.0,0,PS,PS,PS,PS,PS,PS,PS,PS,PS,PS,PS,PS,PS,10453,65120,48307,84018
113698.0,1196,Dominican University of California,"Private, nonprofit",1,4201,"Psychology, General.",3,Bachelor's Degree,25.0,23.0,0,PS,PS,PS,PS,PS,PS,PS,PS,PS,PS,PS,PS,PS,102536,50706,35740,67229
113698.0,1196,Dominican University of California,"Private, nonprofit",1,4228,"Clinical, Counseling and Applied Psychology.",5,Master's Degree,23.0,23.0,3,PS,PS,PS,PS,PS,PS,PS,PS,PS,PS,PS,PS,PS,22438,65184,47881,83770
113698.0,1196,Dominican University of California,"Private, nonprofit",1,4510,Political Science and Government.,3,Bachelor's Degree,7.0,4.0,0,PS,PS,PS,PS,PS,PS,PS,PS,PS,PS,PS,PS,PS,36628,63293,44760,85406
113698.0,1196,Dominican University of California,"Private, nonprofit",1,4599,"Social Sciences, Other.",3,Bachelor's Degree,1.0,6.0,PS,PS,PS,PS,PS,PS,PS,PS,PS,PS,PS,PS,PS,PS,PS,PS,PS,PS
113698.0,1196,Dominican University of California,"Private, nonprofit",1,5001,"Visual and Performing Arts, General.",3,Bachelor's Degree,1.0,1.0,PS,PS,PS,PS,PS,PS,PS,PS,PS,PS,PS,PS,PS,PS,PS,PS,PS,PS
113698.0,1196,Dominican University of California,"Private, nonprofit",1,5003,Dance.,3,Bachelor's Degree,4.0,13.0,1,PS,PS,PS,PS,PS,PS,PS,PS,PS,PS,PS,PS,PS,2823,39980,24910,57333
113698.0,1196,Dominican University of California,"Private, nonprofit",1,5004,Design and Applied Arts.,3,Bachelor's Degree,5.0,5.0,PS,PS,PS,PS,PS,PS,PS,PS,PS,PS,PS,PS,PS,PS,23871,51490,33006,70612
113698.0,1196,Dominican University of California,"Private, nonprofit",1,5007,Fine and Studio Arts.,3,Bachelor's Degree,1.0,1.0,0,PS,PS,PS,PS,PS,PS,PS,PS,PS,PS,PS,PS,PS,26935,41367,26241,56653
113698.0,1196,Dominican University of California,"Private, nonprofit",1,5009,Music.,3,Bachelor's Degree,1.0,3.0,PS,PS,PS,PS,PS,PS,PS,PS,PS,PS,PS,PS,PS,PS,PS,PS,PS,PS
113698.0,1196,Dominican University of California,"Private, nonprofit",1,5100,"Health Services/Allied Health/Health Sciences, General.",3,Bachelor's Degree,19.0,16.0,1,20,102143,20,PS,PS,PS,PS,PS,PS,PS,PS,PS,PS,14079,61296,42849,82291
113698.0,1196,Dominican University of California,"Private, nonprofit",1,5109,"Allied Health Diagnostic, Intervention, and Treatment Professions.",5,Master's Degree,26.0,32.0,PS,PS,PS,PS,PS,PS,PS,PS,PS,PS,PS,PS,PS,PS,PS,PS,PS,PS
113698.0,1196,Dominican University of California,"Private, nonprofit",1,5110,Clinical/Medical Laboratory Science/Research and Allied Professions.,5,Master's Degree,,,0,PS,PS,PS,PS,PS,PS,PS,PS,PS,PS,PS,PS,PS,500,90984,70591,118208
113698.0,1196,Dominican University of California,"Private, nonprofit",1,5122,Public Health.,3,Bachelor's Degree,15.0,15.0,0,PS,PS,PS,PS,PS,PS,PS,PS,PS,PS,PS,PS,PS,15585,58808,41981,79154
113698.0,1196,Dominican University of California,"Private, nonprofit",1,5123,Rehabilitation and Therapeutic Professions.,5,Master's Degree,61.0,79.0,1,32,98885,30,PS,PS,PS,PS,PS,PS,PS,PS,PS,24,13189,71416,53551,86212
113698.0,1196,Dominican University of California,"Private, nonprofit",1,5123,Rehabilitation and Therapeutic Professions.,6,Doctoral Degree,0.0,2.0,PS,PS,PS,PS,PS,PS,PS,PS,PS,PS,PS,PS,PS,PS,PS,PS,PS,PS
113698.0,1196,Dominican University of California,"Private, nonprofit",1,5138,"Registered Nursing, Nursing Administration, Nursing Research and Clinical Nursing.",3,Bachelor's Degree,115.0,121.0,1,61,149349,60,36,150829,25,147831,PS,PS,PS,PS,PS,54,177924,88910,67853,114470
113698.0,1196,Dominican University of California,"Private, nonprofit",1,5202,"Business Administration, Management and Operations.",3,Bachelor's Degree,45.0,53.0,3,24,96193,21,PS,PS,PS,PS,PS,PS,PS,PS,PS,22,183303,68257,47618,93584
113698.0,1196,Dominican University of California,"Private, nonprofit",1,5202,"Business Administration, Management and Operations.",5,Master's Degree,26.0,33.0,0,PS,PS,PS,PS,PS,PS,PS,PS,PS,PS,PS,PS,PS,122193,103485,69982,153484
113698.0,1196,Dominican University of California,"Private, nonprofit",1,5203,Accounting and Related Services.,5,Master's Degree,0.0,10.0,PS,PS,PS,PS,PS,PS,PS,PS,PS,PS,PS,PS,PS,PS,PS,PS,PS,PS
113698.0,1196,Dominican University of California,"Private, nonprofit",1,5213,Management Sciences and Quantitative Methods.,5,Master's Degree,17.0,15.0,PS,PS,PS,PS,PS,PS,PS,PS,PS,PS,PS,PS,PS,PS,PS,PS,PS,PS
113698.0,1196,Dominican University of California,"Private, nonprofit",1,5299,"Business, Management, Marketing, and Related Support Services, Other.",5,Master's Degree,51.0,288.0,PS,PS,PS,PS,PS,PS,PS,PS,PS,PS,PS,PS,PS,PS,PS,PS,PS,PS
113698.0,1196,Dominican University of California,"Private, nonprofit",1,5401,History.,3,Bachelor's Degree,2.0,4.0,0,PS,PS,PS,PS,PS,PS,PS,PS,PS,PS,PS,PS,PS,23671,50680,36330,66736
113704.0,1296,Dominican School of Philosophy & Theology,"Private, nonprofit",1,3801,Philosophy.,5,Master's Degree,3.0,4.0,PS,PS,PS,PS,PS,PS,PS,PS,PS,PS,PS,PS,PS,PS,381,60272,35130,84227
113704.0,1296,Dominican School of Philosophy & Theology,"Private, nonprofit",1,3801,Philosophy.,8,Graduate/Professional Certificate,1.0,1.0,,,,,,,,,,,,,,,PS,PS,PS,PS
113704.0,1296,Dominican School of Philosophy & Theology,"Private, nonprofit",1,3906,Theological and Ministerial Studies.,5,Master's Degree,8.0,4.0,5,PS,PS,PS,PS,PS,PS,PS,PS,PS,PS,PS,PS,PS,6997,61300,40587,91229
113704.0,1296,Dominican School of Philosophy & Theology,"Private, nonprofit",1,3906,Theological and Ministerial Studies.,8,Graduate/Professional Certificate,3.0,4.0,PS,PS,PS,PS,PS,PS,PS,PS,PS,PS,PS,PS,PS,PS,PS,PS,PS,PS
114549.0,20961,Fielding Graduate University,"Private, nonprofit",1,1304,Educational Administration and Supervision.,5,Master's Degree,,40.0,0,PS,PS,PS,PS,PS,PS,PS,PS,PS,PS,PS,PS,PS,32412,71685,57739,90151
114549.0,20961,Fielding Graduate University,"Private, nonprofit",1,1304,Educational Administration and Supervision.,6,Doctoral Degree,6.0,10.0,8,27,75693,24,PS,PS,PS,PS,PS,PS,PS,PS,PS,PS,7878,100573,76116,135360
114549.0,20961,Fielding Graduate University,"Private, nonprofit",1,1304,Educational Administration and Supervision.,8,Graduate/Professional Certificate,,,0,PS,PS,PS,PS,PS,PS,PS,PS,PS,PS,PS,PS,PS,3150,86288,68333,108948
114549.0,20961,Fielding Graduate University,"Private, nonprofit",1,1907,"Human Development, Family Studies, and Related Services.",5,Master's Degree,16.0,18.0,PS,PS,PS,PS,PS,PS,PS,PS,PS,PS,PS,PS,PS,PS,PS,PS,PS,PS
114549.0,20961,Fielding Graduate University,"Private, nonprofit",1,1907,"Human Development, Family Studies, and Related Services.",6,Doctoral Degree,12.0,15.0,0,PS,PS,PS,PS,PS,PS,PS,PS,PS,PS,PS,PS,PS,132,92538,66879,112995
114549.0,20961,Fielding Graduate University,"Private, nonprofit",1,4201,"Psychology, General.",5,Master's Degree,,5.0,,,,,,,,,,,,,,,PS,PS,PS,PS
114549.0,20961,Fielding Graduate University,"Private, nonprofit",1,4201,"Psychology, General.",6,Doctoral Degree,,2.0,,,,,,,,,,,,,,,PS,PS,PS,PS
114549.0,20961,Fielding Graduate University,"Private, nonprofit",1,4228,"Clinical, Counseling and Applied Psychology.",5,Master's Degree,54.0,90.0,0,PS,PS,PS,PS,PS,PS,PS,PS,PS,PS,PS,PS,PS,22438,65184,47881,83770
114549.0,20961,Fielding Graduate University,"Private, nonprofit",1,4228,"Clinical, Counseling and Applied Psychology.",6,Doctoral Degree,59.0,53.0,5,62,105190,54,20,102585,42,110456,21,131613,41,98201,PS,PS,5714,99878,69652,126700
114549.0,20961,Fielding Graduate University,"Private, nonprofit",1,4228,"Clinical, Counseling and Applied Psychology.",8,Graduate/Professional Certificate,72.0,59.0,1,20,95420,18,PS,PS,PS,PS,PS,PS,PS,PS,PS,PS,1295,65509,48198,84220
114549.0,20961,Fielding Graduate University,"Private, nonprofit",1,5210,Human Resources Management and Services.,5,Master's Degree,31.0,75.0,1,16,100734,PS,PS,PS,PS,PS,PS,PS,PS,PS,PS,PS,10576,83558,58145,115680
114549.0,20961,Fielding Graduate University,"Private, nonprofit",1,5210,Human Resources Management and Services.,6,Doctoral Degree,12.0,11.0,6,20,154126,16,PS,PS,PS,PS,PS,PS,PS,PS,PS,PS,344,110734,68129,162763
114549.0,20961,Fielding Graduate University,"Private, nonprofit",1,5210,Human Resources Management and Services.,8,Graduate/Professional Certificate,61.0,62.0,4,PS,PS,PS,PS,PS,PS,PS,PS,PS,PS,PS,PS,PS,834,74850,53624,106515
114813.0,1253,Fresno Pacific University,"Private, nonprofit",1,301,Natural Resources Conservation and Research.,3,Bachelor's Degree,4.0,0.0,0,PS,PS,PS,PS,PS,PS,PS,PS,PS,PS,PS,PS,PS,15907,55012,39435,72794
114813.0,1253,Fresno Pacific University,"Private, nonprofit",1,502,"Ethnic, Cultural Minority, Gender, and Group Studies.",3,Bachelor's Degree,,1.0,0,PS,PS,PS,PS,PS,PS,PS,PS,PS,PS,PS,PS,PS,5420,51710,34946,68128
114813.0,1253,Fresno Pacific University,"Private, nonprofit",1,901,Communication and Media Studies.,3,Bachelor's Degree,9.0,8.0,0,PS,PS,PS,PS,PS,PS,PS,PS,PS,PS,PS,PS,PS,61357,56359,39575,76115
114813.0,1253,Fresno Pacific University,"Private, nonprofit",1,1301,"Education, General.",5,Master's Degree,,,0,PS,PS,PS,PS,PS,PS,PS,PS,PS,PS,PS,PS,PS,22487,65824,52724,82084
114813.0,1253,Fresno Pacific University,"Private, nonprofit",1,1303,Curriculum and Instruction.,5,Master's Degree,,1.0,0,PS,PS,PS,PS,PS,PS,PS,PS,PS,PS,PS,PS,PS,18183,63399,51716,78118
114813.0,1253,Fresno Pacific University,"Private, nonprofit",1,1304,Educational Administration and Supervision.,5,Master's Degree,10.0,5.0,0,PS,PS,PS,PS,PS,PS,PS,PS,PS,PS,PS,PS,PS,32412,71685,57739,90151
114813.0,1253,Fresno Pacific University,"Private, nonprofit",1,1304,Educational Administration and Supervision.,8,Graduate/Professional Certificate,,,0,PS,PS,PS,PS,PS,PS,PS,PS,PS,PS,PS,PS,PS,3150,86288,68333,108948
114813.0,1253,Fresno Pacific University,"Private, nonprofit",1,1305,Educational/Instructional Media Design.,8,Graduate/Professional Certificate,,,PS,PS,PS,PS,PS,PS,PS,PS,PS,PS,PS,PS,PS,PS,236,75166,57154,95092
114813.0,1253,Fresno Pacific University,"Private, nonprofit",1,1305,Educational/Instructional Media Design.,99,Non-Credential Program (Preparatory Coursework/Teacher Certification),,,,,,,,,,,,,,,,,PS,PS,PS,PS
114813.0,1253,Fresno Pacific University,"Private, nonprofit",1,1310,Special Education and Teaching.,4,Post-baccalaureate Certificate,,,0,PS,PS,PS,PS,PS,PS,PS,PS,PS,PS,PS,PS,PS,343,63623,51615,75642
114813.0,1253,Fresno Pacific University,"Private, nonprofit",1,1310,Special Education and Teaching.,5,Master's Degree,12.0,9.0,0,PS,PS,PS,PS,PS,PS,PS,PS,PS,PS,PS,PS,PS,21493,64397,52390,79764
114813.0,1253,Fresno Pacific University,"Private, nonprofit",1,1310,Special Education and Teaching.,8,Graduate/Professional Certificate,0.0,0.0,PS,PS,PS,PS,PS,PS,PS,PS,PS,PS,PS,PS,PS,PS,PS,PS,PS,PS
114813.0,1253,Fresno Pacific University,"Private, nonprofit",1,1310,Special Education and Teaching.,99,Non-Credential Program (Preparatory Coursework/Teacher Certification),,,,,,,,,,,,,,,,,304,70406,57253,85837
114813.0,1253,Fresno Pacific University,"Private, nonprofit",1,1311,Student Counseling and Personnel Services.,5,Master's Degree,41.0,38.0,0,17,99410,17,PS,PS,PS,PS,PS,PS,PS,PS,PS,16,15495,60111,48192,74890
114813.0,1253,Fresno Pacific University,"Private, nonprofit",1,1311,Student Counseling and Personnel Services.,8,Graduate/Professional Certificate,0.0,0.0,PS,PS,PS,PS,PS,PS,PS,PS,PS,PS,PS,PS,PS,PS,380,64774,52462,89460
114813.0,1253,Fresno Pacific University,"Private, nonprofit",1,1311,Student Counseling and Personnel Services.,99,Non-Credential Program (Preparatory Coursework/Teacher Certification),,,,,,,,,,,,,,,,,74,65259,51127,90461
114813.0,1253,Fresno Pacific University,"Private, nonprofit",1,1312,"Teacher Education and Professional Development, Specific Levels and Methods.",3,Bachelor's Degree,86.0,0.0,11,93,55844,65,PS,PS,PS,PS,19,65346,74,53393,PS,90,50018,47382,38431,56096
114813.0,1253,Fresno Pacific University,"Private, nonprofit",1,1312,"Teacher Education and Professional Development, Specific Levels and Methods.",4,Post-baccalaureate Certificate,,,0,PS,PS,PS,PS,PS,PS,PS,PS,PS,PS,PS,PS,PS,311,58414,46801,76227
114813.0,1253,Fresno Pacific University,"Private, nonprofit",1,1312,"Teacher Education and Professional Development, Specific Levels and Methods.",5,Master's Degree,66.0,73.0,0,PS,PS,PS,PS,PS,PS,PS,PS,PS,PS,PS,PS,PS,30920,59916,48965,72958
114813.0,1253,Fresno Pacific University,"Private, nonprofit",1,1312,"Teacher Education and Professional Development, Specific Levels and Methods.",99,Non-Credential Program (Preparatory Coursework/Teacher Certification),,,,,,,,,,,,,,,,,709,57802,47934,73061
114813.0,1253,Fresno Pacific University,"Private, nonprofit",1,1313,"Teacher Education and Professional Development, Specific Subject Areas.",3,Bachelor's Degree,109.0,65.0,0,PS,PS,PS,PS,PS,PS,PS,PS,PS,PS,PS,PS,PS,22867,51389,40539,63098
114813.0,1253,Fresno Pacific University,"Private, nonprofit",1,1313,"Teacher Education and Professional Development, Specific Subject Areas.",4,Post-baccalaureate Certificate,,,0,PS,PS,PS,PS,PS,PS,PS,PS,PS,PS,PS,PS,PS,352,60439,48476,75274
114813.0,1253,Fresno Pacific University,"Private, nonprofit",1,1313,"Teacher Education and Professional Development, Specific Subject Areas.",5,Master's Degree,21.0,16.0,0,PS,PS,PS,PS,PS,PS,PS,PS,PS,PS,PS,PS,PS,19074,63707,51487,78905
114813.0,1253,Fresno Pacific University,"Private, nonprofit",1,1313,"Teacher Education and Professional Development, Specific Subject Areas.",8,Graduate/Professional Certificate,0.0,0.0,PS,PS,PS,PS,PS,PS,PS,PS,PS,PS,PS,PS,PS,PS,PS,PS,PS,PS
114813.0,1253,Fresno Pacific University,"Private, nonprofit",1,1313,"Teacher Education and Professional Development, Specific Subject Areas.",99,Non-Credential Program (Preparatory Coursework/Teacher Certification),,,,,,,,,,,,,,,,,646,59347,47639,74663
114813.0,1253,Fresno Pacific University,"Private, nonprofit",1,1399,"Education, Other.",4,Post-baccalaureate Certificate,,,,,,,,,,,,,,,,,95,56674,49392,72748
114813.0,1253,Fresno Pacific University,"Private, nonprofit",1,1512,Computer Engineering Technologies/Technicians.,3,Bachelor's Degree,5.0,11.0,PS,PS,PS,PS,PS,PS,PS,PS,PS,PS,PS,PS,PS,PS,1134,83742,58477,110912
114813.0,1253,Fresno Pacific University,"Private, nonprofit",1,1609,"Romance Languages, Literatures, and Linguistics.",3,Bachelor's Degree,7.0,1.0,0,PS,PS,PS,PS,PS,PS,PS,PS,PS,PS,PS,PS,PS,10363,55000,38411,73324
114813.0,1253,Fresno Pacific University,"Private, nonprofit",1,1907,"Human Development, Family Studies, and Related Services.",3,Bachelor's Degree,98.0,104.0,11,76,43775,56,PS,PS,PS,PS,PS,PS,PS,PS,PS,73,15127,48568,35149,62704
114813.0,1253,Fresno Pacific University,"Private, nonprofit",1,1907,"Human Development, Family Studies, and Related Services.",4,Post-baccalaureate Certificate,,,0,PS,PS,PS,PS,PS,PS,PS,PS,PS,PS,PS,PS,PS,36,67669,50366,77814
114813.0,1253,Fresno Pacific University,"Private, nonprofit",1,2200,Non-Professional Legal Studies.,3,Bachelor's Degree,5.0,1.0,0,PS,PS,PS,PS,PS,PS,PS,PS,PS,PS,PS,PS,PS,2380,61959,42689,82578
114813.0,1253,Fresno Pacific University,"Private, nonprofit",1,2301,"English Language and Literature, General.",3,Bachelor's Degree,5.0,0.0,1,PS,PS,PS,PS,PS,PS,PS,PS,PS,PS,PS,PS,PS,33025,48590,33654,63810
114813.0,1253,Fresno Pacific University,"Private, nonprofit",1,2401,"Liberal Arts and Sciences, General Studies and Humanities.",3,Bachelor's Degree,,155.0,PS,PS,PS,PS,PS,PS,PS,PS,PS,PS,PS,PS,PS,PS,PS,PS,PS,PS
114813.0,1253,Fresno Pacific University,"Private, nonprofit",1,2501,Library Science and Administration.,5,Master's Degree,,1.0,PS,PS,PS,PS,PS,PS,PS,PS,PS,PS,PS,PS,PS,PS,5521,56301,45620,68514
114813.0,1253,Fresno Pacific University,"Private, nonprofit",1,2601,"Biology, General.",3,Bachelor's Degree,8.0,6.0,0,PS,PS,PS,PS,PS,PS,PS,PS,PS,PS,PS,PS,PS,57101,57214,38929,79199
114813.0,1253,Fresno Pacific University,"Private, nonprofit",1,2609,"Physiology, Pathology and Related Sciences.",3,Bachelor's Degree,3.0,2.0,PS,PS,PS,PS,PS,PS,PS,PS,PS,PS,PS,PS,PS,PS,PS,PS,PS,PS
114813.0,1253,Fresno Pacific University,"Private, nonprofit",1,2613,"Ecology, Evolution, Systematics, and Population Biology.",3,Bachelor's Degree,1.0,1.0,0,PS,PS,PS,PS,PS,PS,PS,PS,PS,PS,PS,PS,PS,3201,48842,36007,64274
114813.0,1253,Fresno Pacific University,"Private, nonprofit",1,2699,"Biological and Biomedical Sciences, Other.",3,Bachelor's Degree,,7.0,0,PS,PS,PS,PS,PS,PS,PS,PS,PS,PS,PS,PS,PS,1154,65681,42778,90944
114813.0,1253,Fresno Pacific University,"Private, nonprofit",1,2701,Mathematics.,3,Bachelor's Degree,,,0,PS,PS,PS,PS,PS,PS,PS,PS,PS,PS,PS,PS,PS,15976,69562,49058,97414
114813.0,1253,Fresno Pacific University,"Private, nonprofit",1,2703,Applied Mathematics.,3,Bachelor's Degree,1.0,0.0,0,PS,PS,PS,PS,PS,PS,PS,PS,PS,PS,PS,PS,PS,2680,91532,63368,127252
114813.0,1253,Fresno Pacific University,"Private, nonprofit",1,3005,Peace Studies and Conflict Resolution.,5,Master's Degree,1.0,0.0,0,PS,PS,PS,PS,PS,PS,PS,PS,PS,PS,PS,PS,PS,577,70267,49057,94650
114813.0,1253,Fresno Pacific University,"Private, nonprofit",1,3005,Peace Studies and Conflict Resolution.,8,Graduate/Professional Certificate,0.0,0.0,PS,PS,PS,PS,PS,PS,PS,PS,PS,PS,PS,PS,PS,PS,PS,PS,PS,PS
114813.0,1253,Fresno Pacific University,"Private, nonprofit",1,3005,Peace Studies and Conflict Resolution.,99,Non-Credential Program (Preparatory Coursework/Teacher Certification),,,,,,,,,,,,,,,,,PS,PS,PS,PS
114813.0,1253,Fresno Pacific University,"Private, nonprofit",1,3099,"Multi/Interdisciplinary Studies, Other.",3,Bachelor's Degree,,,0,PS,PS,PS,PS,PS,PS,PS,PS,PS,PS,PS,PS,PS,27598,55693,40311,72165
114813.0,1253,Fresno Pacific University,"Private, nonprofit",1,3099,"Multi/Interdisciplinary Studies, Other.",5,Master's Degree,6.0,0.0,PS,PS,PS,PS,PS,PS,PS,PS,PS,PS,PS,PS,PS,PS,1342,75122,51610,109074
114813.0,1253,Fresno Pacific University,"Private, nonprofit",1,3105,"Sports, Kinesiology, and Physical Education/Fitness.",3,Bachelor's Degree,9.0,5.0,0,PS,PS,PS,PS,PS,PS,PS,PS,PS,PS,PS,PS,PS,48463,54562,39049,73020
114813.0,1253,Fresno Pacific University,"Private, nonprofit",1,3105,"Sports, Kinesiology, and Physical Education/Fitness.",5,Master's Degree,21.0,1.0,PS,PS,PS,PS,PS,PS,PS,PS,PS,PS,PS,PS,PS,PS,9292,62033,47943,80968
114813.0,1253,Fresno Pacific University,"Private, nonprofit",1,3801,Philosophy.,3,Bachelor's Degree,3.0,2.0,PS,PS,PS,PS,PS,PS,PS,PS,PS,PS,PS,PS,PS,PS,6085,54455,34926,78043
114813.0,1253,Fresno Pacific University,"Private, nonprofit",1,3902,Bible/Biblical Studies.,3,Bachelor's Degree,6.0,8.0,1,PS,PS,PS,PS,PS,PS,PS,PS,PS,PS,PS,PS,PS,2600,44533,29498,62259
114813.0,1253,Fresno Pacific University,"Private, nonprofit",1,3902,Bible/Biblical Studies.,5,Master's Degree,,,0,PS,PS,PS,PS,PS,PS,PS,PS,PS,PS,PS,PS,PS,453,56028,37387,81622
114813.0,1253,Fresno Pacific University,"Private, nonprofit",1,3906,Theological and Ministerial Studies.,5,Master's Degree,14.0,6.0,0,PS,PS,PS,PS,PS,PS,PS,PS,PS,PS,PS,PS,PS,6997,61300,40587,91229
114813.0,1253,Fresno Pacific University,"Private, nonprofit",1,3906,Theological and Ministerial Studies.,8,Graduate/Professional Certificate,0.0,0.0,PS,PS,PS,PS,PS,PS,PS,PS,PS,PS,PS,PS,PS,PS,PS,PS,PS,PS
114813.0,1253,Fresno Pacific University,"Private, nonprofit",1,3907,Pastoral Counseling and Specialized Ministries.,5,Master's Degree,,,0,PS,PS,PS,PS,PS,PS,PS,PS,PS,PS,PS,PS,PS,719,53024,32488,74113
114813.0,1253,Fresno Pacific University,"Private, nonprofit",1,3999,"Theology and Religious Vocations, Other.",5,Master's Degree,6.0,2.0,PS,PS,PS,PS,PS,PS,PS,PS,PS,PS,PS,PS,PS,PS,443,54640,34479,81272
114813.0,1253,Fresno Pacific University,"Private, nonprofit",1,4005,Chemistry.,3,Bachelor's Degree,2.0,0.0,0,PS,PS,PS,PS,PS,PS,PS,PS,PS,PS,PS,PS,PS,10453,65120,48307,84018
114813.0,1253,Fresno Pacific University,"Private, nonprofit",1,4201,"Psychology, General.",3,Bachelor's Degree,34.0,33.0,1,28,48305,22,PS,PS,PS,PS,PS,PS,PS,PS,PS,22,102536,50706,35740,67229
114813.0,1253,Fresno Pacific University,"Private, nonprofit",1,4228,"Clinical, Counseling and Applied Psychology.",5,Master's Degree,35.0,58.0,PS,PS,PS,PS,PS,PS,PS,PS,PS,PS,PS,PS,PS,PS,PS,PS,PS,PS
114813.0,1253,Fresno Pacific University,"Private, nonprofit",1,4228,"Clinical, Counseling and Applied Psychology.",8,Graduate/Professional Certificate,,,PS,PS,PS,PS,PS,PS,PS,PS,PS,PS,PS,PS,PS,PS,1295,65509,48198,84220
114813.0,1253,Fresno Pacific University,"Private, nonprofit",1,4301,Criminal Justice and Corrections.,3,Bachelor's Degree,9.0,1.0,0,PS,PS,PS,PS,PS,PS,PS,PS,PS,PS,PS,PS,PS,65120,55378,40158,74359
114813.0,1253,Fresno Pacific University,"Private, nonprofit",1,4301,Criminal Justice and Corrections.,8,Graduate/Professional Certificate,0.0,0.0,PS,PS,PS,PS,PS,PS,PS,PS,PS,PS,PS,PS,PS,PS,PS,PS,PS,PS
114813.0,1253,Fresno Pacific University,"Private, nonprofit",1,4304,Security Science and Technology.,3,Bachelor's Degree,,1.0,0,PS,PS,PS,PS,PS,PS,PS,PS,PS,PS,PS,PS,PS,2783,57805,41536,76538
114813.0,1253,Fresno Pacific University,"Private, nonprofit",1,4407,Social Work.,3,Bachelor's Degree,81.0,132.0,1,PS,PS,PS,PS,PS,PS,PS,PS,PS,PS,PS,PS,PS,28986,51790,39212,64160
114813.0,1253,Fresno Pacific University,"Private, nonprofit",1,4504,Criminology.,3,Bachelor's Degree,17.0,35.0,PS,PS,PS,PS,PS,PS,PS,PS,PS,PS,PS,PS,PS,PS,PS,PS,PS,PS
114813.0,1253,Fresno Pacific University,"Private, nonprofit",1,4509,International Relations and National Security Studies.,3,Bachelor's Degree,,,,,,,,,,,,,,,,,8070,66596,46031,87798
114813.0,1253,Fresno Pacific University,"Private, nonprofit",1,4510,Political Science and Government.,3,Bachelor's Degree,1.0,1.0,0,PS,PS,PS,PS,PS,PS,PS,PS,PS,PS,PS,PS,PS,36628,63293,44760,85406
114813.0,1253,Fresno Pacific University,"Private, nonprofit",1,4511,Sociology.,3,Bachelor's Degree,4.0,3.0,0,PS,PS,PS,PS,PS,PS,PS,PS,PS,PS,PS,PS,PS,31848,52657,37665,69502
114813.0,1253,Fresno Pacific University,"Private, nonprofit",1,5004,Design and Applied Arts.,3,Bachelor's Degree,2.0,0.0,0,PS,PS,PS,PS,PS,PS,PS,PS,PS,PS,PS,PS,PS,23871,51490,33006,70612
114813.0,1253,Fresno Pacific University,"Private, nonprofit",1,5005,Drama/Theatre Arts and Stagecraft.,3,Bachelor's Degree,2.0,0.0,PS,PS,PS,PS,PS,PS,PS,PS,PS,PS,PS,PS,PS,PS,14066,39775,25491,55399
114813.0,1253,Fresno Pacific University,"Private, nonprofit",1,5007,Fine and Studio Arts.,3,Bachelor's Degree,2.0,0.0,0,PS,PS,PS,PS,PS,PS,PS,PS,PS,PS,PS,PS,PS,26935,41367,26241,56653
114813.0,1253,Fresno Pacific University,"Private, nonprofit",1,5009,Music.,3,Bachelor's Degree,,2.0,0,PS,PS,PS,PS,PS,PS,PS,PS,PS,PS,PS,PS,PS,14715,42892,26048,58755
114813.0,1253,Fresno Pacific University,"Private, nonprofit",1,5107,Health and Medical Administrative Services.,3,Bachelor's Degree,10.0,20.0,1,PS,PS,PS,PS,PS,PS,PS,PS,PS,PS,PS,PS,PS,21334,58716,41903,80437
114813.0,1253,Fresno Pacific University,"Private, nonprofit",1,5109,"Allied Health Diagnostic, Intervention, and Treatment Professions.",3,Bachelor's Degree,,2.0,PS,PS,PS,PS,PS,PS,PS,PS,PS,PS,PS,PS,PS,PS,PS,PS,PS,PS
114813.0,1253,Fresno Pacific University,"Private, nonprofit",1,5109,"Allied Health Diagnostic, Intervention, and Treatment Professions.",5,Master's Degree,,,0,31,82327,29,PS,PS,PS,PS,PS,PS,PS,PS,PS,16,15912,127347,103242,152756
114813.0,1253,Fresno Pacific University,"Private, nonprofit",1,5111,Health/Medical Preparatory Programs.,3,Bachelor's Degree,9.0,0.0,PS,PS,PS,PS,PS,PS,PS,PS,PS,PS,PS,PS,PS,PS,PS,PS,PS,PS
114813.0,1253,Fresno Pacific University,"Private, nonprofit",1,5115,Mental and Social Health Services and Allied Professions.,5,Master's Degree,18.0,19.0,0,22,62514,18,PS,PS,PS,PS,PS,PS,PS,PS,PS,21,15919,59571,41812,76123
114813.0,1253,Fresno Pacific University,"Private, nonprofit",1,5123,Rehabilitation and Therapeutic Professions.,3,Bachelor's Degree,8.0,7.0,PS,PS,PS,PS,PS,PS,PS,PS,PS,PS,PS,PS,PS,PS,PS,PS,PS,PS
114813.0,1253,Fresno Pacific University,"Private, nonprofit",1,5138,"Registered Nursing, Nursing Administration, Nursing Research and Clinical Nursing.",3,Bachelor's Degree,9.0,1.0,1,PS,PS,PS,PS,PS,PS,PS,PS,PS,PS,PS,PS,PS,177924,88910,67853,114470
114813.0,1253,Fresno Pacific University,"Private, nonprofit",1,5138,"Registered Nursing, Nursing Administration, Nursing Research and Clinical Nursing.",5,Master's Degree,26.0,47.0,1,PS,PS,PS,PS,PS,PS,PS,PS,PS,PS,PS,PS,PS,63874,120193,94642,149472
114813.0,1253,Fresno Pacific University,"Private, nonprofit",1,5202,"Business Administration, Management and Operations.",3,Bachelor's Degree,108.0,106.0,6,90,75548,78,PS,PS,PS,PS,37,82759,53,68982,PS,79,183303,68257,47618,93584
114813.0,1253,Fresno Pacific University,"Private, nonprofit",1,5202,"Business Administration, Management and Operations.",5,Master's Degree,26.0,47.0,1,PS,PS,PS,PS,PS,PS,PS,PS,PS,PS,PS,PS,PS,122193,103485,69982,153484
114813.0,1253,Fresno Pacific University,"Private, nonprofit",1,5203,Accounting and Related Services.,3,Bachelor's Degree,9.0,3.0,1,PS,PS,PS,PS,PS,PS,PS,PS,PS,PS,PS,PS,PS,63013,76194,56205,97191
114813.0,1253,Fresno Pacific University,"Private, nonprofit",1,5210,Human Resources Management and Services.,3,Bachelor's Degree,2.0,1.0,8,88,70576,82,72,67104,17,104164,27,88789,61,67471,PS,84,13480,68069,50156,90619
114813.0,1253,Fresno Pacific University,"Private, nonprofit",1,5214,Marketing.,3,Bachelor's Degree,8.0,9.0,0,PS,PS,PS,PS,PS,PS,PS,PS,PS,PS,PS,PS,PS,48162,69303,49728,93152
114813.0,1253,Fresno Pacific University,"Private, nonprofit",1,5299,"Business, Management, Marketing, and Related Support Services, Other.",5,Master's Degree,3.0,0.0,1,18,89054,PS,PS,PS,PS,PS,PS,PS,PS,PS,PS,17,917,96656,68660,143554
114813.0,1253,Fresno Pacific University,"Private, nonprofit",1,5401,History.,3,Bachelor's Degree,8.0,2.0,1,PS,PS,PS,PS,PS,PS,PS,PS,PS,PS,PS,PS,PS,23671,50680,36330,66736
115083.0,1205,Golden Gate University,"Private, nonprofit",1,909,"Public Relations, Advertising, and Applied Communication.",8,Graduate/Professional Certificate,0.0,0.0,PS,PS,PS,PS,PS,PS,PS,PS,PS,PS,PS,PS,PS,PS,PS,PS,PS,PS
115083.0,1205,Golden Gate University,"Private, nonprofit",1,1101,"Computer and Information Sciences, General.",5,Master's Degree,19.0,28.0,PS,PS,PS,PS,PS,PS,PS,PS,PS,PS,PS,PS,PS,PS,5870,124201,87810,176258
115083.0,1205,Golden Gate University,"Private, nonprofit",1,1101,"Computer and Information Sciences, General.",8,Graduate/Professional Certificate,4.0,0.0,PS,PS,PS,PS,PS,PS,PS,PS,PS,PS,PS,PS,PS,PS,PS,PS,PS,PS
115083.0,1205,Golden Gate University,"Private, nonprofit",1,1104,Information Science/Studies.,1,Undergraduate Certificate or Diploma,1.0,0.0,,,,,,,,,,,,,,,PS,PS,PS,PS
115083.0,1205,Golden Gate University,"Private, nonprofit",1,1104,Information Science/Studies.,3,Bachelor's Degree,0.0,0.0,PS,PS,PS,PS,PS,PS,PS,PS,PS,PS,PS,PS,PS,PS,PS,PS,PS,PS
115083.0,1205,Golden Gate University,"Private, nonprofit",1,1104,Information Science/Studies.,5,Master's Degree,0.0,0.0,0,PS,PS,PS,PS,PS,PS,PS,PS,PS,PS,PS,PS,PS,PS,PS,PS,PS
115083.0,1205,Golden Gate University,"Private, nonprofit",1,1110,Computer/Information Technology Administration and Management.,5,Master's Degree,,3.0,,,,,,,,,,,,,,,PS,PS,PS,PS
115083.0,1205,Golden Gate University,"Private, nonprofit",1,1110,Computer/Information Technology Administration and Management.,8,Graduate/Professional Certificate,0.0,0.0,PS,PS,PS,PS,PS,PS,PS,PS,PS,PS,PS,PS,PS,PS,PS,PS,PS,PS
115083.0,1205,Golden Gate University,"Private, nonprofit",1,1199,"Computer and Information Sciences and Support Services, Other.",3,Bachelor's Degree,0.0,0.0,PS,PS,PS,PS,PS,PS,PS,PS,PS,PS,PS,PS,PS,PS,PS,PS,PS,PS
115083.0,1205,Golden Gate University,"Private, nonprofit",1,1199,"Computer and Information Sciences and Support Services, Other.",5,Master's Degree,0.0,0.0,PS,PS,PS,PS,PS,PS,PS,PS,PS,PS,PS,PS,PS,PS,PS,PS,PS,PS
115083.0,1205,Golden Gate University,"Private, nonprofit",1,2201,Law.,7,First Professional Degree,114.0,108.0,16,204,100773,188,86,105364,119,98134,81,105687,123,98810,PS,172,40183,107773,75568,176111
115083.0,1205,Golden Gate University,"Private, nonprofit",1,2202,Legal Research and Advanced Professional Studies.,3,Bachelor's Degree,,0.0,,,,,,,,,,,,,,,PS,PS,PS,PS
115083.0,1205,Golden Gate University,"Private, nonprofit",1,2202,Legal Research and Advanced Professional Studies.,5,Master's Degree,14.0,5.0,PS,PS,PS,PS,PS,PS,PS,PS,PS,PS,PS,PS,PS,PS,2905,101000,62617,153946
115083.0,1205,Golden Gate University,"Private, nonprofit",1,2202,Legal Research and Advanced Professional Studies.,6,Doctoral Degree,7.0,5.0,PS,PS,PS,PS,PS,PS,PS,PS,PS,PS,PS,PS,PS,PS,41,113071,72763,151352
115083.0,1205,Golden Gate University,"Private, nonprofit",1,2202,Legal Research and Advanced Professional Studies.,8,Graduate/Professional Certificate,0.0,0.0,PS,PS,PS,PS,PS,PS,PS,PS,PS,PS,PS,PS,PS,PS,PS,PS,PS,PS
115083.0,1205,Golden Gate University,"Private, nonprofit",1,2299,"Legal Professions and Studies, Other.",5,Master's Degree,,0.0,,,,,,,,,,,,,,,PS,PS,PS,PS
115083.0,1205,Golden Gate University,"Private, nonprofit",1,2401,"Liberal Arts and Sciences, General Studies and Humanities.",2,Associate's Degree,5.0,4.0,PS,PS,PS,PS,PS,PS,PS,PS,PS,PS,PS,PS,PS,PS,208003,44125,28893,61611
115083.0,1205,Golden Gate University,"Private, nonprofit",1,2703,Applied Mathematics.,5,Master's Degree,,2.0,,,,,,,,,,,,,,,PS,PS,PS,PS
115083.0,1205,Golden Gate University,"Private, nonprofit",1,3071,Data Analytics.,1,Undergraduate Certificate or Diploma,7.0,0.0,PS,PS,PS,PS,PS,PS,PS,PS,PS,PS,PS,PS,PS,PS,PS,PS,PS,PS
115083.0,1205,Golden Gate University,"Private, nonprofit",1,3071,Data Analytics.,3,Bachelor's Degree,,1.0,,,,,,,,,,,,,,,PS,PS,PS,PS
115083.0,1205,Golden Gate University,"Private, nonprofit",1,3071,Data Analytics.,5,Master's Degree,,4.0,,,,,,,,,,,,,,,PS,PS,PS,PS
115083.0,1205,Golden Gate University,"Private, nonprofit",1,4201,"Psychology, General.",3,Bachelor's Degree,,15.0,,,,,,,,,,,,,,,PS,PS,PS,PS
115083.0,1205,Golden Gate University,"Private, nonprofit",1,4201,"Psychology, General.",5,Master's Degree,1.0,0.0,3,22,90219,22,PS,PS,PS,PS,PS,PS,PS,PS,PS,21,5527,64711,45967,86199
115083.0,1205,Golden Gate University,"Private, nonprofit",1,4228,"Clinical, Counseling and Applied Psychology.",3,Bachelor's Degree,,0.0,,,,,,,,,,,,,,,PS,PS,PS,PS
115083.0,1205,Golden Gate University,"Private, nonprofit",1,4228,"Clinical, Counseling and Applied Psychology.",5,Master's Degree,33.0,52.0,PS,PS,PS,PS,PS,PS,PS,PS,PS,PS,PS,PS,PS,PS,22438,65184,47881,83770
115083.0,1205,Golden Gate University,"Private, nonprofit",1,4228,"Clinical, Counseling and Applied Psychology.",8,Graduate/Professional Certificate,22.0,0.0,PS,PS,PS,PS,PS,PS,PS,PS,PS,PS,PS,PS,PS,PS,1295,65509,48198,84220
115083.0,1205,Golden Gate University,"Private, nonprofit",1,4299,"Psychology, Other.",5,Master's Degree,0.0,0.0,PS,PS,PS,PS,PS,PS,PS,PS,PS,PS,PS,PS,PS,PS,PS,PS,PS,PS
115083.0,1205,Golden Gate University,"Private, nonprofit",1,4404,Public Administration.,3,Bachelor's Degree,,0.0,,,,,,,,,,,,,,,PS,PS,PS,PS
115083.0,1205,Golden Gate University,"Private, nonprofit",1,4404,Public Administration.,5,Master's Degree,31.0,51.0,1,PS,PS,PS,PS,PS,PS,PS,PS,PS,PS,PS,PS,PS,13451,81408,60052,109056
115083.0,1205,Golden Gate University,"Private, nonprofit",1,4404,Public Administration.,6,Doctoral Degree,0.0,0.0,PS,PS,PS,PS,PS,PS,PS,PS,PS,PS,PS,PS,PS,PS,PS,PS,PS,PS
115083.0,1205,Golden Gate University,"Private, nonprofit",1,4404,Public Administration.,8,Graduate/Professional Certificate,4.0,0.0,PS,PS,PS,PS,PS,PS,PS,PS,PS,PS,PS,PS,PS,PS,226,78022,61242,109341
115083.0,1205,Golden Gate University,"Private, nonprofit",1,4506,Economics.,5,Master's Degree,0.0,0.0,PS,PS,PS,PS,PS,PS,PS,PS,PS,PS,PS,PS,PS,PS,PS,PS,PS,PS
115083.0,1205,Golden Gate University,"Private, nonprofit",1,4509,International Relations and National Security Studies.,5,Master's Degree,0.0,0.0,PS,PS,PS,PS,PS,PS,PS,PS,PS,PS,PS,PS,PS,PS,PS,PS,PS,PS
115083.0,1205,Golden Gate University,"Private, nonprofit",1,5010,"Arts, Entertainment, and Media Management.",5,Master's Degree,0.0,0.0,PS,PS,PS,PS,PS,PS,PS,PS,PS,PS,PS,PS,PS,PS,PS,PS,PS,PS
115083.0,1205,Golden Gate University,"Private, nonprofit",1,5107,Health and Medical Administrative Services.,8,Graduate/Professional Certificate,0.0,0.0,PS,PS,PS,PS,PS,PS,PS,PS,PS,PS,PS,PS,PS,PS,PS,PS,PS,PS
115083.0,1205,Golden Gate University,"Private, nonprofit",1,5202,"Business Administration, Management and Operations.",1,Undergraduate Certificate or Diploma,10.0,0.0,PS,PS,PS,PS,PS,PS,PS,PS,PS,PS,PS,PS,PS,PS,PS,PS,PS,PS
115083.0,1205,Golden Gate University,"Private, nonprofit",1,5202,"Business Administration, Management and Operations.",2,Associate's Degree,0.0,0.0,PS,PS,PS,PS,PS,PS,PS,PS,PS,PS,PS,PS,PS,PS,PS,PS,PS,PS
115083.0,1205,Golden Gate University,"Private, nonprofit",1,5202,"Business Administration, Management and Operations.",3,Bachelor's Degree,125.0,138.0,9,107,98754,93,73,90834,35,106787,38,90890,69,105145,20,88,183303,68257,47618,93584
115083.0,1205,Golden Gate University,"Private, nonprofit",1,5202,"Business Administration, Management and Operations.",5,Master's Degree,139.0,118.0,3,50,131690,46,26,125958,24,138446,23,150730,27,118570,PS,44,122193,103485,69982,153484
115083.0,1205,Golden Gate University,"Private, nonprofit",1,5202,"Business Administration, Management and Operations.",6,Doctoral Degree,9.0,5.0,PS,PS,PS,PS,PS,PS,PS,PS,PS,PS,PS,PS,PS,PS,PS,PS,PS,PS
115083.0,1205,Golden Gate University,"Private, nonprofit",1,5202,"Business Administration, Management and Operations.",8,Graduate/Professional Certificate,18.0,0.0,PS,PS,PS,PS,PS,PS,PS,PS,PS,PS,PS,PS,PS,PS,PS,PS,PS,PS
115083.0,1205,Golden Gate University,"Private, nonprofit",1,5203,Accounting and Related Services.,1,Undergraduate Certificate or Diploma,0.0,0.0,0,PS,PS,PS,PS,PS,PS,PS,PS,PS,PS,PS,PS,PS,PS,PS,PS,PS
115083.0,1205,Golden Gate University,"Private, nonprofit",1,5203,Accounting and Related Services.,3,Bachelor's Degree,3.0,6.0,0,PS,PS,PS,PS,PS,PS,PS,PS,PS,PS,PS,PS,PS,PS,PS,PS,PS
115083.0,1205,Golden Gate University,"Private, nonprofit",1,5203,Accounting and Related Services.,5,Master's Degree,37.0,30.0,5,57,111491,52,29,112021,28,114554,24,126080,34,110841,PS,47,21288,95833,74491,118338
115083.0,1205,Golden Gate University,"Private, nonprofit",1,5203,Accounting and Related Services.,8,Graduate/Professional Certificate,4.0,0.0,PS,PS,PS,PS,PS,PS,PS,PS,PS,PS,PS,PS,PS,PS,PS,PS,PS,PS
115083.0,1205,Golden Gate University,"Private, nonprofit",1,5208,Finance and Financial Management Services.,3,Bachelor's Degree,0.0,1.0,PS,PS,PS,PS,PS,PS,PS,PS,PS,PS,PS,PS,PS,PS,PS,PS,PS,PS
115083.0,1205,Golden Gate University,"Private, nonprofit",1,5208,Finance and Financial Management Services.,5,Master's Degree,23.0,31.0,1,PS,PS,PS,PS,PS,PS,PS,PS,PS,PS,PS,PS,PS,3403,110694,75597,157777
115083.0,1205,Golden Gate University,"Private, nonprofit",1,5208,Finance and Financial Management Services.,8,Graduate/Professional Certificate,8.0,0.0,PS,PS,PS,PS,PS,PS,PS,PS,PS,PS,PS,PS,PS,PS,149,118893,86926,169326
115083.0,1205,Golden Gate University,"Private, nonprofit",1,5210,Human Resources Management and Services.,1,Undergraduate Certificate or Diploma,2.0,0.0,,,,,,,,,,,,,,,PS,PS,PS,PS
115083.0,1205,Golden Gate University,"Private, nonprofit",1,5210,Human Resources Management and Services.,3,Bachelor's Degree,0.0,0.0,PS,PS,PS,PS,PS,PS,PS,PS,PS,PS,PS,PS,PS,PS,PS,PS,PS,PS
115083.0,1205,Golden Gate University,"Private, nonprofit",1,5210,Human Resources Management and Services.,5,Master's Degree,71.0,47.0,3,32,129323,30,16,120539,17,134522,PS,PS,PS,PS,PS,27,10576,83558,58145,115680
115083.0,1205,Golden Gate University,"Private, nonprofit",1,5210,Human Resources Management and Services.,8,Graduate/Professional Certificate,20.0,0.0,PS,PS,PS,PS,PS,PS,PS,PS,PS,PS,PS,PS,PS,PS,PS,PS,PS,PS
115083.0,1205,Golden Gate University,"Private, nonprofit",1,5211,International Business.,3,Bachelor's Degree,0.0,0.0,PS,PS,PS,PS,PS,PS,PS,PS,PS,PS,PS,PS,PS,PS,PS,PS,PS,PS
115083.0,1205,Golden Gate University,"Private, nonprofit",1,5211,International Business.,5,Master's Degree,0.0,0.0,PS,PS,PS,PS,PS,PS,PS,PS,PS,PS,PS,PS,PS,PS,1060,97121,64056,143157
115083.0,1205,Golden Gate University,"Private, nonprofit",1,5213,Management Sciences and Quantitative Methods.,3,Bachelor's Degree,0.0,5.0,PS,PS,PS,PS,PS,PS,PS,PS,PS,PS,PS,PS,PS,PS,7976,86176,61755,114719
115083.0,1205,Golden Gate University,"Private, nonprofit",1,5213,Management Sciences and Quantitative Methods.,5,Master's Degree,34.0,26.0,PS,PS,PS,PS,PS,PS,PS,PS,PS,PS,PS,PS,PS,PS,5066,124807,93429,167728
115083.0,1205,Golden Gate University,"Private, nonprofit",1,5213,Management Sciences and Quantitative Methods.,8,Graduate/Professional Certificate,3.0,0.0,PS,PS,PS,PS,PS,PS,PS,PS,PS,PS,PS,PS,PS,PS,PS,PS,PS,PS
115083.0,1205,Golden Gate University,"Private, nonprofit",1,5214,Marketing.,1,Undergraduate Certificate or Diploma,1.0,0.0,PS,PS,PS,PS,PS,PS,PS,PS,PS,PS,PS,PS,PS,PS,PS,PS,PS,PS
115083.0,1205,Golden Gate University,"Private, nonprofit",1,5214,Marketing.,3,Bachelor's Degree,0.0,0.0,PS,PS,PS,PS,PS,PS,PS,PS,PS,PS,PS,PS,PS,PS,PS,PS,PS,PS
115083.0,1205,Golden Gate University,"Private, nonprofit",1,5214,Marketing.,5,Master's Degree,6.0,1.0,1,PS,PS,PS,PS,PS,PS,PS,PS,PS,PS,PS,PS,PS,2348,79106,52679,116591
115083.0,1205,Golden Gate University,"Private, nonprofit",1,5214,Marketing.,8,Graduate/Professional Certificate,0.0,0.0,PS,PS,PS,PS,PS,PS,PS,PS,PS,PS,PS,PS,PS,PS,PS,PS,PS,PS
115083.0,1205,Golden Gate University,"Private, nonprofit",1,5216,Taxation.,5,Master's Degree,90.0,85.0,5,73,124408,67,47,124931,26,138043,PS,PS,41,130054,PS,48,1531,114810,87970,148860
115083.0,1205,Golden Gate University,"Private, nonprofit",1,5216,Taxation.,8,Graduate/Professional Certificate,7.0,0.0,PS,PS,PS,PS,PS,PS,PS,PS,PS,PS,PS,PS,PS,PS,PS,PS,PS,PS
115083.0,1205,Golden Gate University,"Private, nonprofit",1,5221,Telecommunications Management.,3,Bachelor's Degree,18.0,0.0,PS,PS,PS,PS,PS,PS,PS,PS,PS,PS,PS,PS,PS,PS,PS,PS,PS,PS
115083.0,1205,Golden Gate University,"Private, nonprofit",1,5221,Telecommunications Management.,5,Master's Degree,0.0,0.0,PS,PS,PS,PS,PS,PS,PS,PS,PS,PS,PS,PS,PS,PS,PS,PS,PS,PS
115409.0,1171,Harvey Mudd College,"Private, nonprofit",1,301,Natural Resources Conservation and Research.,3,Bachelor's Degree,0.0,0.0,PS,PS,PS,PS,PS,PS,PS,PS,PS,PS,PS,PS,PS,PS,PS,PS,PS,PS
115409.0,1171,Harvey Mudd College,"Private, nonprofit",1,901,Communication and Media Studies.,3,Bachelor's Degree,2.0,2.0,PS,PS,PS,PS,PS,PS,PS,PS,PS,PS,PS,PS,PS,PS,PS,PS,PS,PS
115409.0,1171,Harvey Mudd College,"Private, nonprofit",1,1107,Computer Science.,3,Bachelor's Degree,49.0,55.0,3,38,220204,39,PS,PS,PS,PS,22,185622,19,213225,PS,PS,28067,107009,74830,152038
115409.0,1171,Harvey Mudd College,"Private, nonprofit",1,1401,"Engineering, General.",3,Bachelor's Degree,51.0,53.0,4,39,123894,39,PS,PS,PS,PS,PS,PS,PS,PS,PS,24,3262,89359,73449,108835
115409.0,1171,Harvey Mudd College,"Private, nonprofit",1,1601,"Linguistic, Comparative, and Related Language Studies and Services.",3,Bachelor's Degree,1.0,1.0,PS,PS,PS,PS,PS,PS,PS,PS,PS,PS,PS,PS,PS,PS,PS,PS,PS,PS
115409.0,1171,Harvey Mudd College,"Private, nonprofit",1,1605,"Germanic Languages, Literatures, and Linguistics.",3,Bachelor's Degree,1.0,0.0,,,,,,,,,,,,,,,PS,PS,PS,PS
115409.0,1171,Harvey Mudd College,"Private, nonprofit",1,1609,"Romance Languages, Literatures, and Linguistics.",3,Bachelor's Degree,0.0,0.0,PS,PS,PS,PS,PS,PS,PS,PS,PS,PS,PS,PS,PS,PS,PS,PS,PS,PS
115409.0,1171,Harvey Mudd College,"Private, nonprofit",1,1612,"Classics and Classical Languages, Literatures, and Linguistics.",3,Bachelor's Degree,1.0,0.0,,,,,,,,,,,,,,,PS,PS,PS,PS
115409.0,1171,Harvey Mudd College,"Private, nonprofit",1,2401,"Liberal Arts and Sciences, General Studies and Humanities.",3,Bachelor's Degree,0.0,0.0,,,,,,,,,,,,,,,PS,PS,PS,PS
115409.0,1171,Harvey Mudd College,"Private, nonprofit",1,2601,"Biology, General.",3,Bachelor's Degree,7.0,2.0,0,PS,PS,PS,PS,PS,PS,PS,PS,PS,PS,PS,PS,PS,PS,PS,PS,PS
115409.0,1171,Harvey Mudd College,"Private, nonprofit",1,2602,"Biochemistry, Biophysics and Molecular Biology.",3,Bachelor's Degree,7.0,6.0,PS,PS,PS,PS,PS,PS,PS,PS,PS,PS,PS,PS,PS,PS,6319,65466,44889,88432
115409.0,1171,Harvey Mudd College,"Private, nonprofit",1,2611,"Biomathematics, Bioinformatics, and Computational Biology.",3,Bachelor's Degree,9.0,10.0,0,PS,PS,PS,PS,PS,PS,PS,PS,PS,PS,PS,PS,PS,309,86713,56786,132795
115409.0,1171,Harvey Mudd College,"Private, nonprofit",1,2701,Mathematics.,3,Bachelor's Degree,18.0,16.0,1,PS,PS,PS,PS,PS,PS,PS,PS,PS,PS,PS,PS,PS,15976,69562,49058,97414
115409.0,1171,Harvey Mudd College,"Private, nonprofit",1,3008,Mathematics and Computer Science.,3,Bachelor's Degree,55.0,44.0,0,PS,PS,PS,PS,PS,PS,PS,PS,PS,PS,PS,PS,PS,682,118943,77135,174935
115409.0,1171,Harvey Mudd College,"Private, nonprofit",1,3015,"Science, Technology and Society.",3,Bachelor's Degree,,1.0,,,,,,,,,,,,,,,PS,PS,PS,PS
115409.0,1171,Harvey Mudd College,"Private, nonprofit",1,3099,"Multi/Interdisciplinary Studies, Other.",3,Bachelor's Degree,5.0,3.0,0,PS,PS,PS,PS,PS,PS,PS,PS,PS,PS,PS,PS,PS,27598,55693,40311,72165
115409.0,1171,Harvey Mudd College,"Private, nonprofit",1,3801,Philosophy.,3,Bachelor's Degree,,1.0,,,,,,,,,,,,,,,PS,PS,PS,PS
115409.0,1171,Harvey Mudd College,"Private, nonprofit",1,3802,Religion/Religious Studies.,3,Bachelor's Degree,0.0,0.0,PS,PS,PS,PS,PS,PS,PS,PS,PS,PS,PS,PS,PS,PS,5310,41390,20518,65165
115409.0,1171,Harvey Mudd College,"Private, nonprofit",1,4005,Chemistry.,3,Bachelor's Degree,10.0,8.0,0,PS,PS,PS,PS,PS,PS,PS,PS,PS,PS,PS,PS,PS,10453,65120,48307,84018
115409.0,1171,Harvey Mudd College,"Private, nonprofit",1,4006,Geological and Earth Sciences/Geosciences.,3,Bachelor's Degree,,1.0,,,,,,,,,,,,,,,PS,PS,PS,PS
115409.0,1171,Harvey Mudd College,"Private, nonprofit",1,4008,Physics.,3,Bachelor's Degree,20.0,18.0,3,PS,PS,PS,PS,PS,PS,PS,PS,PS,PS,PS,PS,PS,5602,76786,51777,102948
115409.0,1171,Harvey Mudd College,"Private, nonprofit",1,4405,Public Policy Analysis.,3,Bachelor's Degree,,1.0,,,,,,,,,,,,,,,PS,PS,PS,PS
115409.0,1171,Harvey Mudd College,"Private, nonprofit",1,4506,Economics.,3,Bachelor's Degree,2.0,0.0,PS,PS,PS,PS,PS,PS,PS,PS,PS,PS,PS,PS,PS,PS,PS,PS,PS,PS
115409.0,1171,Harvey Mudd College,"Private, nonprofit",1,4510,Political Science and Government.,3,Bachelor's Degree,1.0,0.0,0,PS,PS,PS,PS,PS,PS,PS,PS,PS,PS,PS,PS,PS,36628,63293,44760,85406
115409.0,1171,Harvey Mudd College,"Private, nonprofit",1,5003,Dance.,3,Bachelor's Degree,,1.0,0,PS,PS,PS,PS,PS,PS,PS,PS,PS,PS,PS,PS,PS,PS,PS,PS,PS
115409.0,1171,Harvey Mudd College,"Private, nonprofit",1,5007,Fine and Studio Arts.,3,Bachelor's Degree,0.0,0.0,0,PS,PS,PS,PS,PS,PS,PS,PS,PS,PS,PS,PS,PS,26935,41367,26241,56653
115409.0,1171,Harvey Mudd College,"Private, nonprofit",1,5009,Music.,3,Bachelor's Degree,1.0,0.0,PS,PS,PS,PS,PS,PS,PS,PS,PS,PS,PS,PS,PS,PS,PS,PS,PS,PS
115409.0,1171,Harvey Mudd College,"Private, nonprofit",1,5203,Accounting and Related Services.,3,Bachelor's Degree,,1.0,,,,,,,,,,,,,,,PS,PS,PS,PS
115409.0,1171,Harvey Mudd College,"Private, nonprofit",1,5401,History.,3,Bachelor's Degree,,1.0,,,,,,,,,,,,,,,PS,PS,PS,PS
115746.0,31268,Pacifica Graduate Institute,"Private, for-profit",1,2401,"Liberal Arts and Sciences, General Studies and Humanities.",5,Master's Degree,18.0,29.0,2,PS,PS,PS,PS,PS,PS,PS,PS,PS,PS,PS,PS,PS,2419,65716,45452,93350
115746.0,31268,Pacifica Graduate Institute,"Private, for-profit",1,2401,"Liberal Arts and Sciences, General Studies and Humanities.",6,Doctoral Degree,15.0,10.0,5,PS,PS,PS,PS,PS,PS,PS,PS,PS,PS,PS,PS,PS,141,69534,41047,103000
115746.0,31268,Pacifica Graduate Institute,"Private, for-profit",1,4228,"Clinical, Counseling and Applied Psychology.",5,Master's Degree,84.0,99.0,17,88,57752,64,23,37084,65,64572,20,79373,68,58540,PS,64,22438,65184,47881,83770
115746.0,31268,Pacifica Graduate Institute,"Private, for-profit",1,4228,"Clinical, Counseling and Applied Psychology.",6,Doctoral Degree,13.0,15.0,1,PS,PS,PS,PS,PS,PS,PS,PS,PS,PS,PS,PS,PS,5714,99878,69652,126700
115746.0,31268,Pacifica Graduate Institute,"Private, for-profit",1,4299,"Psychology, Other.",5,Master's Degree,20.0,41.0,PS,PS,PS,PS,PS,PS,PS,PS,PS,PS,PS,PS,PS,PS,2540,61796,42814,83633
115746.0,31268,Pacifica Graduate Institute,"Private, for-profit",1,4299,"Psychology, Other.",6,Doctoral Degree,38.0,30.0,3,18,57804,PS,PS,PS,PS,PS,PS,PS,PS,PS,PS,PS,201,100857,55072,125508
115773.0,1212,Humphreys University,"Private, nonprofit",1,1110,Computer/Information Technology Administration and Management.,5,Master's Degree,0.0,0.0,,,,,,,,,,,,,,,PS,PS,PS,PS
115773.0,1212,Humphreys University,"Private, nonprofit",1,1304,Educational Administration and Supervision.,5,Master's Degree,47.0,43.0,0,PS,PS,PS,PS,PS,PS,PS,PS,PS,PS,PS,PS,PS,32412,71685,57739,90151
115773.0,1212,Humphreys University,"Private, nonprofit",1,1312,"Teacher Education and Professional Development, Specific Levels and Methods.",1,Undergraduate Certificate or Diploma,0.0,1.0,,,,,,,,,,,,,,,PS,PS,PS,PS
115773.0,1212,Humphreys University,"Private, nonprofit",1,1312,"Teacher Education and Professional Development, Specific Levels and Methods.",2,Associate's Degree,5.0,4.0,0,PS,PS,PS,PS,PS,PS,PS,PS,PS,PS,PS,PS,PS,9247,37656,24793,49794
115773.0,1212,Humphreys University,"Private, nonprofit",1,1312,"Teacher Education and Professional Development, Specific Levels and Methods.",3,Bachelor's Degree,11.0,10.0,3,21,39277,16,PS,PS,PS,PS,PS,PS,PS,PS,PS,21,50018,47382,38431,56096
115773.0,1212,Humphreys University,"Private, nonprofit",1,1312,"Teacher Education and Professional Development, Specific Levels and Methods.",5,Master's Degree,12.0,10.0,PS,PS,PS,PS,PS,PS,PS,PS,PS,PS,PS,PS,PS,PS,30920,59916,48965,72958
115773.0,1212,Humphreys University,"Private, nonprofit",1,2200,Non-Professional Legal Studies.,2,Associate's Degree,5.0,1.0,0,PS,PS,PS,PS,PS,PS,PS,PS,PS,PS,PS,PS,PS,118,41222,26413,54566
115773.0,1212,Humphreys University,"Private, nonprofit",1,2200,Non-Professional Legal Studies.,5,Master's Degree,5.0,15.0,PS,PS,PS,PS,PS,PS,PS,PS,PS,PS,PS,PS,PS,PS,PS,PS,PS,PS
115773.0,1212,Humphreys University,"Private, nonprofit",1,2201,Law.,6,Doctoral Degree,,,PS,PS,PS,PS,PS,PS,PS,PS,PS,PS,PS,PS,PS,PS,5584,105518,75697,161837
115773.0,1212,Humphreys University,"Private, nonprofit",1,2201,Law.,7,First Professional Degree,13.0,10.0,1,23,83296,18,PS,PS,PS,PS,PS,PS,PS,PS,PS,22,40183,107773,75568,176111
115773.0,1212,Humphreys University,"Private, nonprofit",1,2203,Legal Support Services.,1,Undergraduate Certificate or Diploma,5.0,8.0,0,PS,PS,PS,PS,PS,PS,PS,PS,PS,PS,PS,PS,PS,2324,49747,32310,67299
115773.0,1212,Humphreys University,"Private, nonprofit",1,2203,Legal Support Services.,2,Associate's Degree,2.0,1.0,0,PS,PS,PS,PS,PS,PS,PS,PS,PS,PS,PS,PS,PS,5315,44669,29687,60138
115773.0,1212,Humphreys University,"Private, nonprofit",1,2203,Legal Support Services.,3,Bachelor's Degree,3.0,0.0,0,PS,PS,PS,PS,PS,PS,PS,PS,PS,PS,PS,PS,PS,1468,53266,38839,69667
115773.0,1212,Humphreys University,"Private, nonprofit",1,2299,"Legal Professions and Studies, Other.",3,Bachelor's Degree,9.0,13.0,0,22,39430,PS,PS,PS,PS,PS,PS,PS,PS,PS,PS,18,509,57149,38638,78857
115773.0,1212,Humphreys University,"Private, nonprofit",1,2401,"Liberal Arts and Sciences, General Studies and Humanities.",2,Associate's Degree,0.0,4.0,0,PS,PS,PS,PS,PS,PS,PS,PS,PS,PS,PS,PS,PS,208003,44125,28893,61611
115773.0,1212,Humphreys University,"Private, nonprofit",1,2401,"Liberal Arts and Sciences, General Studies and Humanities.",3,Bachelor's Degree,5.0,3.0,2,PS,PS,PS,PS,PS,PS,PS,PS,PS,PS,PS,PS,PS,50554,53072,35750,73322
115773.0,1212,Humphreys University,"Private, nonprofit",1,4301,Criminal Justice and Corrections.,2,Associate's Degree,6.0,2.0,0,PS,PS,PS,PS,PS,PS,PS,PS,PS,PS,PS,PS,PS,25265,46706,31475,63659
115773.0,1212,Humphreys University,"Private, nonprofit",1,4301,Criminal Justice and Corrections.,3,Bachelor's Degree,7.0,7.0,4,22,41495,PS,PS,PS,PS,PS,PS,PS,PS,PS,PS,21,65120,55378,40158,74359
115773.0,1212,Humphreys University,"Private, nonprofit",1,4599,"Social Sciences, Other.",3,Bachelor's Degree,2.0,1.0,0,PS,PS,PS,PS,PS,PS,PS,PS,PS,PS,PS,PS,PS,1992,56812,39742,77687
115773.0,1212,Humphreys University,"Private, nonprofit",1,5202,"Business Administration, Management and Operations.",2,Associate's Degree,1.0,5.0,0,PS,PS,PS,PS,PS,PS,PS,PS,PS,PS,PS,PS,PS,41775,48733,31704,67604
115773.0,1212,Humphreys University,"Private, nonprofit",1,5202,"Business Administration, Management and Operations.",3,Bachelor's Degree,24.0,29.0,2,PS,PS,PS,PS,PS,PS,PS,PS,PS,PS,PS,PS,PS,183303,68257,47618,93584
115773.0,1212,Humphreys University,"Private, nonprofit",1,5202,"Business Administration, Management and Operations.",5,Master's Degree,8.0,4.0,PS,PS,PS,PS,PS,PS,PS,PS,PS,PS,PS,PS,PS,PS,122193,103485,69982,153484
115773.0,1212,Humphreys University,"Private, nonprofit",1,5203,Accounting and Related Services.,2,Associate's Degree,3.0,1.0,1,PS,PS,PS,PS,PS,PS,PS,PS,PS,PS,PS,PS,PS,10944,47660,32411,63692
115773.0,1212,Humphreys University,"Private, nonprofit",1,5203,Accounting and Related Services.,3,Bachelor's Degree,1.0,3.0,0,PS,PS,PS,PS,PS,PS,PS,PS,PS,PS,PS,PS,PS,63013,76194,56205,97191
116846.0,2741,American Jewish University,"Private, nonprofit",1,901,Communication and Media Studies.,3,Bachelor's Degree,,,0,PS,PS,PS,PS,PS,PS,PS,PS,PS,PS,PS,PS,PS,61357,56359,39575,76115
116846.0,2741,American Jewish University,"Private, nonprofit",1,1301,"Education, General.",5,Master's Degree,,,0,PS,PS,PS,PS,PS,PS,PS,PS,PS,PS,PS,PS,PS,22487,65824,52724,82084
116846.0,2741,American Jewish University,"Private, nonprofit",1,1312,"Teacher Education and Professional Development, Specific Levels and Methods.",1,Undergraduate Certificate or Diploma,52.0,31.0,PS,PS,PS,PS,PS,PS,PS,PS,PS,PS,PS,PS,PS,PS,PS,PS,PS,PS
116846.0,2741,American Jewish University,"Private, nonprofit",1,1312,"Teacher Education and Professional Development, Specific Levels and Methods.",3,Bachelor's Degree,0.0,7.0,PS,PS,PS,PS,PS,PS,PS,PS,PS,PS,PS,PS,PS,PS,PS,PS,PS,PS
116846.0,2741,American Jewish University,"Private, nonprofit",1,1312,"Teacher Education and Professional Development, Specific Levels and Methods.",5,Master's Degree,12.0,16.0,0,PS,PS,PS,PS,PS,PS,PS,PS,PS,PS,PS,PS,PS,30920,59916,48965,72958
116846.0,2741,American Jewish University,"Private, nonprofit",1,1312,"Teacher Education and Professional Development, Specific Levels and Methods.",8,Graduate/Professional Certificate,7.0,8.0,PS,PS,PS,PS,PS,PS,PS,PS,PS,PS,PS,PS,PS,PS,PS,PS,PS,PS
116846.0,2741,American Jewish University,"Private, nonprofit",1,2401,"Liberal Arts and Sciences, General Studies and Humanities.",3,Bachelor's Degree,0.0,,0,PS,PS,PS,PS,PS,PS,PS,PS,PS,PS,PS,PS,PS,50554,53072,35750,73322
116846.0,2741,American Jewish University,"Private, nonprofit",1,2699,"Biological and Biomedical Sciences, Other.",3,Bachelor's Degree,,,0,PS,PS,PS,PS,PS,PS,PS,PS,PS,PS,PS,PS,PS,1154,65681,42778,90944
116846.0,2741,American Jewish University,"Private, nonprofit",1,3802,Religion/Religious Studies.,1,Undergraduate Certificate or Diploma,,0.0,,,,,,,,,,,,,,,PS,PS,PS,PS
116846.0,2741,American Jewish University,"Private, nonprofit",1,3802,Religion/Religious Studies.,3,Bachelor's Degree,0.0,,PS,PS,PS,PS,PS,PS,PS,PS,PS,PS,PS,PS,PS,PS,PS,PS,PS,PS
116846.0,2741,American Jewish University,"Private, nonprofit",1,3904,Religious Education.,1,Undergraduate Certificate or Diploma,0.0,0.0,PS,PS,PS,PS,PS,PS,PS,PS,PS,PS,PS,PS,PS,PS,PS,PS,PS,PS
116846.0,2741,American Jewish University,"Private, nonprofit",1,3904,Religious Education.,3,Bachelor's Degree,,,1,PS,PS,PS,PS,PS,PS,PS,PS,PS,PS,PS,PS,PS,977,43633,28064,57392
116846.0,2741,American Jewish University,"Private, nonprofit",1,3904,Religious Education.,5,Master's Degree,5.0,0.0,PS,PS,PS,PS,PS,PS,PS,PS,PS,PS,PS,PS,PS,PS,PS,PS,PS,PS
116846.0,2741,American Jewish University,"Private, nonprofit",1,3906,Theological and Ministerial Studies.,5,Master's Degree,7.0,7.0,1,PS,PS,PS,PS,PS,PS,PS,PS,PS,PS,PS,PS,PS,6997,61300,40587,91229
116846.0,2741,American Jewish University,"Private, nonprofit",1,3906,Theological and Ministerial Studies.,8,Graduate/Professional Certificate,,2.0,,,,,,,,,,,,,,,PS,PS,PS,PS
116846.0,2741,American Jewish University,"Private, nonprofit",1,4201,"Psychology, General.",3,Bachelor's Degree,2.0,1.0,1,PS,PS,PS,PS,PS,PS,PS,PS,PS,PS,PS,PS,PS,102536,50706,35740,67229
116846.0,2741,American Jewish University,"Private, nonprofit",1,4510,Political Science and Government.,3,Bachelor's Degree,,,1,PS,PS,PS,PS,PS,PS,PS,PS,PS,PS,PS,PS,PS,36628,63293,44760,85406
116846.0,2741,American Jewish University,"Private, nonprofit",1,5201,"Business/Commerce, General.",3,Bachelor's Degree,,,2,PS,PS,PS,PS,PS,PS,PS,PS,PS,PS,PS,PS,PS,27865,68407,48204,94571
116846.0,2741,American Jewish University,"Private, nonprofit",1,5202,"Business Administration, Management and Operations.",3,Bachelor's Degree,1.0,2.0,PS,PS,PS,PS,PS,PS,PS,PS,PS,PS,PS,PS,PS,PS,PS,PS,PS,PS
116846.0,2741,American Jewish University,"Private, nonprofit",1,5202,"Business Administration, Management and Operations.",5,Master's Degree,0.0,1.0,4,PS,PS,PS,PS,PS,PS,PS,PS,PS,PS,PS,PS,PS,122193,103485,69982,153484
116846.0,2741,American Jewish University,"Private, nonprofit",1,5202,"Business Administration, Management and Operations.",8,Graduate/Professional Certificate,,2.0,,,,,,,,,,,,,,,PS,PS,PS,PS
117104.0,22706,Life Pacific University,"Private, nonprofit",1,901,Communication and Media Studies.,3,Bachelor's Degree,5.0,1.0,PS,PS,PS,PS,PS,PS,PS,PS,PS,PS,PS,PS,PS,PS,61357,56359,39575,76115
117104.0,22706,Life Pacific University,"Private, nonprofit",1,2401,"Liberal Arts and Sciences, General Studies and Humanities.",1,Undergraduate Certificate or Diploma,,,0,PS,PS,PS,PS,PS,PS,PS,PS,PS,PS,PS,PS,PS,12220,44906,29208,64121
117104.0,22706,Life Pacific University,"Private, nonprofit",1,2401,"Liberal Arts and Sciences, General Studies and Humanities.",2,Associate's Degree,16.0,15.0,1,21,29869,PS,PS,PS,PS,PS,PS,PS,PS,PS,PS,PS,208003,44125,28893,61611
117104.0,22706,Life Pacific University,"Private, nonprofit",1,3000,"Multi-/Interdisciplinary Studies, General.",3,Bachelor's Degree,,0.0,,,,,,,,,,,,,,,PS,PS,PS,PS
117104.0,22706,Life Pacific University,"Private, nonprofit",1,3017,Behavioral Sciences.,3,Bachelor's Degree,32.0,16.0,2,PS,PS,PS,PS,PS,PS,PS,PS,PS,PS,PS,PS,PS,3138,48673,32105,65920
117104.0,22706,Life Pacific University,"Private, nonprofit",1,3902,Bible/Biblical Studies.,2,Associate's Degree,1.0,2.0,PS,PS,PS,PS,PS,PS,PS,PS,PS,PS,PS,PS,PS,PS,511,41884,25985,56093
117104.0,22706,Life Pacific University,"Private, nonprofit",1,3902,Bible/Biblical Studies.,3,Bachelor's Degree,7.0,4.0,6,42,40459,27,PS,PS,PS,PS,21,49501,20,32594,PS,28,2600,44533,29498,62259
117104.0,22706,Life Pacific University,"Private, nonprofit",1,3902,Bible/Biblical Studies.,4,Post-baccalaureate Certificate,,,,,,,,,,,,,,,,,22,55827,39677,PS
117104.0,22706,Life Pacific University,"Private, nonprofit",1,3905,Religious Music and Worship.,3,Bachelor's Degree,3.0,9.0,PS,PS,PS,PS,PS,PS,PS,PS,PS,PS,PS,PS,PS,PS,345,41456,26674,54490
117104.0,22706,Life Pacific University,"Private, nonprofit",1,3905,Religious Music and Worship.,4,Post-baccalaureate Certificate,,,,,,,,,,,,,,,,,PS,PS,PS,PS
117104.0,22706,Life Pacific University,"Private, nonprofit",1,3906,Theological and Ministerial Studies.,5,Master's Degree,11.0,14.0,PS,PS,PS,PS,PS,PS,PS,PS,PS,PS,PS,PS,PS,PS,PS,PS,PS,PS
117104.0,22706,Life Pacific University,"Private, nonprofit",1,3907,Pastoral Counseling and Specialized Ministries.,3,Bachelor's Degree,33.0,32.0,5,45,40556,30,PS,PS,PS,PS,22,43694,23,31728,PS,PS,1594,42915,29185,58127
117104.0,22706,Life Pacific University,"Private, nonprofit",1,3999,"Theology and Religious Vocations, Other.",5,Master's Degree,45.0,41.0,0,20,51401,16,PS,PS,PS,PS,PS,PS,PS,PS,PS,PS,443,54640,34479,81272
117104.0,22706,Life Pacific University,"Private, nonprofit",1,4228,"Clinical, Counseling and Applied Psychology.",5,Master's Degree,,0.0,,,,,,,,,,,,,,,PS,PS,PS,PS
117104.0,22706,Life Pacific University,"Private, nonprofit",1,5202,"Business Administration, Management and Operations.",3,Bachelor's Degree,21.0,22.0,0,PS,PS,PS,PS,PS,PS,PS,PS,PS,PS,PS,PS,PS,183303,68257,47618,93584
117104.0,22706,Life Pacific University,"Private, nonprofit",1,5202,"Business Administration, Management and Operations.",5,Master's Degree,,0.0,,,,,,,,,,,,,,,PS,PS,PS,PS
117140.0,1216,University of La Verne,"Private, nonprofit",1,301,Natural Resources Conservation and Research.,3,Bachelor's Degree,0.0,1.0,0,PS,PS,PS,PS,PS,PS,PS,PS,PS,PS,PS,PS,PS,PS,PS,PS,PS
117140.0,1216,University of La Verne,"Private, nonprofit",1,501,Area Studies.,3,Bachelor's Degree,0.0,0.0,0,PS,PS,PS,PS,PS,PS,PS,PS,PS,PS,PS,PS,PS,PS,PS,PS,PS
117140.0,1216,University of La Verne,"Private, nonprofit",1,901,Communication and Media Studies.,3,Bachelor's Degree,19.0,5.0,1,54,61241,47,35,45185,19,68084,PS,PS,PS,PS,PS,50,61357,56359,39575,76115
117140.0,1216,University of La Verne,"Private, nonprofit",1,904,Journalism.,3,Bachelor's Degree,5.0,3.0,0,PS,PS,PS,PS,PS,PS,PS,PS,PS,PS,PS,PS,PS,13928,56278,40588,73923
117140.0,1216,University of La Verne,"Private, nonprofit",1,907,"Radio, Television, and Digital Communication.",3,Bachelor's Degree,8.0,10.0,0,18,53828,PS,PS,PS,PS,PS,PS,PS,PS,PS,PS,16,11821,50497,33717,70128
117140.0,1216,University of La Verne,"Private, nonprofit",1,909,"Public Relations, Advertising, and Applied Communication.",3,Bachelor's Degree,1.0,0.0,,,,,,,,,,,,,,,PS,PS,PS,PS
117140.0,1216,University of La Verne,"Private, nonprofit",1,1101,"Computer and Information Sciences, General.",3,Bachelor's Degree,35.0,29.0,3,PS,PS,PS,PS,PS,PS,PS,PS,PS,PS,PS,PS,PS,41037,92374,64179,128180
117140.0,1216,University of La Verne,"Private, nonprofit",1,1110,Computer/Information Technology Administration and Management.,1,Undergraduate Certificate or Diploma,0.0,0.0,PS,PS,PS,PS,PS,PS,PS,PS,PS,PS,PS,PS,PS,PS,PS,PS,PS,PS
117140.0,1216,University of La Verne,"Private, nonprofit",1,1301,"Education, General.",3,Bachelor's Degree,102.0,80.0,PS,PS,PS,PS,PS,PS,PS,PS,PS,PS,PS,PS,PS,PS,PS,PS,PS,PS
117140.0,1216,University of La Verne,"Private, nonprofit",1,1304,Educational Administration and Supervision.,5,Master's Degree,2.0,5.0,2,18,102743,17,PS,PS,PS,PS,PS,PS,PS,PS,PS,18,PS,PS,PS,PS
117140.0,1216,University of La Verne,"Private, nonprofit",1,1304,Educational Administration and Supervision.,6,Doctoral Degree,27.0,43.0,3,53,133709,50,26,122616,27,133761,PS,PS,PS,PS,PS,49,PS,PS,PS,PS
117140.0,1216,University of La Verne,"Private, nonprofit",1,1310,Special Education and Teaching.,5,Master's Degree,36.0,8.0,0,PS,PS,PS,PS,PS,PS,PS,PS,PS,PS,PS,PS,PS,21493,64397,52390,79764
117140.0,1216,University of La Verne,"Private, nonprofit",1,1310,Special Education and Teaching.,99,Non-Credential Program (Preparatory Coursework/Teacher Certification),,,,,,,,,,,,,,,,,304,70406,57253,85837
117140.0,1216,University of La Verne,"Private, nonprofit",1,1311,Student Counseling and Personnel Services.,5,Master's Degree,121.0,103.0,4,78,80714,73,44,79273,34,80758,PS,PS,PS,PS,56,76,15495,60111,48192,74890
117140.0,1216,University of La Verne,"Private, nonprofit",1,1311,Student Counseling and Personnel Services.,99,Non-Credential Program (Preparatory Coursework/Teacher Certification),,,,,,,,,,,,,,,,,74,65259,51127,90461
117140.0,1216,University of La Verne,"Private, nonprofit",1,1312,"Teacher Education and Professional Development, Specific Levels and Methods.",5,Master's Degree,116.0,108.0,PS,PS,PS,PS,PS,PS,PS,PS,PS,PS,PS,PS,PS,PS,PS,PS,PS,PS
117140.0,1216,University of La Verne,"Private, nonprofit",1,1312,"Teacher Education and Professional Development, Specific Levels and Methods.",99,Non-Credential Program (Preparatory Coursework/Teacher Certification),,,,,,,,,,,,,,,,,709,57802,47934,73061
117140.0,1216,University of La Verne,"Private, nonprofit",1,1313,"Teacher Education and Professional Development, Specific Subject Areas.",3,Bachelor's Degree,93.0,65.0,2,59,52345,42,43,50977,18,49305,31,49347,28,47880,17,51,22867,51389,40539,63098
117140.0,1216,University of La Verne,"Private, nonprofit",1,1399,"Education, Other.",5,Master's Degree,70.0,46.0,3,81,70167,75,45,69859,37,72966,PS,PS,PS,PS,16,74,2556,65348,52547,79994
117140.0,1216,University of La Verne,"Private, nonprofit",1,1512,Computer Engineering Technologies/Technicians.,1,Undergraduate Certificate or Diploma,0.0,0.0,PS,PS,PS,PS,PS,PS,PS,PS,PS,PS,PS,PS,PS,PS,PS,PS,PS,PS
117140.0,1216,University of La Verne,"Private, nonprofit",1,1609,"Romance Languages, Literatures, and Linguistics.",3,Bachelor's Degree,1.0,2.0,0,PS,PS,PS,PS,PS,PS,PS,PS,PS,PS,PS,PS,PS,10363,55000,38411,73324
117140.0,1216,University of La Verne,"Private, nonprofit",1,1907,"Human Development, Family Studies, and Related Services.",3,Bachelor's Degree,25.0,16.0,7,40,45219,29,PS,PS,PS,PS,PS,PS,PS,PS,PS,35,15127,48568,35149,62704
117140.0,1216,University of La Verne,"Private, nonprofit",1,1907,"Human Development, Family Studies, and Related Services.",5,Master's Degree,59.0,57.0,1,22,68799,20,PS,PS,PS,PS,PS,PS,PS,PS,PS,19,1559,58524,44949,74359
117140.0,1216,University of La Verne,"Private, nonprofit",1,2200,Non-Professional Legal Studies.,3,Bachelor's Degree,14.0,13.0,1,27,61433,25,PS,PS,PS,PS,PS,PS,PS,PS,PS,24,2380,61959,42689,82578
117140.0,1216,University of La Verne,"Private, nonprofit",1,2201,Law.,6,Doctoral Degree,,,,,,,,,,,,,,,,,5584,105518,75697,161837
117140.0,1216,University of La Verne,"Private, nonprofit",1,2201,Law.,7,First Professional Degree,74.0,48.0,9,68,90063,60,36,101222,32,85741,37,89461,32,91545,PS,62,PS,PS,PS,PS
117140.0,1216,University of La Verne,"Private, nonprofit",1,2203,Legal Support Services.,1,Undergraduate Certificate or Diploma,6.0,0.0,PS,PS,PS,PS,PS,PS,PS,PS,PS,PS,PS,PS,PS,PS,PS,PS,PS,PS
117140.0,1216,University of La Verne,"Private, nonprofit",1,2203,Legal Support Services.,3,Bachelor's Degree,0.0,0.0,PS,PS,PS,PS,PS,PS,PS,PS,PS,PS,PS,PS,PS,PS,PS,PS,PS,PS
117140.0,1216,University of La Verne,"Private, nonprofit",1,2301,"English Language and Literature, General.",3,Bachelor's Degree,12.0,4.0,1,PS,PS,PS,PS,PS,PS,PS,PS,PS,PS,PS,PS,PS,33025,48590,33654,63810
117140.0,1216,University of La Verne,"Private, nonprofit",1,2313,Rhetoric and Composition/Writing Studies.,3,Bachelor's Degree,4.0,2.0,1,PS,PS,PS,PS,PS,PS,PS,PS,PS,PS,PS,PS,PS,8509,48471,32167,67306
117140.0,1216,University of La Verne,"Private, nonprofit",1,2401,"Liberal Arts and Sciences, General Studies and Humanities.",2,Associate's Degree,17.0,15.0,0,PS,PS,PS,PS,PS,PS,PS,PS,PS,PS,PS,PS,PS,208003,44125,28893,61611
117140.0,1216,University of La Verne,"Private, nonprofit",1,2401,"Liberal Arts and Sciences, General Studies and Humanities.",3,Bachelor's Degree,9.0,4.0,6,68,54973,54,PS,PS,PS,PS,PS,PS,PS,PS,PS,57,50554,53072,35750,73322
117140.0,1216,University of La Verne,"Private, nonprofit",1,2401,"Liberal Arts and Sciences, General Studies and Humanities.",8,Graduate/Professional Certificate,,,PS,PS,PS,PS,PS,PS,PS,PS,PS,PS,PS,PS,PS,PS,302,65226,46757,87474
117140.0,1216,University of La Verne,"Private, nonprofit",1,2401,"Liberal Arts and Sciences, General Studies and Humanities.",99,Non-Credential Program (Preparatory Coursework/Teacher Certification),,,,,,,,,,,,,,,,,2539,56308,37516,77402
117140.0,1216,University of La Verne,"Private, nonprofit",1,2601,"Biology, General.",3,Bachelor's Degree,57.0,63.0,2,32,98134,30,PS,PS,PS,PS,PS,PS,PS,PS,19,29,57101,57214,38929,79199
117140.0,1216,University of La Verne,"Private, nonprofit",1,2701,Mathematics.,3,Bachelor's Degree,3.0,8.0,0,PS,PS,PS,PS,PS,PS,PS,PS,PS,PS,PS,PS,PS,15976,69562,49058,97414
117140.0,1216,University of La Verne,"Private, nonprofit",1,3000,"Multi-/Interdisciplinary Studies, General.",3,Bachelor's Degree,1.0,0.0,,,,,,,,,,,,,,,PS,PS,PS,PS
117140.0,1216,University of La Verne,"Private, nonprofit",1,3011,Gerontology.,5,Master's Degree,0.0,0.0,2,PS,PS,PS,PS,PS,PS,PS,PS,PS,PS,PS,PS,PS,PS,PS,PS,PS
117140.0,1216,University of La Verne,"Private, nonprofit",1,3017,Behavioral Sciences.,3,Bachelor's Degree,0.0,0.0,PS,PS,PS,PS,PS,PS,PS,PS,PS,PS,PS,PS,PS,PS,PS,PS,PS,PS
117140.0,1216,University of La Verne,"Private, nonprofit",1,3105,"Sports, Kinesiology, and Physical Education/Fitness.",3,Bachelor's Degree,1.0,0.0,,,,,,,,,,,,,,,PS,PS,PS,PS
117140.0,1216,University of La Verne,"Private, nonprofit",1,3801,Philosophy.,3,Bachelor's Degree,3.0,2.0,0,PS,PS,PS,PS,PS,PS,PS,PS,PS,PS,PS,PS,PS,6085,54455,34926,78043
117140.0,1216,University of La Verne,"Private, nonprofit",1,3802,Religion/Religious Studies.,3,Bachelor's Degree,0.0,0.0,PS,PS,PS,PS,PS,PS,PS,PS,PS,PS,PS,PS,PS,PS,5310,41390,20518,65165
117140.0,1216,University of La Verne,"Private, nonprofit",1,3899,"Philosophy and Religious Studies, Other.",3,Bachelor's Degree,1.0,2.0,0,PS,PS,PS,PS,PS,PS,PS,PS,PS,PS,PS,PS,PS,172,46083,31399,63159
117140.0,1216,University of La Verne,"Private, nonprofit",1,4005,Chemistry.,3,Bachelor's Degree,4.0,5.0,0,PS,PS,PS,PS,PS,PS,PS,PS,PS,PS,PS,PS,PS,10453,65120,48307,84018
117140.0,1216,University of La Verne,"Private, nonprofit",1,4008,Physics.,3,Bachelor's Degree,5.0,4.0,0,PS,PS,PS,PS,PS,PS,PS,PS,PS,PS,PS,PS,PS,5602,76786,51777,102948
117140.0,1216,University of La Verne,"Private, nonprofit",1,4201,"Psychology, General.",3,Bachelor's Degree,116.0,93.0,10,107,57835,91,80,57254,27,62265,22,67919,86,57278,34,97,102536,50706,35740,67229
117140.0,1216,University of La Verne,"Private, nonprofit",1,4201,"Psychology, General.",5,Master's Degree,12.0,21.0,PS,PS,PS,PS,PS,PS,PS,PS,PS,PS,PS,PS,PS,PS,PS,PS,PS,PS
117140.0,1216,University of La Verne,"Private, nonprofit",1,4228,"Clinical, Counseling and Applied Psychology.",5,Master's Degree,42.0,43.0,1,22,104707,21,PS,PS,PS,PS,PS,PS,PS,PS,PS,21,22438,65184,47881,83770
117140.0,1216,University of La Verne,"Private, nonprofit",1,4228,"Clinical, Counseling and Applied Psychology.",6,Doctoral Degree,13.0,10.0,PS,PS,PS,PS,PS,PS,PS,PS,PS,PS,PS,PS,PS,PS,5714,99878,69652,126700
117140.0,1216,University of La Verne,"Private, nonprofit",1,4299,"Psychology, Other.",5,Master's Degree,0.0,0.0,PS,PS,PS,PS,PS,PS,PS,PS,PS,PS,PS,PS,PS,PS,PS,PS,PS,PS
117140.0,1216,University of La Verne,"Private, nonprofit",1,4299,"Psychology, Other.",6,Doctoral Degree,0.0,0.0,3,PS,PS,PS,PS,PS,PS,PS,PS,PS,PS,PS,PS,PS,201,100857,55072,125508
117140.0,1216,University of La Verne,"Private, nonprofit",1,4404,Public Administration.,3,Bachelor's Degree,29.0,17.0,4,21,85403,17,PS,PS,PS,PS,PS,PS,PS,PS,PS,20,3271,65093,47237,86663
117140.0,1216,University of La Verne,"Private, nonprofit",1,4404,Public Administration.,5,Master's Degree,22.0,32.0,2,38,86240,35,PS,PS,PS,PS,PS,PS,PS,PS,PS,33,13451,81408,60052,109056
117140.0,1216,University of La Verne,"Private, nonprofit",1,4404,Public Administration.,6,Doctoral Degree,5.0,9.0,0,PS,PS,PS,PS,PS,PS,PS,PS,PS,PS,PS,PS,PS,PS,PS,PS,PS
117140.0,1216,University of La Verne,"Private, nonprofit",1,4501,"Social Sciences, General.",3,Bachelor's Degree,1.0,1.0,0,PS,PS,PS,PS,PS,PS,PS,PS,PS,PS,PS,PS,PS,6624,53366,36590,72257
117140.0,1216,University of La Verne,"Private, nonprofit",1,4502,Anthropology.,3,Bachelor's Degree,4.0,2.0,1,PS,PS,PS,PS,PS,PS,PS,PS,PS,PS,PS,PS,PS,8303,46676,32056,63905
117140.0,1216,University of La Verne,"Private, nonprofit",1,4504,Criminology.,3,Bachelor's Degree,58.0,35.0,4,54,61109,49,PS,PS,PS,PS,26,64523,29,50609,PS,49,9717,55556,41042,73111
117140.0,1216,University of La Verne,"Private, nonprofit",1,4506,Economics.,3,Bachelor's Degree,6.0,8.0,1,PS,PS,PS,PS,PS,PS,PS,PS,PS,PS,PS,PS,PS,28744,82686,58184,116323
117140.0,1216,University of La Verne,"Private, nonprofit",1,4509,International Relations and National Security Studies.,3,Bachelor's Degree,3.0,4.0,1,PS,PS,PS,PS,PS,PS,PS,PS,PS,PS,PS,PS,PS,8070,66596,46031,87798
117140.0,1216,University of La Verne,"Private, nonprofit",1,4510,Political Science and Government.,3,Bachelor's Degree,18.0,10.0,1,26,71471,24,PS,PS,PS,PS,PS,PS,PS,PS,PS,23,36628,63293,44760,85406
117140.0,1216,University of La Verne,"Private, nonprofit",1,4511,Sociology.,3,Bachelor's Degree,22.0,21.0,1,27,48624,22,PS,PS,PS,PS,PS,PS,PS,PS,PS,25,31848,52657,37665,69502
117140.0,1216,University of La Verne,"Private, nonprofit",1,4599,"Social Sciences, Other.",3,Bachelor's Degree,1.0,3.0,3,PS,PS,PS,PS,PS,PS,PS,PS,PS,PS,PS,PS,PS,1992,56812,39742,77687
117140.0,1216,University of La Verne,"Private, nonprofit",1,5005,Drama/Theatre Arts and Stagecraft.,3,Bachelor's Degree,1.0,3.0,1,PS,PS,PS,PS,PS,PS,PS,PS,PS,PS,PS,PS,PS,14066,39775,25491,55399
117140.0,1216,University of La Verne,"Private, nonprofit",1,5006,Film/Video and Photographic Arts.,3,Bachelor's Degree,6.0,6.0,0,PS,PS,PS,PS,PS,PS,PS,PS,PS,PS,PS,PS,PS,12193,43765,25957,63381
117140.0,1216,University of La Verne,"Private, nonprofit",1,5007,Fine and Studio Arts.,3,Bachelor's Degree,10.0,7.0,0,PS,PS,PS,PS,PS,PS,PS,PS,PS,PS,PS,PS,PS,26935,41367,26241,56653
117140.0,1216,University of La Verne,"Private, nonprofit",1,5009,Music.,3,Bachelor's Degree,5.0,3.0,0,PS,PS,PS,PS,PS,PS,PS,PS,PS,PS,PS,PS,PS,14715,42892,26048,58755
117140.0,1216,University of La Verne,"Private, nonprofit",1,5107,Health and Medical Administrative Services.,3,Bachelor's Degree,5.0,1.0,1,PS,PS,PS,PS,PS,PS,PS,PS,PS,PS,PS,PS,PS,21334,58716,41903,80437
117140.0,1216,University of La Verne,"Private, nonprofit",1,5107,Health and Medical Administrative Services.,5,Master's Degree,30.0,22.0,0,31,85444,27,PS,PS,PS,PS,PS,PS,PS,PS,PS,26,15437,89981,62852,126886
117140.0,1216,University of La Verne,"Private, nonprofit",1,5107,Health and Medical Administrative Services.,8,Graduate/Professional Certificate,0.0,0.0,PS,PS,PS,PS,PS,PS,PS,PS,PS,PS,PS,PS,PS,PS,PS,PS,PS,PS
117140.0,1216,University of La Verne,"Private, nonprofit",1,5109,"Allied Health Diagnostic, Intervention, and Treatment Professions.",3,Bachelor's Degree,0.0,0.0,1,PS,PS,PS,PS,PS,PS,PS,PS,PS,PS,PS,PS,PS,14015,70786,50919,95942
117140.0,1216,University of La Verne,"Private, nonprofit",1,5109,"Allied Health Diagnostic, Intervention, and Treatment Professions.",5,Master's Degree,30.0,33.0,PS,PS,PS,PS,PS,PS,PS,PS,PS,PS,PS,PS,PS,PS,PS,PS,PS,PS
117140.0,1216,University of La Verne,"Private, nonprofit",1,5115,Mental and Social Health Services and Allied Professions.,5,Master's Degree,12.0,13.0,0,24,72140,22,PS,PS,PS,PS,PS,PS,PS,PS,PS,23,PS,PS,PS,PS
117140.0,1216,University of La Verne,"Private, nonprofit",1,5202,"Business Administration, Management and Operations.",3,Bachelor's Degree,350.0,260.0,37,390,75867,333,281,71768,109,98246,193,81300,197,74411,26,337,183303,68257,47618,93584
117140.0,1216,University of La Verne,"Private, nonprofit",1,5202,"Business Administration, Management and Operations.",5,Master's Degree,246.0,133.0,16,281,100049,248,159,95551,122,108390,130,108078,153,92733,PS,245,122193,103485,69982,153484
117140.0,1216,University of La Verne,"Private, nonprofit",1,5202,"Business Administration, Management and Operations.",99,Non-Credential Program (Preparatory Coursework/Teacher Certification),,,,,,,,,,,,,,,,,708,62426,37750,88220
117140.0,1216,University of La Verne,"Private, nonprofit",1,5203,Accounting and Related Services.,3,Bachelor's Degree,20.0,22.0,0,34,90889,33,PS,PS,PS,PS,17,90220,17,84280,PS,31,63013,76194,56205,97191
117140.0,1216,University of La Verne,"Private, nonprofit",1,5203,Accounting and Related Services.,5,Master's Degree,21.0,9.0,0,PS,PS,PS,PS,PS,PS,PS,PS,PS,PS,PS,PS,PS,21288,95833,74491,118338
117140.0,1216,University of La Verne,"Private, nonprofit",1,5207,Entrepreneurial and Small Business Operations.,3,Bachelor's Degree,1.0,0.0,,,,,,,,,,,,,,,PS,PS,PS,PS
117140.0,1216,University of La Verne,"Private, nonprofit",1,5208,Finance and Financial Management Services.,5,Master's Degree,26.0,10.0,PS,PS,PS,PS,PS,PS,PS,PS,PS,PS,PS,PS,PS,PS,PS,PS,PS,PS
117140.0,1216,University of La Verne,"Private, nonprofit",1,5210,Human Resources Management and Services.,5,Master's Degree,104.0,0.0,7,123,89399,111,74,84101,50,98838,41,91149,82,89005,PS,111,10576,83558,58145,115680
117140.0,1216,University of La Verne,"Private, nonprofit",1,5211,International Business.,3,Bachelor's Degree,2.0,4.0,0,PS,PS,PS,PS,PS,PS,PS,PS,PS,PS,PS,PS,PS,5548,73201,51264,98832
117140.0,1216,University of La Verne,"Private, nonprofit",1,5212,Management Information Systems and Services.,5,Master's Degree,27.0,57.0,PS,PS,PS,PS,PS,PS,PS,PS,PS,PS,PS,PS,PS,PS,PS,PS,PS,PS
117140.0,1216,University of La Verne,"Private, nonprofit",1,5401,History.,3,Bachelor's Degree,10.0,4.0,0,PS,PS,PS,PS,PS,PS,PS,PS,PS,PS,PS,PS,PS,23671,50680,36330,66736
117168.0,23305,Laguna College of Art and Design,"Private, nonprofit",1,1003,Graphic Communications.,1,Undergraduate Certificate or Diploma,0.0,0.0,PS,PS,PS,PS,PS,PS,PS,PS,PS,PS,PS,PS,PS,PS,PS,PS,PS,PS
117168.0,23305,Laguna College of Art and Design,"Private, nonprofit",1,1003,Graphic Communications.,3,Bachelor's Degree,29.0,26.0,1,19,62659,PS,PS,PS,PS,PS,PS,PS,PS,PS,PS,PS,3496,43283,27166,64326
117168.0,23305,Laguna College of Art and Design,"Private, nonprofit",1,2313,Rhetoric and Composition/Writing Studies.,3,Bachelor's Degree,0.0,,PS,PS,PS,PS,PS,PS,PS,PS,PS,PS,PS,PS,PS,PS,PS,PS,PS,PS
117168.0,23305,Laguna College of Art and Design,"Private, nonprofit",1,5004,Design and Applied Arts.,1,Undergraduate Certificate or Diploma,1.0,0.0,PS,PS,PS,PS,PS,PS,PS,PS,PS,PS,PS,PS,PS,PS,PS,PS,PS,PS
117168.0,23305,Laguna College of Art and Design,"Private, nonprofit",1,5004,Design and Applied Arts.,3,Bachelor's Degree,84.0,94.0,12,66,56145,45,PS,PS,PS,PS,32,67649,35,42073,PS,47,23871,51490,33006,70612
117168.0,23305,Laguna College of Art and Design,"Private, nonprofit",1,5004,Design and Applied Arts.,5,Master's Degree,5.0,5.0,PS,PS,PS,PS,PS,PS,PS,PS,PS,PS,PS,PS,PS,PS,1334,70073,44125,102485
117168.0,23305,Laguna College of Art and Design,"Private, nonprofit",1,5007,Fine and Studio Arts.,1,Undergraduate Certificate or Diploma,0.0,0.0,PS,PS,PS,PS,PS,PS,PS,PS,PS,PS,PS,PS,PS,PS,396,36104,19118,53165
117168.0,23305,Laguna College of Art and Design,"Private, nonprofit",1,5007,Fine and Studio Arts.,3,Bachelor's Degree,6.0,12.0,5,PS,PS,PS,PS,PS,PS,PS,PS,PS,PS,PS,PS,PS,26935,41367,26241,56653
117168.0,23305,Laguna College of Art and Design,"Private, nonprofit",1,5007,Fine and Studio Arts.,4,Post-baccalaureate Certificate,,,,,,,,,,,,,,,,,27,26285,PS,51954
117168.0,23305,Laguna College of Art and Design,"Private, nonprofit",1,5007,Fine and Studio Arts.,5,Master's Degree,7.0,13.0,2,PS,PS,PS,PS,PS,PS,PS,PS,PS,PS,PS,PS,PS,3268,49079,29496,66541
117168.0,23305,Laguna College of Art and Design,"Private, nonprofit",1,5007,Fine and Studio Arts.,8,Graduate/Professional Certificate,0.0,1.0,PS,PS,PS,PS,PS,PS,PS,PS,PS,PS,PS,PS,PS,PS,PS,PS,PS,PS
117627.0,1215,La Sierra University,"Private, nonprofit",1,901,Communication and Media Studies.,3,Bachelor's Degree,2.0,,0,PS,PS,PS,PS,PS,PS,PS,PS,PS,PS,PS,PS,PS,61357,56359,39575,76115
117627.0,1215,La Sierra University,"Private, nonprofit",1,907,"Radio, Television, and Digital Communication.",3,Bachelor's Degree,1.0,1.0,PS,PS,PS,PS,PS,PS,PS,PS,PS,PS,PS,PS,PS,PS,11821,50497,33717,70128
117627.0,1215,La Sierra University,"Private, nonprofit",1,909,"Public Relations, Advertising, and Applied Communication.",3,Bachelor's Degree,2.0,4.0,0,PS,PS,PS,PS,PS,PS,PS,PS,PS,PS,PS,PS,PS,17967,63560,45857,83689
117627.0,1215,La Sierra University,"Private, nonprofit",1,1101,"Computer and Information Sciences, General.",3,Bachelor's Degree,0.0,,PS,PS,PS,PS,PS,PS,PS,PS,PS,PS,PS,PS,PS,PS,41037,92374,64179,128180
117627.0,1215,La Sierra University,"Private, nonprofit",1,1107,Computer Science.,3,Bachelor's Degree,14.0,6.0,0,PS,PS,PS,PS,PS,PS,PS,PS,PS,PS,PS,PS,PS,28067,107009,74830,152038
117627.0,1215,La Sierra University,"Private, nonprofit",1,1301,"Education, General.",6,Doctoral Degree,0.0,0.0,0,PS,PS,PS,PS,PS,PS,PS,PS,PS,PS,PS,PS,PS,PS,PS,PS,PS
117627.0,1215,La Sierra University,"Private, nonprofit",1,1303,Curriculum and Instruction.,5,Master's Degree,23.0,19.0,0,PS,PS,PS,PS,PS,PS,PS,PS,PS,PS,PS,PS,PS,18183,63399,51716,78118
117627.0,1215,La Sierra University,"Private, nonprofit",1,1303,Curriculum and Instruction.,6,Doctoral Degree,1.0,,PS,PS,PS,PS,PS,PS,PS,PS,PS,PS,PS,PS,PS,PS,PS,PS,PS,PS
117627.0,1215,La Sierra University,"Private, nonprofit",1,1303,Curriculum and Instruction.,8,Graduate/Professional Certificate,1.0,,PS,PS,PS,PS,PS,PS,PS,PS,PS,PS,PS,PS,PS,PS,PS,PS,PS,PS
117627.0,1215,La Sierra University,"Private, nonprofit",1,1304,Educational Administration and Supervision.,5,Master's Degree,9.0,4.0,1,PS,PS,PS,PS,PS,PS,PS,PS,PS,PS,PS,PS,PS,32412,71685,57739,90151
117627.0,1215,La Sierra University,"Private, nonprofit",1,1304,Educational Administration and Supervision.,6,Doctoral Degree,2.0,2.0,0,PS,PS,PS,PS,PS,PS,PS,PS,PS,PS,PS,PS,PS,7878,100573,76116,135360
117627.0,1215,La Sierra University,"Private, nonprofit",1,1304,Educational Administration and Supervision.,7,First Professional Degree,,,PS,PS,PS,PS,PS,PS,PS,PS,PS,PS,PS,PS,PS,PS,602,78026,64291,95367
117627.0,1215,La Sierra University,"Private, nonprofit",1,1304,Educational Administration and Supervision.,8,Graduate/Professional Certificate,0.0,,PS,PS,PS,PS,PS,PS,PS,PS,PS,PS,PS,PS,PS,PS,3150,86288,68333,108948
117627.0,1215,La Sierra University,"Private, nonprofit",1,1311,Student Counseling and Personnel Services.,5,Master's Degree,23.0,32.0,0,PS,PS,PS,PS,PS,PS,PS,PS,PS,PS,PS,PS,PS,15495,60111,48192,74890
117627.0,1215,La Sierra University,"Private, nonprofit",1,1311,Student Counseling and Personnel Services.,6,Doctoral Degree,0.0,,PS,PS,PS,PS,PS,PS,PS,PS,PS,PS,PS,PS,PS,PS,PS,PS,PS,PS
117627.0,1215,La Sierra University,"Private, nonprofit",1,1311,Student Counseling and Personnel Services.,8,Graduate/Professional Certificate,0.0,,PS,PS,PS,PS,PS,PS,PS,PS,PS,PS,PS,PS,PS,PS,PS,PS,PS,PS
117627.0,1215,La Sierra University,"Private, nonprofit",1,1312,"Teacher Education and Professional Development, Specific Levels and Methods.",3,Bachelor's Degree,1.0,,0,PS,PS,PS,PS,PS,PS,PS,PS,PS,PS,PS,PS,PS,PS,PS,PS,PS
117627.0,1215,La Sierra University,"Private, nonprofit",1,1399,"Education, Other.",8,Graduate/Professional Certificate,0.0,,PS,PS,PS,PS,PS,PS,PS,PS,PS,PS,PS,PS,PS,PS,PS,PS,PS,PS
117627.0,1215,La Sierra University,"Private, nonprofit",1,1609,"Romance Languages, Literatures, and Linguistics.",3,Bachelor's Degree,1.0,,1,PS,PS,PS,PS,PS,PS,PS,PS,PS,PS,PS,PS,PS,10363,55000,38411,73324
117627.0,1215,La Sierra University,"Private, nonprofit",1,1617,Second Language Learning.,1,Undergraduate Certificate or Diploma,0.0,,,,,,,,,,,,,,,,PS,PS,PS,PS
117627.0,1215,La Sierra University,"Private, nonprofit",1,2200,Non-Professional Legal Studies.,1,Undergraduate Certificate or Diploma,0.0,,,,,,,,,,,,,,,,PS,PS,PS,PS
117627.0,1215,La Sierra University,"Private, nonprofit",1,2301,"English Language and Literature, General.",3,Bachelor's Degree,1.0,1.0,0,PS,PS,PS,PS,PS,PS,PS,PS,PS,PS,PS,PS,PS,33025,48590,33654,63810
117627.0,1215,La Sierra University,"Private, nonprofit",1,2301,"English Language and Literature, General.",5,Master's Degree,6.0,4.0,0,PS,PS,PS,PS,PS,PS,PS,PS,PS,PS,PS,PS,PS,3708,55512,39177,72721
117627.0,1215,La Sierra University,"Private, nonprofit",1,2313,Rhetoric and Composition/Writing Studies.,1,Undergraduate Certificate or Diploma,0.0,,PS,PS,PS,PS,PS,PS,PS,PS,PS,PS,PS,PS,PS,PS,PS,PS,PS,PS
117627.0,1215,La Sierra University,"Private, nonprofit",1,2313,Rhetoric and Composition/Writing Studies.,3,Bachelor's Degree,0.0,,3,PS,PS,PS,PS,PS,PS,PS,PS,PS,PS,PS,PS,PS,8509,48471,32167,67306
117627.0,1215,La Sierra University,"Private, nonprofit",1,2313,Rhetoric and Composition/Writing Studies.,5,Master's Degree,0.0,,PS,PS,PS,PS,PS,PS,PS,PS,PS,PS,PS,PS,PS,PS,PS,PS,PS,PS
117627.0,1215,La Sierra University,"Private, nonprofit",1,2399,"English Language and Literature/Letters, Other.",3,Bachelor's Degree,0.0,,PS,PS,PS,PS,PS,PS,PS,PS,PS,PS,PS,PS,PS,PS,PS,PS,PS,PS
117627.0,1215,La Sierra University,"Private, nonprofit",1,2401,"Liberal Arts and Sciences, General Studies and Humanities.",1,Undergraduate Certificate or Diploma,0.0,1.0,PS,PS,PS,PS,PS,PS,PS,PS,PS,PS,PS,PS,PS,PS,PS,PS,PS,PS
117627.0,1215,La Sierra University,"Private, nonprofit",1,2401,"Liberal Arts and Sciences, General Studies and Humanities.",3,Bachelor's Degree,12.0,12.0,4,PS,PS,PS,PS,PS,PS,PS,PS,PS,PS,PS,PS,PS,50554,53072,35750,73322
117627.0,1215,La Sierra University,"Private, nonprofit",1,2601,"Biology, General.",1,Undergraduate Certificate or Diploma,,5.0,,,,,,,,,,,,,,,PS,PS,PS,PS
117627.0,1215,La Sierra University,"Private, nonprofit",1,2601,"Biology, General.",3,Bachelor's Degree,9.0,23.0,3,24,63167,18,PS,PS,PS,PS,PS,PS,PS,PS,PS,17,57101,57214,38929,79199
117627.0,1215,La Sierra University,"Private, nonprofit",1,2602,"Biochemistry, Biophysics and Molecular Biology.",3,Bachelor's Degree,2.0,2.0,0,PS,PS,PS,PS,PS,PS,PS,PS,PS,PS,PS,PS,PS,6319,65466,44889,88432
117627.0,1215,La Sierra University,"Private, nonprofit",1,2611,"Biomathematics, Bioinformatics, and Computational Biology.",1,Undergraduate Certificate or Diploma,,1.0,,,,,,,,,,,,,,,PS,PS,PS,PS
117627.0,1215,La Sierra University,"Private, nonprofit",1,2611,"Biomathematics, Bioinformatics, and Computational Biology.",3,Bachelor's Degree,0.0,,PS,PS,PS,PS,PS,PS,PS,PS,PS,PS,PS,PS,PS,PS,309,86713,56786,132795
117627.0,1215,La Sierra University,"Private, nonprofit",1,2615,Neurobiology and Neurosciences.,1,Undergraduate Certificate or Diploma,,1.0,,,,,,,,,,,,,,,PS,PS,PS,PS
117627.0,1215,La Sierra University,"Private, nonprofit",1,2615,Neurobiology and Neurosciences.,3,Bachelor's Degree,8.0,6.0,0,PS,PS,PS,PS,PS,PS,PS,PS,PS,PS,PS,PS,PS,3745,62451,40736,88598
117627.0,1215,La Sierra University,"Private, nonprofit",1,2701,Mathematics.,3,Bachelor's Degree,3.0,,0,PS,PS,PS,PS,PS,PS,PS,PS,PS,PS,PS,PS,PS,15976,69562,49058,97414
117627.0,1215,La Sierra University,"Private, nonprofit",1,3020,International/Globalization Studies.,3,Bachelor's Degree,1.0,,0,PS,PS,PS,PS,PS,PS,PS,PS,PS,PS,PS,PS,PS,5436,59972,40760,82911
117627.0,1215,La Sierra University,"Private, nonprofit",1,3022,Classical and Ancient Studies.,3,Bachelor's Degree,0.0,,PS,PS,PS,PS,PS,PS,PS,PS,PS,PS,PS,PS,PS,PS,PS,PS,PS,PS
117627.0,1215,La Sierra University,"Private, nonprofit",1,3022,Classical and Ancient Studies.,5,Master's Degree,0.0,,PS,PS,PS,PS,PS,PS,PS,PS,PS,PS,PS,PS,PS,PS,PS,PS,PS,PS
117627.0,1215,La Sierra University,"Private, nonprofit",1,3105,"Sports, Kinesiology, and Physical Education/Fitness.",1,Undergraduate Certificate or Diploma,,2.0,,,,,,,,,,,,,,,PS,PS,PS,PS
117627.0,1215,La Sierra University,"Private, nonprofit",1,3105,"Sports, Kinesiology, and Physical Education/Fitness.",3,Bachelor's Degree,10.0,13.0,0,PS,PS,PS,PS,PS,PS,PS,PS,PS,PS,PS,PS,PS,48463,54562,39049,73020
117627.0,1215,La Sierra University,"Private, nonprofit",1,3801,Philosophy.,3,Bachelor's Degree,,1.0,,,,,,,,,,,,,,,PS,PS,PS,PS
117627.0,1215,La Sierra University,"Private, nonprofit",1,3802,Religion/Religious Studies.,3,Bachelor's Degree,3.0,3.0,0,PS,PS,PS,PS,PS,PS,PS,PS,PS,PS,PS,PS,PS,5310,41390,20518,65165
117627.0,1215,La Sierra University,"Private, nonprofit",1,3802,Religion/Religious Studies.,5,Master's Degree,0.0,,PS,PS,PS,PS,PS,PS,PS,PS,PS,PS,PS,PS,PS,PS,PS,PS,PS,PS
117627.0,1215,La Sierra University,"Private, nonprofit",1,3906,Theological and Ministerial Studies.,3,Bachelor's Degree,0.0,,PS,PS,PS,PS,PS,PS,PS,PS,PS,PS,PS,PS,PS,PS,PS,PS,PS,PS
117627.0,1215,La Sierra University,"Private, nonprofit",1,3906,Theological and Ministerial Studies.,5,Master's Degree,4.0,9.0,0,PS,PS,PS,PS,PS,PS,PS,PS,PS,PS,PS,PS,PS,6997,61300,40587,91229
117627.0,1215,La Sierra University,"Private, nonprofit",1,3907,Pastoral Counseling and Specialized Ministries.,5,Master's Degree,1.0,,0,PS,PS,PS,PS,PS,PS,PS,PS,PS,PS,PS,PS,PS,PS,PS,PS,PS
117627.0,1215,La Sierra University,"Private, nonprofit",1,4005,Chemistry.,3,Bachelor's Degree,0.0,1.0,0,PS,PS,PS,PS,PS,PS,PS,PS,PS,PS,PS,PS,PS,10453,65120,48307,84018
117627.0,1215,La Sierra University,"Private, nonprofit",1,4008,Physics.,3,Bachelor's Degree,0.0,,PS,PS,PS,PS,PS,PS,PS,PS,PS,PS,PS,PS,PS,PS,PS,PS,PS,PS
117627.0,1215,La Sierra University,"Private, nonprofit",1,4201,"Psychology, General.",3,Bachelor's Degree,14.0,12.0,0,18,51342,PS,PS,PS,PS,PS,PS,PS,PS,PS,PS,PS,102536,50706,35740,67229
117627.0,1215,La Sierra University,"Private, nonprofit",1,4227,Research and Experimental Psychology.,3,Bachelor's Degree,0.0,,0,PS,PS,PS,PS,PS,PS,PS,PS,PS,PS,PS,PS,PS,PS,PS,PS,PS
117627.0,1215,La Sierra University,"Private, nonprofit",1,4228,"Clinical, Counseling and Applied Psychology.",5,Master's Degree,1.0,,PS,PS,PS,PS,PS,PS,PS,PS,PS,PS,PS,PS,PS,PS,PS,PS,PS,PS
117627.0,1215,La Sierra University,"Private, nonprofit",1,4228,"Clinical, Counseling and Applied Psychology.",6,Doctoral Degree,1.0,5.0,PS,PS,PS,PS,PS,PS,PS,PS,PS,PS,PS,PS,PS,PS,5714,99878,69652,126700
117627.0,1215,La Sierra University,"Private, nonprofit",1,4228,"Clinical, Counseling and Applied Psychology.",7,First Professional Degree,,,0,PS,PS,PS,PS,PS,PS,PS,PS,PS,PS,PS,PS,PS,163,70514,54941,90173
117627.0,1215,La Sierra University,"Private, nonprofit",1,4228,"Clinical, Counseling and Applied Psychology.",8,Graduate/Professional Certificate,4.0,8.0,PS,PS,PS,PS,PS,PS,PS,PS,PS,PS,PS,PS,PS,PS,PS,PS,PS,PS
117627.0,1215,La Sierra University,"Private, nonprofit",1,4301,Criminal Justice and Corrections.,3,Bachelor's Degree,53.0,61.0,3,43,60162,41,PS,PS,PS,PS,19,76781,24,57419,PS,37,65120,55378,40158,74359
117627.0,1215,La Sierra University,"Private, nonprofit",1,4407,Social Work.,3,Bachelor's Degree,16.0,12.0,2,17,58985,PS,PS,PS,PS,PS,PS,PS,PS,PS,PS,16,28986,51790,39212,64160
117627.0,1215,La Sierra University,"Private, nonprofit",1,4503,Archeology.,3,Bachelor's Degree,1.0,1.0,PS,PS,PS,PS,PS,PS,PS,PS,PS,PS,PS,PS,PS,PS,PS,PS,PS,PS
117627.0,1215,La Sierra University,"Private, nonprofit",1,4503,Archeology.,5,Master's Degree,1.0,,PS,PS,PS,PS,PS,PS,PS,PS,PS,PS,PS,PS,PS,PS,PS,PS,PS,PS
117627.0,1215,La Sierra University,"Private, nonprofit",1,4506,Economics.,3,Bachelor's Degree,1.0,2.0,PS,PS,PS,PS,PS,PS,PS,PS,PS,PS,PS,PS,PS,PS,PS,PS,PS,PS
117627.0,1215,La Sierra University,"Private, nonprofit",1,4510,Political Science and Government.,3,Bachelor's Degree,0.0,,PS,PS,PS,PS,PS,PS,PS,PS,PS,PS,PS,PS,PS,PS,PS,PS,PS,PS
117627.0,1215,La Sierra University,"Private, nonprofit",1,4511,Sociology.,3,Bachelor's Degree,4.0,2.0,1,PS,PS,PS,PS,PS,PS,PS,PS,PS,PS,PS,PS,PS,31848,52657,37665,69502
117627.0,1215,La Sierra University,"Private, nonprofit",1,5004,Design and Applied Arts.,3,Bachelor's Degree,4.0,5.0,0,PS,PS,PS,PS,PS,PS,PS,PS,PS,PS,PS,PS,PS,23871,51490,33006,70612
117627.0,1215,La Sierra University,"Private, nonprofit",1,5005,Drama/Theatre Arts and Stagecraft.,3,Bachelor's Degree,2.0,1.0,0,PS,PS,PS,PS,PS,PS,PS,PS,PS,PS,PS,PS,PS,PS,PS,PS,PS
117627.0,1215,La Sierra University,"Private, nonprofit",1,5006,Film/Video and Photographic Arts.,3,Bachelor's Degree,1.0,1.0,0,PS,PS,PS,PS,PS,PS,PS,PS,PS,PS,PS,PS,PS,12193,43765,25957,63381
117627.0,1215,La Sierra University,"Private, nonprofit",1,5007,Fine and Studio Arts.,3,Bachelor's Degree,2.0,3.0,0,PS,PS,PS,PS,PS,PS,PS,PS,PS,PS,PS,PS,PS,26935,41367,26241,56653
117627.0,1215,La Sierra University,"Private, nonprofit",1,5009,Music.,1,Undergraduate Certificate or Diploma,0.0,,0,PS,PS,PS,PS,PS,PS,PS,PS,PS,PS,PS,PS,PS,330,33318,17479,48525
117627.0,1215,La Sierra University,"Private, nonprofit",1,5009,Music.,3,Bachelor's Degree,4.0,4.0,0,PS,PS,PS,PS,PS,PS,PS,PS,PS,PS,PS,PS,PS,14715,42892,26048,58755
117627.0,1215,La Sierra University,"Private, nonprofit",1,5009,Music.,8,Graduate/Professional Certificate,4.0,1.0,PS,PS,PS,PS,PS,PS,PS,PS,PS,PS,PS,PS,PS,PS,PS,PS,PS,PS
117627.0,1215,La Sierra University,"Private, nonprofit",1,5100,"Health Services/Allied Health/Health Sciences, General.",3,Bachelor's Degree,0.0,,PS,PS,PS,PS,PS,PS,PS,PS,PS,PS,PS,PS,PS,PS,PS,PS,PS,PS
117627.0,1215,La Sierra University,"Private, nonprofit",1,5107,Health and Medical Administrative Services.,1,Undergraduate Certificate or Diploma,,2.0,,,,,,,,,,,,,,,PS,PS,PS,PS
117627.0,1215,La Sierra University,"Private, nonprofit",1,5107,Health and Medical Administrative Services.,3,Bachelor's Degree,0.0,4.0,1,PS,PS,PS,PS,PS,PS,PS,PS,PS,PS,PS,PS,PS,21334,58716,41903,80437
117627.0,1215,La Sierra University,"Private, nonprofit",1,5107,Health and Medical Administrative Services.,5,Master's Degree,36.0,15.0,PS,PS,PS,PS,PS,PS,PS,PS,PS,PS,PS,PS,PS,PS,PS,PS,PS,PS
117627.0,1215,La Sierra University,"Private, nonprofit",1,5110,Clinical/Medical Laboratory Science/Research and Allied Professions.,1,Undergraduate Certificate or Diploma,,1.0,,,,,,,,,,,,,,,PS,PS,PS,PS
117627.0,1215,La Sierra University,"Private, nonprofit",1,5110,Clinical/Medical Laboratory Science/Research and Allied Professions.,3,Bachelor's Degree,2.0,10.0,PS,PS,PS,PS,PS,PS,PS,PS,PS,PS,PS,PS,PS,PS,PS,PS,PS,PS
117627.0,1215,La Sierra University,"Private, nonprofit",1,5111,Health/Medical Preparatory Programs.,1,Undergraduate Certificate or Diploma,50.0,46.0,,,,,,,,,,,,,,,PS,PS,PS,PS
117627.0,1215,La Sierra University,"Private, nonprofit",1,5111,Health/Medical Preparatory Programs.,2,Associate's Degree,,0.0,,,,,,,,,,,,,,,PS,PS,PS,PS
117627.0,1215,La Sierra University,"Private, nonprofit",1,5111,Health/Medical Preparatory Programs.,3,Bachelor's Degree,75.0,18.0,1,23,52792,21,PS,PS,PS,PS,PS,PS,PS,PS,PS,PS,PS,PS,PS,PS
117627.0,1215,La Sierra University,"Private, nonprofit",1,5111,Health/Medical Preparatory Programs.,99,Non-Credential Program (Preparatory Coursework/Teacher Certification),,,,,,,,,,,,,,,,,101,81700,48943,100996
117627.0,1215,La Sierra University,"Private, nonprofit",1,5122,Public Health.,1,Undergraduate Certificate or Diploma,,2.0,,,,,,,,,,,,,,,PS,PS,PS,PS
117627.0,1215,La Sierra University,"Private, nonprofit",1,5122,Public Health.,3,Bachelor's Degree,7.0,19.0,PS,PS,PS,PS,PS,PS,PS,PS,PS,PS,PS,PS,PS,PS,15585,58808,41981,79154
117627.0,1215,La Sierra University,"Private, nonprofit",1,5201,"Business/Commerce, General.",3,Bachelor's Degree,1.0,4.0,PS,PS,PS,PS,PS,PS,PS,PS,PS,PS,PS,PS,PS,PS,27865,68407,48204,94571
117627.0,1215,La Sierra University,"Private, nonprofit",1,5202,"Business Administration, Management and Operations.",3,Bachelor's Degree,33.0,22.0,1,22,43241,PS,PS,PS,PS,PS,PS,PS,PS,PS,PS,16,183303,68257,47618,93584
117627.0,1215,La Sierra University,"Private, nonprofit",1,5202,"Business Administration, Management and Operations.",5,Master's Degree,4.0,6.0,2,24,69567,20,PS,PS,PS,PS,PS,PS,PS,PS,PS,19,122193,103485,69982,153484
117627.0,1215,La Sierra University,"Private, nonprofit",1,5203,Accounting and Related Services.,3,Bachelor's Degree,5.0,4.0,3,PS,PS,PS,PS,PS,PS,PS,PS,PS,PS,PS,PS,PS,63013,76194,56205,97191
117627.0,1215,La Sierra University,"Private, nonprofit",1,5203,Accounting and Related Services.,5,Master's Degree,2.0,4.0,0,PS,PS,PS,PS,PS,PS,PS,PS,PS,PS,PS,PS,PS,21288,95833,74491,118338
117627.0,1215,La Sierra University,"Private, nonprofit",1,5208,Finance and Financial Management Services.,3,Bachelor's Degree,12.0,9.0,0,PS,PS,PS,PS,PS,PS,PS,PS,PS,PS,PS,PS,PS,43799,83343,60801,111527
117627.0,1215,La Sierra University,"Private, nonprofit",1,5208,Finance and Financial Management Services.,5,Master's Degree,5.0,1.0,0,PS,PS,PS,PS,PS,PS,PS,PS,PS,PS,PS,PS,PS,3403,110694,75597,157777
117627.0,1215,La Sierra University,"Private, nonprofit",1,5210,Human Resources Management and Services.,3,Bachelor's Degree,3.0,,1,PS,PS,PS,PS,PS,PS,PS,PS,PS,PS,PS,PS,PS,13480,68069,50156,90619
117627.0,1215,La Sierra University,"Private, nonprofit",1,5210,Human Resources Management and Services.,5,Master's Degree,6.0,3.0,0,PS,PS,PS,PS,PS,PS,PS,PS,PS,PS,PS,PS,PS,10576,83558,58145,115680
117627.0,1215,La Sierra University,"Private, nonprofit",1,5211,International Business.,3,Bachelor's Degree,0.0,3.0,PS,PS,PS,PS,PS,PS,PS,PS,PS,PS,PS,PS,PS,PS,PS,PS,PS,PS
117627.0,1215,La Sierra University,"Private, nonprofit",1,5214,Marketing.,3,Bachelor's Degree,31.0,19.0,0,PS,PS,PS,PS,PS,PS,PS,PS,PS,PS,PS,PS,PS,48162,69303,49728,93152
117627.0,1215,La Sierra University,"Private, nonprofit",1,5214,Marketing.,5,Master's Degree,4.0,6.0,0,PS,PS,PS,PS,PS,PS,PS,PS,PS,PS,PS,PS,PS,2348,79106,52679,116591
117627.0,1215,La Sierra University,"Private, nonprofit",1,5299,"Business, Management, Marketing, and Related Support Services, Other.",5,Master's Degree,0.0,,PS,PS,PS,PS,PS,PS,PS,PS,PS,PS,PS,PS,PS,PS,917,96656,68660,143554
117627.0,1215,La Sierra University,"Private, nonprofit",1,5401,History.,3,Bachelor's Degree,3.0,7.0,0,PS,PS,PS,PS,PS,PS,PS,PS,PS,PS,PS,PS,PS,23671,50680,36330,66736
117636.0,1218,Loma Linda University,"Private, nonprofit",1,301,Natural Resources Conservation and Research.,3,Bachelor's Degree,1.0,0.0,0,PS,PS,PS,PS,PS,PS,PS,PS,PS,PS,PS,PS,PS,15907,55012,39435,72794
117636.0,1218,Loma Linda University,"Private, nonprofit",1,1311,Student Counseling and Personnel Services.,8,Graduate/Professional Certificate,9.0,10.0,0,PS,PS,PS,PS,PS,PS,PS,PS,PS,PS,PS,PS,PS,380,64774,52462,89460
117636.0,1218,Loma Linda University,"Private, nonprofit",1,1312,"Teacher Education and Professional Development, Specific Levels and Methods.",5,Master's Degree,1.0,0.0,0,PS,PS,PS,PS,PS,PS,PS,PS,PS,PS,PS,PS,PS,PS,PS,PS,PS
117636.0,1218,Loma Linda University,"Private, nonprofit",1,1312,"Teacher Education and Professional Development, Specific Levels and Methods.",8,Graduate/Professional Certificate,0.0,0.0,PS,PS,PS,PS,PS,PS,PS,PS,PS,PS,PS,PS,PS,PS,PS,PS,PS,PS
117636.0,1218,Loma Linda University,"Private, nonprofit",1,1905,"Foods, Nutrition, and Related Services.",5,Master's Degree,0.0,0.0,,,,,,,,,,,,,,,PS,PS,PS,PS
117636.0,1218,Loma Linda University,"Private, nonprofit",1,1907,"Human Development, Family Studies, and Related Services.",5,Master's Degree,9.0,9.0,0,19,57588,16,PS,PS,PS,PS,PS,PS,PS,PS,PS,PS,1559,58524,44949,74359
117636.0,1218,Loma Linda University,"Private, nonprofit",1,1907,"Human Development, Family Studies, and Related Services.",6,Doctoral Degree,1.0,0.0,2,PS,PS,PS,PS,PS,PS,PS,PS,PS,PS,PS,PS,PS,132,92538,66879,112995
117636.0,1218,Loma Linda University,"Private, nonprofit",1,2601,"Biology, General.",5,Master's Degree,17.0,0.0,0,PS,PS,PS,PS,PS,PS,PS,PS,PS,PS,PS,PS,PS,3962,69830,50928,96355
117636.0,1218,Loma Linda University,"Private, nonprofit",1,2601,"Biology, General.",6,Doctoral Degree,0.0,0.0,PS,PS,PS,PS,PS,PS,PS,PS,PS,PS,PS,PS,PS,PS,PS,PS,PS,PS
117636.0,1218,Loma Linda University,"Private, nonprofit",1,2602,"Biochemistry, Biophysics and Molecular Biology.",5,Master's Degree,,,PS,PS,PS,PS,PS,PS,PS,PS,PS,PS,PS,PS,PS,PS,492,80271,61566,113681
117636.0,1218,Loma Linda University,"Private, nonprofit",1,2602,"Biochemistry, Biophysics and Molecular Biology.",6,Doctoral Degree,1.0,2.0,0,PS,PS,PS,PS,PS,PS,PS,PS,PS,PS,PS,PS,PS,647,112683,70874,159820
117636.0,1218,Loma Linda University,"Private, nonprofit",1,2604,Cell/Cellular Biology and Anatomical Sciences.,5,Master's Degree,2.0,0.0,0,PS,PS,PS,PS,PS,PS,PS,PS,PS,PS,PS,PS,PS,279,76837,54764,112183
117636.0,1218,Loma Linda University,"Private, nonprofit",1,2604,Cell/Cellular Biology and Anatomical Sciences.,6,Doctoral Degree,1.0,3.0,0,PS,PS,PS,PS,PS,PS,PS,PS,PS,PS,PS,PS,PS,491,99578,68790,149798
117636.0,1218,Loma Linda University,"Private, nonprofit",1,2605,Microbiological Sciences and Immunology.,5,Master's Degree,0.0,0.0,0,PS,PS,PS,PS,PS,PS,PS,PS,PS,PS,PS,PS,PS,PS,PS,PS,PS
117636.0,1218,Loma Linda University,"Private, nonprofit",1,2605,Microbiological Sciences and Immunology.,6,Doctoral Degree,1.0,3.0,0,PS,PS,PS,PS,PS,PS,PS,PS,PS,PS,PS,PS,PS,436,101435,67906,148718
117636.0,1218,Loma Linda University,"Private, nonprofit",1,2609,"Physiology, Pathology and Related Sciences.",6,Doctoral Degree,4.0,2.0,0,PS,PS,PS,PS,PS,PS,PS,PS,PS,PS,PS,PS,PS,474,93640,66380,138797
117636.0,1218,Loma Linda University,"Private, nonprofit",1,2610,Pharmacology and Toxicology.,6,Doctoral Degree,5.0,0.0,0,PS,PS,PS,PS,PS,PS,PS,PS,PS,PS,PS,PS,PS,PS,PS,PS,PS
117636.0,1218,Loma Linda University,"Private, nonprofit",1,2611,"Biomathematics, Bioinformatics, and Computational Biology.",5,Master's Degree,,,1,PS,PS,PS,PS,PS,PS,PS,PS,PS,PS,PS,PS,PS,630,110121,83634,151267
117636.0,1218,Loma Linda University,"Private, nonprofit",1,2613,"Ecology, Evolution, Systematics, and Population Biology.",5,Master's Degree,9.0,12.0,2,PS,PS,PS,PS,PS,PS,PS,PS,PS,PS,PS,PS,PS,1666,82527,62410,110761
117636.0,1218,Loma Linda University,"Private, nonprofit",1,2613,"Ecology, Evolution, Systematics, and Population Biology.",6,Doctoral Degree,2.0,1.0,0,PS,PS,PS,PS,PS,PS,PS,PS,PS,PS,PS,PS,PS,699,97173,69290,126513
117636.0,1218,Loma Linda University,"Private, nonprofit",1,2615,Neurobiology and Neurosciences.,5,Master's Degree,0.0,0.0,PS,PS,PS,PS,PS,PS,PS,PS,PS,PS,PS,PS,PS,PS,PS,PS,PS,PS
117636.0,1218,Loma Linda University,"Private, nonprofit",1,2615,Neurobiology and Neurosciences.,6,Doctoral Degree,0.0,1.0,PS,PS,PS,PS,PS,PS,PS,PS,PS,PS,PS,PS,PS,PS,PS,PS,PS,PS
117636.0,1218,Loma Linda University,"Private, nonprofit",1,2699,"Biological and Biomedical Sciences, Other.",5,Master's Degree,0.0,0.0,0,PS,PS,PS,PS,PS,PS,PS,PS,PS,PS,PS,PS,PS,619,77545,56574,113642
117636.0,1218,Loma Linda University,"Private, nonprofit",1,2699,"Biological and Biomedical Sciences, Other.",6,Doctoral Degree,0.0,3.0,0,PS,PS,PS,PS,PS,PS,PS,PS,PS,PS,PS,PS,PS,184,101096,70072,147391
117636.0,1218,Loma Linda University,"Private, nonprofit",1,3011,Gerontology.,5,Master's Degree,2.0,2.0,0,PS,PS,PS,PS,PS,PS,PS,PS,PS,PS,PS,PS,PS,382,67618,48150,89284
117636.0,1218,Loma Linda University,"Private, nonprofit",1,3018,Natural Sciences.,5,Master's Degree,2.0,0.0,PS,PS,PS,PS,PS,PS,PS,PS,PS,PS,PS,PS,PS,PS,PS,PS,PS,PS
117636.0,1218,Loma Linda University,"Private, nonprofit",1,3802,Religion/Religious Studies.,5,Master's Degree,0.0,1.0,PS,PS,PS,PS,PS,PS,PS,PS,PS,PS,PS,PS,PS,PS,742,57737,33608,87095
117636.0,1218,Loma Linda University,"Private, nonprofit",1,3802,Religion/Religious Studies.,6,Doctoral Degree,1.0,0.0,PS,PS,PS,PS,PS,PS,PS,PS,PS,PS,PS,PS,PS,PS,PS,PS,PS,PS
117636.0,1218,Loma Linda University,"Private, nonprofit",1,3906,Theological and Ministerial Studies.,8,Graduate/Professional Certificate,0.0,0.0,PS,PS,PS,PS,PS,PS,PS,PS,PS,PS,PS,PS,PS,PS,PS,PS,PS,PS
117636.0,1218,Loma Linda University,"Private, nonprofit",1,4006,Geological and Earth Sciences/Geosciences.,3,Bachelor's Degree,0.0,0.0,PS,PS,PS,PS,PS,PS,PS,PS,PS,PS,PS,PS,PS,PS,6193,60190,44343,77573
117636.0,1218,Loma Linda University,"Private, nonprofit",1,4006,Geological and Earth Sciences/Geosciences.,5,Master's Degree,1.0,1.0,0,PS,PS,PS,PS,PS,PS,PS,PS,PS,PS,PS,PS,PS,PS,PS,PS,PS
117636.0,1218,Loma Linda University,"Private, nonprofit",1,4006,Geological and Earth Sciences/Geosciences.,6,Doctoral Degree,0.0,2.0,0,PS,PS,PS,PS,PS,PS,PS,PS,PS,PS,PS,PS,PS,509,92039,69189,121816
117636.0,1218,Loma Linda University,"Private, nonprofit",1,4201,"Psychology, General.",5,Master's Degree,16.0,21.0,PS,PS,PS,PS,PS,PS,PS,PS,PS,PS,PS,PS,PS,PS,PS,PS,PS,PS
117636.0,1218,Loma Linda University,"Private, nonprofit",1,4201,"Psychology, General.",6,Doctoral Degree,7.0,18.0,2,33,108593,30,PS,PS,PS,PS,PS,PS,PS,PS,PS,22,1927,98707,69268,127593
117636.0,1218,Loma Linda University,"Private, nonprofit",1,4227,Research and Experimental Psychology.,6,Doctoral Degree,0.0,0.0,PS,PS,PS,PS,PS,PS,PS,PS,PS,PS,PS,PS,PS,PS,PS,PS,PS,PS
117636.0,1218,Loma Linda University,"Private, nonprofit",1,4228,"Clinical, Counseling and Applied Psychology.",6,Doctoral Degree,10.0,13.0,PS,PS,PS,PS,PS,PS,PS,PS,PS,PS,PS,PS,PS,PS,PS,PS,PS,PS
117636.0,1218,Loma Linda University,"Private, nonprofit",1,4301,Criminal Justice and Corrections.,5,Master's Degree,5.0,11.0,0,PS,PS,PS,PS,PS,PS,PS,PS,PS,PS,PS,PS,PS,7364,66714,48346,93005
117636.0,1218,Loma Linda University,"Private, nonprofit",1,4304,Security Science and Technology.,8,Graduate/Professional Certificate,0.0,0.0,PS,PS,PS,PS,PS,PS,PS,PS,PS,PS,PS,PS,PS,PS,PS,PS,PS,PS
117636.0,1218,Loma Linda University,"Private, nonprofit",1,4405,Public Policy Analysis.,6,Doctoral Degree,1.0,0.0,0,PS,PS,PS,PS,PS,PS,PS,PS,PS,PS,PS,PS,PS,176,119220,88172,156517
117636.0,1218,Loma Linda University,"Private, nonprofit",1,4407,Social Work.,5,Master's Degree,,,3,68,75908,64,47,75606,22,84408,PS,PS,PS,PS,PS,64,44463,65123,51662,79737
117636.0,1218,Loma Linda University,"Private, nonprofit",1,4407,Social Work.,6,Doctoral Degree,0.0,1.0,PS,PS,PS,PS,PS,PS,PS,PS,PS,PS,PS,PS,PS,PS,PS,PS,PS,PS
117636.0,1218,Loma Linda University,"Private, nonprofit",1,4507,Geography and Cartography.,8,Graduate/Professional Certificate,2.0,1.0,PS,PS,PS,PS,PS,PS,PS,PS,PS,PS,PS,PS,PS,PS,PS,PS,PS,PS
117636.0,1218,Loma Linda University,"Private, nonprofit",1,5100,"Health Services/Allied Health/Health Sciences, General.",3,Bachelor's Degree,4.0,6.0,PS,PS,PS,PS,PS,PS,PS,PS,PS,PS,PS,PS,PS,PS,PS,PS,PS,PS
117636.0,1218,Loma Linda University,"Private, nonprofit",1,5100,"Health Services/Allied Health/Health Sciences, General.",6,Doctoral Degree,1.0,6.0,2,PS,PS,PS,PS,PS,PS,PS,PS,PS,PS,PS,PS,PS,381,101669,66981,148779
117636.0,1218,Loma Linda University,"Private, nonprofit",1,5102,Communication Disorders Sciences and Services.,3,Bachelor's Degree,13.0,8.0,2,19,71873,PS,PS,PS,PS,PS,PS,PS,PS,PS,PS,17,11257,58928,44993,73005
117636.0,1218,Loma Linda University,"Private, nonprofit",1,5102,Communication Disorders Sciences and Services.,5,Master's Degree,34.0,34.0,1,50,88391,47,19,93260,31,85296,PS,PS,PS,PS,PS,42,11787,67030,53057,82358
117636.0,1218,Loma Linda University,"Private, nonprofit",1,5102,Communication Disorders Sciences and Services.,6,Doctoral Degree,2.0,4.0,PS,PS,PS,PS,PS,PS,PS,PS,PS,PS,PS,PS,PS,PS,1063,88343,75184,105210
117636.0,1218,Loma Linda University,"Private, nonprofit",1,5104,Dentistry.,7,First Professional Degree,131.0,129.0,8,184,145144,170,62,144126,120,140980,113,164394,70,117949,PS,105,7817,170812,110187,239976
117636.0,1218,Loma Linda University,"Private, nonprofit",1,5105,Advanced/Graduate Dentistry and Oral Sciences.,5,Master's Degree,27.0,16.0,0,24,192366,23,PS,PS,PS,PS,PS,PS,PS,PS,21,PS,661,235700,145128,346917
117636.0,1218,Loma Linda University,"Private, nonprofit",1,5105,Advanced/Graduate Dentistry and Oral Sciences.,8,Graduate/Professional Certificate,26.0,22.0,1,44,235030,43,PS,PS,PS,PS,PS,PS,PS,PS,PS,24,551,207164,128183,333301
117636.0,1218,Loma Linda University,"Private, nonprofit",1,5106,Dental Support Services and Allied Professions.,2,Associate's Degree,,,0,PS,PS,PS,PS,PS,PS,PS,PS,PS,PS,PS,PS,PS,9592,61982,42175,79205
117636.0,1218,Loma Linda University,"Private, nonprofit",1,5106,Dental Support Services and Allied Professions.,3,Bachelor's Degree,35.0,22.0,0,59,71640,53,42,69376,17,72104,PS,PS,PS,PS,PS,51,3416,68061,51213,83379
117636.0,1218,Loma Linda University,"Private, nonprofit",1,5107,Health and Medical Administrative Services.,1,Undergraduate Certificate or Diploma,1.0,10.0,2,PS,PS,PS,PS,PS,PS,PS,PS,PS,PS,PS,PS,PS,31552,35447,21575,46852
117636.0,1218,Loma Linda University,"Private, nonprofit",1,5107,Health and Medical Administrative Services.,3,Bachelor's Degree,19.0,8.0,0,PS,PS,PS,PS,PS,PS,PS,PS,PS,PS,PS,PS,PS,21334,58716,41903,80437
117636.0,1218,Loma Linda University,"Private, nonprofit",1,5107,Health and Medical Administrative Services.,5,Master's Degree,16.0,4.0,4,47,114575,45,PS,PS,25,118259,16,130754,31,89261,PS,32,15437,89981,62852,126886
117636.0,1218,Loma Linda University,"Private, nonprofit",1,5107,Health and Medical Administrative Services.,6,Doctoral Degree,3.0,4.0,0,PS,PS,PS,PS,PS,PS,PS,PS,PS,PS,PS,PS,PS,319,126299,86909,175644
117636.0,1218,Loma Linda University,"Private, nonprofit",1,5107,Health and Medical Administrative Services.,8,Graduate/Professional Certificate,0.0,1.0,PS,PS,PS,PS,PS,PS,PS,PS,PS,PS,PS,PS,PS,PS,PS,PS,PS,PS
117636.0,1218,Loma Linda University,"Private, nonprofit",1,5108,Allied Health and Medical Assisting Services.,2,Associate's Degree,37.0,43.0,3,73,59567,62,45,61852,28,48547,35,69729,38,49275,PS,62,30826,42269,28587,56048
117636.0,1218,Loma Linda University,"Private, nonprofit",1,5108,Allied Health and Medical Assisting Services.,5,Master's Degree,23.0,20.0,0,PS,PS,PS,PS,PS,PS,PS,PS,PS,PS,PS,PS,PS,754,162386,109394,222266
117636.0,1218,Loma Linda University,"Private, nonprofit",1,5109,"Allied Health Diagnostic, Intervention, and Treatment Professions.",1,Undergraduate Certificate or Diploma,27.0,15.0,2,56,113564,55,PS,PS,PS,PS,18,118540,38,110562,PS,47,17439,57584,37331,79965
117636.0,1218,Loma Linda University,"Private, nonprofit",1,5109,"Allied Health Diagnostic, Intervention, and Treatment Professions.",2,Associate's Degree,38.0,51.0,2,19,77170,18,PS,PS,PS,PS,PS,PS,PS,PS,PS,16,33769,65389,46431,84999
117636.0,1218,Loma Linda University,"Private, nonprofit",1,5109,"Allied Health Diagnostic, Intervention, and Treatment Professions.",3,Bachelor's Degree,46.0,55.0,3,33,97622,30,PS,PS,PS,PS,PS,PS,PS,PS,PS,27,14015,70786,50919,95942
117636.0,1218,Loma Linda University,"Private, nonprofit",1,5109,"Allied Health Diagnostic, Intervention, and Treatment Professions.",5,Master's Degree,43.0,41.0,1,69,131073,66,33,138435,36,125669,29,141330,40,118627,PS,47,15912,127347,103242,152756
117636.0,1218,Loma Linda University,"Private, nonprofit",1,5110,Clinical/Medical Laboratory Science/Research and Allied Professions.,3,Bachelor's Degree,22.0,21.0,0,30,127531,30,PS,PS,PS,PS,PS,PS,PS,PS,PS,29,4657,75975,60921,92270
117636.0,1218,Loma Linda University,"Private, nonprofit",1,5112,Medicine.,7,First Professional Degree,151.0,142.0,4,300,203166,297,84,186716,217,205132,173,218930,126,169641,PS,165,36252,112460,77012,214525
117636.0,1218,Loma Linda University,"Private, nonprofit",1,5114,Medical Clinical Sciences/Graduate Medical Studies.,6,Doctoral Degree,0.0,0.0,PS,PS,PS,PS,PS,PS,PS,PS,PS,PS,PS,PS,PS,PS,PS,PS,PS,PS
117636.0,1218,Loma Linda University,"Private, nonprofit",1,5115,Mental and Social Health Services and Allied Professions.,4,Post-baccalaureate Certificate,,,0,PS,PS,PS,PS,PS,PS,PS,PS,PS,PS,PS,PS,PS,80,60647,49749,78793
117636.0,1218,Loma Linda University,"Private, nonprofit",1,5115,Mental and Social Health Services and Allied Professions.,5,Master's Degree,77.0,82.0,6,50,67323,43,27,64126,26,71159,PS,PS,PS,PS,PS,39,15919,59571,41812,76123
117636.0,1218,Loma Linda University,"Private, nonprofit",1,5115,Mental and Social Health Services and Allied Professions.,6,Doctoral Degree,16.0,10.0,2,PS,PS,PS,PS,PS,PS,PS,PS,PS,PS,PS,PS,PS,402,77066,50657,108832
117636.0,1218,Loma Linda University,"Private, nonprofit",1,5115,Mental and Social Health Services and Allied Professions.,8,Graduate/Professional Certificate,5.0,5.0,0,PS,PS,PS,PS,PS,PS,PS,PS,PS,PS,PS,PS,PS,PS,PS,PS,PS
117636.0,1218,Loma Linda University,"Private, nonprofit",1,5120,"Pharmacy, Pharmaceutical Sciences, and Administration.",7,First Professional Degree,72.0,56.0,6,134,158018,130,67,154676,67,164367,48,170019,86,154957,PS,117,15557,138348,120409,158074
117636.0,1218,Loma Linda University,"Private, nonprofit",1,5122,Public Health.,5,Master's Degree,28.0,32.0,3,72,90994,67,29,83739,43,92015,PS,PS,PS,PS,PS,43,15061,82751,61518,113501
117636.0,1218,Loma Linda University,"Private, nonprofit",1,5122,Public Health.,6,Doctoral Degree,14.0,11.0,0,PS,PS,PS,PS,PS,PS,PS,PS,PS,PS,PS,PS,PS,870,108962,85957,147308
117636.0,1218,Loma Linda University,"Private, nonprofit",1,5122,Public Health.,8,Graduate/Professional Certificate,0.0,0.0,PS,PS,PS,PS,PS,PS,PS,PS,PS,PS,PS,PS,PS,PS,PS,PS,PS,PS
117636.0,1218,Loma Linda University,"Private, nonprofit",1,5123,Rehabilitation and Therapeutic Professions.,5,Master's Degree,61.0,68.0,7,101,84746,94,45,87136,55,81662,33,84644,68,84628,PS,71,13189,71416,53551,86212
117636.0,1218,Loma Linda University,"Private, nonprofit",1,5123,Rehabilitation and Therapeutic Professions.,6,Doctoral Degree,29.0,58.0,1,PS,PS,PS,PS,PS,PS,PS,PS,PS,PS,PS,PS,PS,13052,82893,68836,95078
117636.0,1218,Loma Linda University,"Private, nonprofit",1,5123,Rehabilitation and Therapeutic Professions.,7,First Professional Degree,64.0,61.0,8,100,93993,92,45,94424,56,93669,49,96532,53,89138,PS,74,5234,81641,67036,93971
117636.0,1218,Loma Linda University,"Private, nonprofit",1,5127,Medical Illustration and Informatics.,5,Master's Degree,11.0,12.0,0,19,105246,16,PS,PS,PS,PS,PS,PS,PS,PS,PS,16,1239,101441,77716,136744
117636.0,1218,Loma Linda University,"Private, nonprofit",1,5131,Dietetics and Clinical Nutrition Services.,3,Bachelor's Degree,10.0,6.0,2,PS,PS,PS,PS,PS,PS,PS,PS,PS,PS,PS,PS,PS,3542,55753,40535,68442
117636.0,1218,Loma Linda University,"Private, nonprofit",1,5131,Dietetics and Clinical Nutrition Services.,5,Master's Degree,29.0,23.0,8,49,73132,42,28,70655,21,77009,PS,PS,PS,PS,PS,33,1640,62269,43111,78063
117636.0,1218,Loma Linda University,"Private, nonprofit",1,5131,Dietetics and Clinical Nutrition Services.,6,Doctoral Degree,1.0,2.0,1,PS,PS,PS,PS,PS,PS,PS,PS,PS,PS,PS,PS,PS,32,91132,PS,137036
117636.0,1218,Loma Linda University,"Private, nonprofit",1,5132,"Health Professions Education, Ethics, and Humanities.",5,Master's Degree,15.0,7.0,0,PS,PS,PS,PS,PS,PS,PS,PS,PS,PS,PS,PS,PS,2338,100487,74171,131323
117636.0,1218,Loma Linda University,"Private, nonprofit",1,5132,"Health Professions Education, Ethics, and Humanities.",8,Graduate/Professional Certificate,0.0,0.0,PS,PS,PS,PS,PS,PS,PS,PS,PS,PS,PS,PS,PS,PS,PS,PS,PS,PS
117636.0,1218,Loma Linda University,"Private, nonprofit",1,5138,"Registered Nursing, Nursing Administration, Nursing Research and Clinical Nursing.",3,Bachelor's Degree,183.0,160.0,8,207,109875,201,155,108576,52,114944,44,117445,163,107994,PS,183,177924,88910,67853,114470
117636.0,1218,Loma Linda University,"Private, nonprofit",1,5138,"Registered Nursing, Nursing Administration, Nursing Research and Clinical Nursing.",5,Master's Degree,4.0,3.0,1,57,167922,59,29,168093,29,169303,PS,PS,PS,PS,PS,42,63874,120193,94642,149472
117636.0,1218,Loma Linda University,"Private, nonprofit",1,5138,"Registered Nursing, Nursing Administration, Nursing Research and Clinical Nursing.",6,Doctoral Degree,42.0,50.0,1,PS,PS,PS,PS,PS,PS,PS,PS,PS,PS,PS,PS,PS,8559,138131,106294,185434
117946.0,11649,Loyola Marymount University,"Private, nonprofit",1,301,Natural Resources Conservation and Research.,3,Bachelor's Degree,22.0,23.0,0,PS,PS,PS,PS,PS,PS,PS,PS,PS,PS,PS,PS,PS,15907,55012,39435,72794
117946.0,11649,Loyola Marymount University,"Private, nonprofit",1,301,Natural Resources Conservation and Research.,5,Master's Degree,2.0,1.0,0,PS,PS,PS,PS,PS,PS,PS,PS,PS,PS,PS,PS,PS,2674,74607,55183,98711
117946.0,11649,Loyola Marymount University,"Private, nonprofit",1,301,Natural Resources Conservation and Research.,8,Graduate/Professional Certificate,0.0,0.0,PS,PS,PS,PS,PS,PS,PS,PS,PS,PS,PS,PS,PS,PS,PS,PS,PS,PS
117946.0,11649,Loyola Marymount University,"Private, nonprofit",1,501,Area Studies.,3,Bachelor's Degree,5.0,3.0,0,PS,PS,PS,PS,PS,PS,PS,PS,PS,PS,PS,PS,PS,3737,56625,37190,78481
117946.0,11649,Loyola Marymount University,"Private, nonprofit",1,502,"Ethnic, Cultural Minority, Gender, and Group Studies.",3,Bachelor's Degree,18.0,15.0,1,PS,PS,PS,PS,PS,PS,PS,PS,PS,PS,PS,PS,PS,5420,51710,34946,68128
117946.0,11649,Loyola Marymount University,"Private, nonprofit",1,901,Communication and Media Studies.,3,Bachelor's Degree,125.0,109.0,10,140,70036,117,49,66848,91,73475,28,75246,111,71008,PS,109,61357,56359,39575,76115
117946.0,11649,Loyola Marymount University,"Private, nonprofit",1,904,Journalism.,3,Bachelor's Degree,33.0,39.0,PS,PS,PS,PS,PS,PS,PS,PS,PS,PS,PS,PS,PS,PS,13928,56278,40588,73923
117946.0,11649,Loyola Marymount University,"Private, nonprofit",1,1002,Audiovisual Communications Technologies/Technicians.,3,Bachelor's Degree,13.0,11.0,2,PS,PS,PS,PS,PS,PS,PS,PS,PS,PS,PS,PS,PS,1947,44889,26703,61587
117946.0,11649,Loyola Marymount University,"Private, nonprofit",1,1003,Graphic Communications.,3,Bachelor's Degree,14.0,14.0,2,24,63611,21,PS,PS,PS,PS,PS,PS,PS,PS,PS,23,3496,43283,27166,64326
117946.0,11649,Loyola Marymount University,"Private, nonprofit",1,1101,"Computer and Information Sciences, General.",3,Bachelor's Degree,52.0,37.0,0,PS,PS,PS,PS,PS,PS,PS,PS,PS,PS,PS,PS,PS,41037,92374,64179,128180
117946.0,11649,Loyola Marymount University,"Private, nonprofit",1,1101,"Computer and Information Sciences, General.",5,Master's Degree,9.0,19.0,PS,PS,PS,PS,PS,PS,PS,PS,PS,PS,PS,PS,PS,PS,PS,PS,PS,PS
117946.0,11649,Loyola Marymount University,"Private, nonprofit",1,1102,Computer Programming.,8,Graduate/Professional Certificate,0.0,0.0,PS,PS,PS,PS,PS,PS,PS,PS,PS,PS,PS,PS,PS,PS,PS,PS,PS,PS
117946.0,11649,Loyola Marymount University,"Private, nonprofit",1,1110,Computer/Information Technology Administration and Management.,8,Graduate/Professional Certificate,0.0,0.0,PS,PS,PS,PS,PS,PS,PS,PS,PS,PS,PS,PS,PS,PS,PS,PS,PS,PS
117946.0,11649,Loyola Marymount University,"Private, nonprofit",1,1301,"Education, General.",5,Master's Degree,30.0,29.0,1,PS,PS,PS,PS,PS,PS,PS,PS,PS,PS,PS,PS,PS,22487,65824,52724,82084
117946.0,11649,Loyola Marymount University,"Private, nonprofit",1,1302,"Bilingual, Multilingual, and Multicultural Education.",5,Master's Degree,9.0,2.0,2,PS,PS,PS,PS,PS,PS,PS,PS,PS,PS,PS,PS,PS,491,71241,58002,86216
117946.0,11649,Loyola Marymount University,"Private, nonprofit",1,1302,"Bilingual, Multilingual, and Multicultural Education.",8,Graduate/Professional Certificate,0.0,,0,PS,PS,PS,PS,PS,PS,PS,PS,PS,PS,PS,PS,PS,PS,PS,PS,PS
117946.0,11649,Loyola Marymount University,"Private, nonprofit",1,1304,Educational Administration and Supervision.,5,Master's Degree,215.0,148.0,1,122,83797,118,66,80869,56,88500,32,85193,90,83272,25,92,32412,71685,57739,90151
117946.0,11649,Loyola Marymount University,"Private, nonprofit",1,1304,Educational Administration and Supervision.,6,Doctoral Degree,22.0,18.0,0,25,118273,25,PS,PS,PS,PS,PS,PS,PS,PS,PS,24,7878,100573,76116,135360
117946.0,11649,Loyola Marymount University,"Private, nonprofit",1,1304,Educational Administration and Supervision.,8,Graduate/Professional Certificate,23.0,19.0,0,24,89259,23,PS,PS,PS,PS,PS,PS,PS,PS,PS,17,PS,PS,PS,PS
117946.0,11649,Loyola Marymount University,"Private, nonprofit",1,1304,Educational Administration and Supervision.,99,Non-Credential Program (Preparatory Coursework/Teacher Certification),,,,,,,,,,,,,,,,,514,90560,69507,117595
117946.0,11649,Loyola Marymount University,"Private, nonprofit",1,1310,Special Education and Teaching.,5,Master's Degree,26.0,20.0,5,115,77023,109,76,79605,39,71916,31,81202,83,75529,PS,91,21493,64397,52390,79764
117946.0,11649,Loyola Marymount University,"Private, nonprofit",1,1310,Special Education and Teaching.,8,Graduate/Professional Certificate,0.0,0.0,PS,PS,PS,PS,PS,PS,PS,PS,PS,PS,PS,PS,PS,PS,PS,PS,PS,PS
117946.0,11649,Loyola Marymount University,"Private, nonprofit",1,1310,Special Education and Teaching.,99,Non-Credential Program (Preparatory Coursework/Teacher Certification),,,,,,,,,,,,,,,,,304,70406,57253,85837
117946.0,11649,Loyola Marymount University,"Private, nonprofit",1,1311,Student Counseling and Personnel Services.,5,Master's Degree,29.0,45.0,2,75,66832,67,53,65093,22,69136,PS,PS,PS,PS,PS,68,15495,60111,48192,74890
117946.0,11649,Loyola Marymount University,"Private, nonprofit",1,1311,Student Counseling and Personnel Services.,8,Graduate/Professional Certificate,0.0,21.0,PS,PS,PS,PS,PS,PS,PS,PS,PS,PS,PS,PS,PS,PS,PS,PS,PS,PS
117946.0,11649,Loyola Marymount University,"Private, nonprofit",1,1312,"Teacher Education and Professional Development, Specific Levels and Methods.",5,Master's Degree,16.0,4.0,4,94,66052,85,51,66792,43,65992,24,69769,70,65998,PS,85,30920,59916,48965,72958
117946.0,11649,Loyola Marymount University,"Private, nonprofit",1,1312,"Teacher Education and Professional Development, Specific Levels and Methods.",99,Non-Credential Program (Preparatory Coursework/Teacher Certification),,,,,,,,,,,,,,,,,709,57802,47934,73061
117946.0,11649,Loyola Marymount University,"Private, nonprofit",1,1313,"Teacher Education and Professional Development, Specific Subject Areas.",5,Master's Degree,12.0,5.0,0,18,67745,17,PS,PS,PS,PS,PS,PS,PS,PS,PS,PS,19074,63707,51487,78905
117946.0,11649,Loyola Marymount University,"Private, nonprofit",1,1313,"Teacher Education and Professional Development, Specific Subject Areas.",8,Graduate/Professional Certificate,0.0,0.0,0,PS,PS,PS,PS,PS,PS,PS,PS,PS,PS,PS,PS,PS,574,69444,54139,85640
117946.0,11649,Loyola Marymount University,"Private, nonprofit",1,1314,Teaching English or French as a Second or Foreign Language.,5,Master's Degree,1.0,0.0,PS,PS,PS,PS,PS,PS,PS,PS,PS,PS,PS,PS,PS,PS,PS,PS,PS,PS
117946.0,11649,Loyola Marymount University,"Private, nonprofit",1,1314,Teaching English or French as a Second or Foreign Language.,8,Graduate/Professional Certificate,0.0,0.0,PS,PS,PS,PS,PS,PS,PS,PS,PS,PS,PS,PS,PS,PS,PS,PS,PS,PS
117946.0,11649,Loyola Marymount University,"Private, nonprofit",1,1405,Biomedical/Medical Engineering.,5,Master's Degree,24.0,17.0,PS,PS,PS,PS,PS,PS,PS,PS,PS,PS,PS,PS,PS,PS,1704,106375,84793,130445
117946.0,11649,Loyola Marymount University,"Private, nonprofit",1,1408,Civil Engineering.,3,Bachelor's Degree,27.0,23.0,0,PS,PS,PS,PS,PS,PS,PS,PS,PS,PS,PS,PS,PS,15798,86517,73883,101174
117946.0,11649,Loyola Marymount University,"Private, nonprofit",1,1408,Civil Engineering.,5,Master's Degree,2.0,11.0,0,PS,PS,PS,PS,PS,PS,PS,PS,PS,PS,PS,PS,PS,3258,98323,84186,116108
117946.0,11649,Loyola Marymount University,"Private, nonprofit",1,1408,Civil Engineering.,8,Graduate/Professional Certificate,0.0,1.0,PS,PS,PS,PS,PS,PS,PS,PS,PS,PS,PS,PS,PS,PS,PS,PS,PS,PS
117946.0,11649,Loyola Marymount University,"Private, nonprofit",1,1409,Computer Engineering.,3,Bachelor's Degree,,0.0,,,,,,,,,,,,,,,PS,PS,PS,PS
117946.0,11649,Loyola Marymount University,"Private, nonprofit",1,1409,Computer Engineering.,5,Master's Degree,,0.0,,,,,,,,,,,,,,,PS,PS,PS,PS
117946.0,11649,Loyola Marymount University,"Private, nonprofit",1,1409,Computer Engineering.,8,Graduate/Professional Certificate,0.0,0.0,PS,PS,PS,PS,PS,PS,PS,PS,PS,PS,PS,PS,PS,PS,PS,PS,PS,PS
117946.0,11649,Loyola Marymount University,"Private, nonprofit",1,1410,"Electrical, Electronics, and Communications Engineering.",3,Bachelor's Degree,12.0,10.0,1,PS,PS,PS,PS,PS,PS,PS,PS,PS,PS,PS,PS,PS,16532,100647,84635,122440
117946.0,11649,Loyola Marymount University,"Private, nonprofit",1,1410,"Electrical, Electronics, and Communications Engineering.",5,Master's Degree,2.0,4.0,PS,PS,PS,PS,PS,PS,PS,PS,PS,PS,PS,PS,PS,PS,3090,133654,107420,171817
117946.0,11649,Loyola Marymount University,"Private, nonprofit",1,1410,"Electrical, Electronics, and Communications Engineering.",8,Graduate/Professional Certificate,0.0,0.0,PS,PS,PS,PS,PS,PS,PS,PS,PS,PS,PS,PS,PS,PS,PS,PS,PS,PS
117946.0,11649,Loyola Marymount University,"Private, nonprofit",1,1412,Engineering Physics.,3,Bachelor's Degree,0.0,5.0,0,PS,PS,PS,PS,PS,PS,PS,PS,PS,PS,PS,PS,PS,571,89154,69182,111349
117946.0,11649,Loyola Marymount University,"Private, nonprofit",1,1419,Mechanical Engineering.,3,Bachelor's Degree,30.0,39.0,1,43,92031,40,19,85072,24,100966,PS,PS,PS,PS,PS,33,36057,92135,77715,109121
117946.0,11649,Loyola Marymount University,"Private, nonprofit",1,1419,Mechanical Engineering.,5,Master's Degree,8.0,6.0,0,PS,PS,PS,PS,PS,PS,PS,PS,PS,PS,PS,PS,PS,3775,115974,97429,140629
117946.0,11649,Loyola Marymount University,"Private, nonprofit",1,1427,Systems Engineering.,5,Master's Degree,17.0,10.0,0,PS,PS,PS,PS,PS,PS,PS,PS,PS,PS,PS,PS,PS,1290,144565,117436,177515
117946.0,11649,Loyola Marymount University,"Private, nonprofit",1,1427,Systems Engineering.,8,Graduate/Professional Certificate,8.0,0.0,PS,PS,PS,PS,PS,PS,PS,PS,PS,PS,PS,PS,PS,PS,PS,PS,PS,PS
117946.0,11649,Loyola Marymount University,"Private, nonprofit",1,1499,"Engineering, Other.",8,Graduate/Professional Certificate,0.0,0.0,0,PS,PS,PS,PS,PS,PS,PS,PS,PS,PS,PS,PS,PS,PS,PS,PS,PS
117946.0,11649,Loyola Marymount University,"Private, nonprofit",1,1508,Mechanical Engineering Related Technologies/Technicians.,8,Graduate/Professional Certificate,0.0,0.0,PS,PS,PS,PS,PS,PS,PS,PS,PS,PS,PS,PS,PS,PS,PS,PS,PS,PS
117946.0,11649,Loyola Marymount University,"Private, nonprofit",1,1511,Engineering-Related Technologies/Technicians.,8,Graduate/Professional Certificate,0.0,0.0,,,,,,,,,,,,,,,PS,PS,PS,PS
117946.0,11649,Loyola Marymount University,"Private, nonprofit",1,1515,Engineering-Related Fields.,8,Graduate/Professional Certificate,1.0,0.0,PS,PS,PS,PS,PS,PS,PS,PS,PS,PS,PS,PS,PS,PS,PS,PS,PS,PS
117946.0,11649,Loyola Marymount University,"Private, nonprofit",1,1609,"Romance Languages, Literatures, and Linguistics.",3,Bachelor's Degree,25.0,11.0,0,18,61114,PS,PS,PS,PS,PS,PS,PS,PS,PS,PS,PS,10363,55000,38411,73324
117946.0,11649,Loyola Marymount University,"Private, nonprofit",1,2200,Non-Professional Legal Studies.,5,Master's Degree,10.0,6.0,PS,PS,PS,PS,PS,PS,PS,PS,PS,PS,PS,PS,PS,PS,PS,PS,PS,PS
117946.0,11649,Loyola Marymount University,"Private, nonprofit",1,2201,Law.,5,Master's Degree,,,0,PS,PS,PS,PS,PS,PS,PS,PS,PS,PS,PS,PS,PS,589,65341,40967,98916
117946.0,11649,Loyola Marymount University,"Private, nonprofit",1,2201,Law.,7,First Professional Degree,332.0,313.0,16,246,122746,238,86,120601,160,124345,105,125917,140,116618,PS,226,40183,107773,75568,176111
117946.0,11649,Loyola Marymount University,"Private, nonprofit",1,2202,Legal Research and Advanced Professional Studies.,5,Master's Degree,,,0,PS,PS,PS,PS,PS,PS,PS,PS,PS,PS,PS,PS,PS,2905,101000,62617,153946
117946.0,11649,Loyola Marymount University,"Private, nonprofit",1,2202,Legal Research and Advanced Professional Studies.,6,Doctoral Degree,0.0,2.0,PS,PS,PS,PS,PS,PS,PS,PS,PS,PS,PS,PS,PS,PS,PS,PS,PS,PS
117946.0,11649,Loyola Marymount University,"Private, nonprofit",1,2202,Legal Research and Advanced Professional Studies.,8,Graduate/Professional Certificate,68.0,61.0,PS,PS,PS,PS,PS,PS,PS,PS,PS,PS,PS,PS,PS,PS,PS,PS,PS,PS
117946.0,11649,Loyola Marymount University,"Private, nonprofit",1,2301,"English Language and Literature, General.",3,Bachelor's Degree,65.0,49.0,7,83,66697,73,33,63384,50,70583,16,71045,67,66252,23,65,33025,48590,33654,63810
117946.0,11649,Loyola Marymount University,"Private, nonprofit",1,2301,"English Language and Literature, General.",5,Master's Degree,11.0,13.0,0,PS,PS,PS,PS,PS,PS,PS,PS,PS,PS,PS,PS,PS,3708,55512,39177,72721
117946.0,11649,Loyola Marymount University,"Private, nonprofit",1,2401,"Liberal Arts and Sciences, General Studies and Humanities.",3,Bachelor's Degree,19.0,12.0,1,27,61710,23,PS,PS,PS,PS,PS,PS,PS,PS,PS,23,50554,53072,35750,73322
117946.0,11649,Loyola Marymount University,"Private, nonprofit",1,2601,"Biology, General.",3,Bachelor's Degree,57.0,62.0,7,37,81547,29,PS,PS,PS,PS,PS,PS,PS,PS,20,26,57101,57214,38929,79199
117946.0,11649,Loyola Marymount University,"Private, nonprofit",1,2601,"Biology, General.",8,Graduate/Professional Certificate,0.0,0.0,PS,PS,PS,PS,PS,PS,PS,PS,PS,PS,PS,PS,PS,PS,PS,PS,PS,PS
117946.0,11649,Loyola Marymount University,"Private, nonprofit",1,2602,"Biochemistry, Biophysics and Molecular Biology.",3,Bachelor's Degree,25.0,17.0,1,18,78496,16,PS,PS,PS,PS,PS,PS,PS,PS,PS,PS,6319,65466,44889,88432
117946.0,11649,Loyola Marymount University,"Private, nonprofit",1,2701,Mathematics.,3,Bachelor's Degree,4.0,5.0,0,PS,PS,PS,PS,PS,PS,PS,PS,PS,PS,PS,PS,PS,15976,69562,49058,97414
117946.0,11649,Loyola Marymount University,"Private, nonprofit",1,2701,Mathematics.,5,Master's Degree,6.0,4.0,0,PS,PS,PS,PS,PS,PS,PS,PS,PS,PS,PS,PS,PS,1525,72654,54453,100369
117946.0,11649,Loyola Marymount University,"Private, nonprofit",1,2703,Applied Mathematics.,3,Bachelor's Degree,12.0,6.0,0,PS,PS,PS,PS,PS,PS,PS,PS,PS,PS,PS,PS,PS,2680,91532,63368,127252
117946.0,11649,Loyola Marymount University,"Private, nonprofit",1,2705,Statistics.,3,Bachelor's Degree,0.0,0.0,PS,PS,PS,PS,PS,PS,PS,PS,PS,PS,PS,PS,PS,PS,PS,PS,PS,PS
117946.0,11649,Loyola Marymount University,"Private, nonprofit",1,3018,Natural Sciences.,3,Bachelor's Degree,44.0,42.0,0,25,89101,23,PS,PS,PS,PS,PS,PS,PS,PS,PS,17,727,57935,36541,80456
117946.0,11649,Loyola Marymount University,"Private, nonprofit",1,3022,Classical and Ancient Studies.,3,Bachelor's Degree,3.0,5.0,0,PS,PS,PS,PS,PS,PS,PS,PS,PS,PS,PS,PS,PS,156,50477,34140,68542
117946.0,11649,Loyola Marymount University,"Private, nonprofit",1,3099,"Multi/Interdisciplinary Studies, Other.",3,Bachelor's Degree,3.0,2.0,0,PS,PS,PS,PS,PS,PS,PS,PS,PS,PS,PS,PS,PS,27598,55693,40311,72165
117946.0,11649,Loyola Marymount University,"Private, nonprofit",1,3801,Philosophy.,3,Bachelor's Degree,23.0,15.0,0,19,58354,PS,PS,PS,PS,PS,PS,PS,PS,PS,PS,PS,6085,54455,34926,78043
117946.0,11649,Loyola Marymount University,"Private, nonprofit",1,3801,Philosophy.,5,Master's Degree,2.0,7.0,1,PS,PS,PS,PS,PS,PS,PS,PS,PS,PS,PS,PS,PS,381,60272,35130,84227
117946.0,11649,Loyola Marymount University,"Private, nonprofit",1,3906,Theological and Ministerial Studies.,3,Bachelor's Degree,1.0,4.0,0,PS,PS,PS,PS,PS,PS,PS,PS,PS,PS,PS,PS,PS,1751,44535,30931,62472
117946.0,11649,Loyola Marymount University,"Private, nonprofit",1,3906,Theological and Ministerial Studies.,5,Master's Degree,8.0,5.0,2,PS,PS,PS,PS,PS,PS,PS,PS,PS,PS,PS,PS,PS,6997,61300,40587,91229
117946.0,11649,Loyola Marymount University,"Private, nonprofit",1,3907,Pastoral Counseling and Specialized Ministries.,5,Master's Degree,17.0,9.0,1,PS,PS,PS,PS,PS,PS,PS,PS,PS,PS,PS,PS,PS,719,53024,32488,74113
117946.0,11649,Loyola Marymount University,"Private, nonprofit",1,4005,Chemistry.,3,Bachelor's Degree,5.0,5.0,0,PS,PS,PS,PS,PS,PS,PS,PS,PS,PS,PS,PS,PS,10453,65120,48307,84018
117946.0,11649,Loyola Marymount University,"Private, nonprofit",1,4008,Physics.,3,Bachelor's Degree,7.0,0.0,0,PS,PS,PS,PS,PS,PS,PS,PS,PS,PS,PS,PS,PS,5602,76786,51777,102948
117946.0,11649,Loyola Marymount University,"Private, nonprofit",1,4201,"Psychology, General.",3,Bachelor's Degree,158.0,156.0,7,75,64365,63,37,67522,40,62443,16,60070,60,64605,32,61,102536,50706,35740,67229
117946.0,11649,Loyola Marymount University,"Private, nonprofit",1,4228,"Clinical, Counseling and Applied Psychology.",5,Master's Degree,17.0,33.0,2,22,99314,23,PS,PS,PS,PS,PS,PS,PS,PS,PS,20,22438,65184,47881,83770
117946.0,11649,Loyola Marymount University,"Private, nonprofit",1,4228,"Clinical, Counseling and Applied Psychology.",8,Graduate/Professional Certificate,18.0,17.0,PS,PS,PS,PS,PS,PS,PS,PS,PS,PS,PS,PS,PS,PS,PS,PS,PS,PS
117946.0,11649,Loyola Marymount University,"Private, nonprofit",1,4506,Economics.,3,Bachelor's Degree,79.0,54.0,2,44,83849,39,18,84100,24,90894,PS,PS,PS,PS,PS,35,28744,82686,58184,116323
117946.0,11649,Loyola Marymount University,"Private, nonprofit",1,4509,International Relations and National Security Studies.,3,Bachelor's Degree,36.0,37.0,PS,PS,PS,PS,PS,PS,PS,PS,PS,PS,PS,PS,PS,PS,8070,66596,46031,87798
117946.0,11649,Loyola Marymount University,"Private, nonprofit",1,4510,Political Science and Government.,3,Bachelor's Degree,91.0,85.0,6,75,73765,69,34,81243,41,71315,29,78883,46,72146,33,58,36628,63293,44760,85406
117946.0,11649,Loyola Marymount University,"Private, nonprofit",1,4511,Sociology.,3,Bachelor's Degree,42.0,42.0,7,69,65669,57,43,58410,26,74612,16,75991,53,61219,18,63,31848,52657,37665,69502
117946.0,11649,Loyola Marymount University,"Private, nonprofit",1,4512,Urban Studies/Affairs.,3,Bachelor's Degree,6.0,9.0,1,PS,PS,PS,PS,PS,PS,PS,PS,PS,PS,PS,PS,PS,999,62532,43623,81699
117946.0,11649,Loyola Marymount University,"Private, nonprofit",1,5003,Dance.,3,Bachelor's Degree,12.0,11.0,1,19,35852,PS,PS,PS,PS,PS,PS,PS,PS,PS,PS,PS,2823,39980,24910,57333
117946.0,11649,Loyola Marymount University,"Private, nonprofit",1,5005,Drama/Theatre Arts and Stagecraft.,3,Bachelor's Degree,134.0,121.0,9,71,46410,45,26,49293,45,42253,25,38389,46,47619,PS,57,14066,39775,25491,55399
117946.0,11649,Loyola Marymount University,"Private, nonprofit",1,5005,Drama/Theatre Arts and Stagecraft.,5,Master's Degree,17.0,17.0,2,16,42550,PS,PS,PS,PS,PS,PS,PS,PS,PS,PS,PS,2137,49978,29233,69322
117946.0,11649,Loyola Marymount University,"Private, nonprofit",1,5006,Film/Video and Photographic Arts.,3,Bachelor's Degree,71.0,117.0,1,53,45035,32,PS,PS,PS,PS,31,32439,22,48113,PS,39,12193,43765,25957,63381
117946.0,11649,Loyola Marymount University,"Private, nonprofit",1,5006,Film/Video and Photographic Arts.,5,Master's Degree,53.0,60.0,2,29,53911,20,PS,PS,PS,PS,PS,PS,PS,PS,PS,27,1639,51486,27165,77049
117946.0,11649,Loyola Marymount University,"Private, nonprofit",1,5007,Fine and Studio Arts.,3,Bachelor's Degree,47.0,59.0,4,40,65224,32,18,68914,22,65379,PS,PS,PS,PS,PS,35,26935,41367,26241,56653
117946.0,11649,Loyola Marymount University,"Private, nonprofit",1,5009,Music.,3,Bachelor's Degree,11.0,5.0,1,PS,PS,PS,PS,PS,PS,PS,PS,PS,PS,PS,PS,PS,14715,42892,26048,58755
117946.0,11649,Loyola Marymount University,"Private, nonprofit",1,5115,Mental and Social Health Services and Allied Professions.,5,Master's Degree,22.0,24.0,2,32,70160,25,PS,PS,PS,PS,PS,PS,PS,PS,PS,26,15919,59571,41812,76123
117946.0,11649,Loyola Marymount University,"Private, nonprofit",1,5132,"Health Professions Education, Ethics, and Humanities.",5,Master's Degree,5.0,5.0,0,PS,PS,PS,PS,PS,PS,PS,PS,PS,PS,PS,PS,PS,2338,100487,74171,131323
117946.0,11649,Loyola Marymount University,"Private, nonprofit",1,5132,"Health Professions Education, Ethics, and Humanities.",8,Graduate/Professional Certificate,0.0,0.0,PS,PS,PS,PS,PS,PS,PS,PS,PS,PS,PS,PS,PS,PS,PS,PS,PS,PS
117946.0,11649,Loyola Marymount University,"Private, nonprofit",1,5136,Movement and Mind-Body Therapies and Education.,5,Master's Degree,4.0,15.0,4,PS,PS,PS,PS,PS,PS,PS,PS,PS,PS,PS,PS,PS,61,49304,33972,69601
117946.0,11649,Loyola Marymount University,"Private, nonprofit",1,5136,Movement and Mind-Body Therapies and Education.,8,Graduate/Professional Certificate,1.0,0.0,PS,PS,PS,PS,PS,PS,PS,PS,PS,PS,PS,PS,PS,PS,PS,PS,PS,PS
117946.0,11649,Loyola Marymount University,"Private, nonprofit",1,5201,"Business/Commerce, General.",3,Bachelor's Degree,1.0,,0,PS,PS,PS,PS,PS,PS,PS,PS,PS,PS,PS,PS,PS,PS,PS,PS,PS
117946.0,11649,Loyola Marymount University,"Private, nonprofit",1,5201,"Business/Commerce, General.",5,Master's Degree,38.0,65.0,5,78,133994,75,25,121854,54,136434,41,148454,37,117814,PS,69,8991,125988,83879,189086
117946.0,11649,Loyola Marymount University,"Private, nonprofit",1,5202,"Business Administration, Management and Operations.",3,Bachelor's Degree,41.0,55.0,PS,PS,PS,PS,PS,PS,PS,PS,PS,PS,PS,PS,PS,PS,183303,68257,47618,93584
117946.0,11649,Loyola Marymount University,"Private, nonprofit",1,5202,"Business Administration, Management and Operations.",5,Master's Degree,27.0,23.0,PS,PS,PS,PS,PS,PS,PS,PS,PS,PS,PS,PS,PS,PS,PS,PS,PS,PS
117946.0,11649,Loyola Marymount University,"Private, nonprofit",1,5202,"Business Administration, Management and Operations.",8,Graduate/Professional Certificate,0.0,0.0,PS,PS,PS,PS,PS,PS,PS,PS,PS,PS,PS,PS,PS,PS,PS,PS,PS,PS
117946.0,11649,Loyola Marymount University,"Private, nonprofit",1,5203,Accounting and Related Services.,3,Bachelor's Degree,35.0,40.0,3,68,112523,65,30,105258,38,114376,41,112225,27,110289,PS,56,63013,76194,56205,97191
117946.0,11649,Loyola Marymount University,"Private, nonprofit",1,5203,Accounting and Related Services.,5,Master's Degree,14.0,11.0,0,PS,PS,PS,PS,PS,PS,PS,PS,PS,PS,PS,PS,PS,21288,95833,74491,118338
117946.0,11649,Loyola Marymount University,"Private, nonprofit",1,5207,Entrepreneurial and Small Business Operations.,3,Bachelor's Degree,52.0,66.0,7,45,86057,36,19,99030,25,82459,29,87985,18,83773,PS,37,3469,61027,38487,88452
117946.0,11649,Loyola Marymount University,"Private, nonprofit",1,5207,Entrepreneurial and Small Business Operations.,5,Master's Degree,0.0,22.0,PS,PS,PS,PS,PS,PS,PS,PS,PS,PS,PS,PS,PS,PS,PS,PS,PS,PS
117946.0,11649,Loyola Marymount University,"Private, nonprofit",1,5208,Finance and Financial Management Services.,3,Bachelor's Degree,115.0,111.0,7,81,116165,74,30,110657,51,121950,61,116020,20,114231,PS,62,43799,83343,60801,111527
117946.0,11649,Loyola Marymount University,"Private, nonprofit",1,5212,Management Information Systems and Services.,3,Bachelor's Degree,,,0,PS,PS,PS,PS,PS,PS,PS,PS,PS,PS,PS,PS,PS,10427,83290,58799,111586
117946.0,11649,Loyola Marymount University,"Private, nonprofit",1,5213,Management Sciences and Quantitative Methods.,3,Bachelor's Degree,39.0,34.0,PS,PS,PS,PS,PS,PS,PS,PS,PS,PS,PS,PS,PS,PS,PS,PS,PS,PS
117946.0,11649,Loyola Marymount University,"Private, nonprofit",1,5213,Management Sciences and Quantitative Methods.,5,Master's Degree,21.0,28.0,PS,PS,PS,PS,PS,PS,PS,PS,PS,PS,PS,PS,PS,PS,PS,PS,PS,PS
117946.0,11649,Loyola Marymount University,"Private, nonprofit",1,5214,Marketing.,3,Bachelor's Degree,154.0,151.0,8,151,82022,140,59,74498,92,87896,39,79611,112,83125,PS,120,48162,69303,49728,93152
117946.0,11649,Loyola Marymount University,"Private, nonprofit",1,5216,Taxation.,5,Master's Degree,2.0,9.0,PS,PS,PS,PS,PS,PS,PS,PS,PS,PS,PS,PS,PS,PS,PS,PS,PS,PS
117946.0,11649,Loyola Marymount University,"Private, nonprofit",1,5299,"Business, Management, Marketing, and Related Support Services, Other.",5,Master's Degree,0.0,1.0,PS,PS,PS,PS,PS,PS,PS,PS,PS,PS,PS,PS,PS,PS,917,96656,68660,143554
117946.0,11649,Loyola Marymount University,"Private, nonprofit",1,5401,History.,3,Bachelor's Degree,19.0,22.0,3,28,75286,23,PS,PS,PS,PS,PS,PS,PS,PS,PS,26,23671,50680,36330,66736
118693.0,1236,Menlo College,"Private, nonprofit",1,1101,"Computer and Information Sciences, General.",5,Master's Degree,,0.0,,,,,,,,,,,,,,,PS,PS,PS,PS
118693.0,1236,Menlo College,"Private, nonprofit",1,3071,Data Analytics.,3,Bachelor's Degree,0.0,0.0,,,,,,,,,,,,,,,PS,PS,PS,PS
118693.0,1236,Menlo College,"Private, nonprofit",1,3105,"Sports, Kinesiology, and Physical Education/Fitness.",3,Bachelor's Degree,0.0,16.0,,,,,,,,,,,,,,,PS,PS,PS,PS
118693.0,1236,Menlo College,"Private, nonprofit",1,4201,"Psychology, General.",3,Bachelor's Degree,30.0,29.0,1,PS,PS,PS,PS,PS,PS,PS,PS,PS,PS,PS,PS,PS,102536,50706,35740,67229
118693.0,1236,Menlo College,"Private, nonprofit",1,4228,"Clinical, Counseling and Applied Psychology.",5,Master's Degree,,0.0,,,,,,,,,,,,,,,PS,PS,PS,PS
118693.0,1236,Menlo College,"Private, nonprofit",1,5202,"Business Administration, Management and Operations.",3,Bachelor's Degree,70.0,25.0,1,41,81565,35,PS,PS,PS,PS,23,83946,18,79392,PS,34,183303,68257,47618,93584
118693.0,1236,Menlo College,"Private, nonprofit",1,5203,Accounting and Related Services.,3,Bachelor's Degree,22.0,24.0,2,26,106037,24,PS,PS,PS,PS,PS,PS,PS,PS,PS,18,63013,76194,56205,97191
118693.0,1236,Menlo College,"Private, nonprofit",1,5207,Entrepreneurial and Small Business Operations.,3,Bachelor's Degree,0.0,5.0,,,,,,,,,,,,,,,PS,PS,PS,PS
118693.0,1236,Menlo College,"Private, nonprofit",1,5208,Finance and Financial Management Services.,3,Bachelor's Degree,28.0,26.0,1,PS,PS,PS,PS,PS,PS,PS,PS,PS,PS,PS,PS,PS,43799,83343,60801,111527
118693.0,1236,Menlo College,"Private, nonprofit",1,5210,Human Resources Management and Services.,3,Bachelor's Degree,0.0,6.0,,,,,,,,,,,,,,,PS,PS,PS,PS
118693.0,1236,Menlo College,"Private, nonprofit",1,5211,International Business.,3,Bachelor's Degree,0.0,0.0,,,,,,,,,,,,,,,PS,PS,PS,PS
118693.0,1236,Menlo College,"Private, nonprofit",1,5214,Marketing.,3,Bachelor's Degree,29.0,46.0,6,PS,PS,PS,PS,PS,PS,PS,PS,PS,PS,PS,PS,PS,48162,69303,49728,93152
118693.0,1236,Menlo College,"Private, nonprofit",1,5215,Real Estate.,3,Bachelor's Degree,0.0,5.0,,,,,,,,,,,,,,,PS,PS,PS,PS
119173.0,1243,Mount Saint Mary's University,"Private, nonprofit",1,301,Natural Resources Conservation and Research.,3,Bachelor's Degree,,0.0,,,,,,,,,,,,,,,PS,PS,PS,PS
119173.0,1243,Mount Saint Mary's University,"Private, nonprofit",1,501,Area Studies.,3,Bachelor's Degree,0.0,0.0,PS,PS,PS,PS,PS,PS,PS,PS,PS,PS,PS,PS,PS,PS,3737,56625,37190,78481
119173.0,1243,Mount Saint Mary's University,"Private, nonprofit",1,501,Area Studies.,8,Graduate/Professional Certificate,,1.0,,,,,,,,,,,,,,,PS,PS,PS,PS
119173.0,1243,Mount Saint Mary's University,"Private, nonprofit",1,502,"Ethnic, Cultural Minority, Gender, and Group Studies.",3,Bachelor's Degree,0.0,0.0,PS,PS,PS,PS,PS,PS,PS,PS,PS,PS,PS,PS,PS,PS,PS,PS,PS,PS
119173.0,1243,Mount Saint Mary's University,"Private, nonprofit",1,904,Journalism.,3,Bachelor's Degree,2.0,2.0,0,PS,PS,PS,PS,PS,PS,PS,PS,PS,PS,PS,PS,PS,13928,56278,40588,73923
119173.0,1243,Mount Saint Mary's University,"Private, nonprofit",1,910,Publishing.,3,Bachelor's Degree,0.0,0.0,PS,PS,PS,PS,PS,PS,PS,PS,PS,PS,PS,PS,PS,PS,PS,PS,PS,PS
119173.0,1243,Mount Saint Mary's University,"Private, nonprofit",1,1002,Audiovisual Communications Technologies/Technicians.,1,Undergraduate Certificate or Diploma,,0.0,,,,,,,,,,,,,,,PS,PS,PS,PS
119173.0,1243,Mount Saint Mary's University,"Private, nonprofit",1,1002,Audiovisual Communications Technologies/Technicians.,3,Bachelor's Degree,0.0,0.0,PS,PS,PS,PS,PS,PS,PS,PS,PS,PS,PS,PS,PS,PS,PS,PS,PS,PS
119173.0,1243,Mount Saint Mary's University,"Private, nonprofit",1,1002,Audiovisual Communications Technologies/Technicians.,8,Graduate/Professional Certificate,,0.0,,,,,,,,,,,,,,,PS,PS,PS,PS
119173.0,1243,Mount Saint Mary's University,"Private, nonprofit",1,1101,"Computer and Information Sciences, General.",3,Bachelor's Degree,0.0,0.0,PS,PS,PS,PS,PS,PS,PS,PS,PS,PS,PS,PS,PS,PS,PS,PS,PS,PS
119173.0,1243,Mount Saint Mary's University,"Private, nonprofit",1,1301,"Education, General.",3,Bachelor's Degree,6.0,2.0,2,PS,PS,PS,PS,PS,PS,PS,PS,PS,PS,PS,PS,PS,6941,49808,38641,60792
119173.0,1243,Mount Saint Mary's University,"Private, nonprofit",1,1301,"Education, General.",5,Master's Degree,24.0,14.0,3,38,63487,34,PS,PS,PS,PS,PS,PS,PS,PS,PS,34,22487,65824,52724,82084
119173.0,1243,Mount Saint Mary's University,"Private, nonprofit",1,1304,Educational Administration and Supervision.,3,Bachelor's Degree,0.0,0.0,PS,PS,PS,PS,PS,PS,PS,PS,PS,PS,PS,PS,PS,PS,PS,PS,PS,PS
119173.0,1243,Mount Saint Mary's University,"Private, nonprofit",1,1304,Educational Administration and Supervision.,5,Master's Degree,1.0,4.0,0,PS,PS,PS,PS,PS,PS,PS,PS,PS,PS,PS,PS,PS,32412,71685,57739,90151
119173.0,1243,Mount Saint Mary's University,"Private, nonprofit",1,1310,Special Education and Teaching.,3,Bachelor's Degree,0.0,0.0,0,PS,PS,PS,PS,PS,PS,PS,PS,PS,PS,PS,PS,PS,9845,50499,41442,60070
119173.0,1243,Mount Saint Mary's University,"Private, nonprofit",1,1310,Special Education and Teaching.,5,Master's Degree,10.0,9.0,1,31,74474,30,PS,PS,PS,PS,PS,PS,PS,PS,PS,29,21493,64397,52390,79764
119173.0,1243,Mount Saint Mary's University,"Private, nonprofit",1,1310,Special Education and Teaching.,8,Graduate/Professional Certificate,0.0,1.0,PS,PS,PS,PS,PS,PS,PS,PS,PS,PS,PS,PS,PS,PS,PS,PS,PS,PS
119173.0,1243,Mount Saint Mary's University,"Private, nonprofit",1,1312,"Teacher Education and Professional Development, Specific Levels and Methods.",2,Associate's Degree,2.0,1.0,0,PS,PS,PS,PS,PS,PS,PS,PS,PS,PS,PS,PS,PS,9247,37656,24793,49794
119173.0,1243,Mount Saint Mary's University,"Private, nonprofit",1,1312,"Teacher Education and Professional Development, Specific Levels and Methods.",3,Bachelor's Degree,0.0,0.0,0,PS,PS,PS,PS,PS,PS,PS,PS,PS,PS,PS,PS,PS,50018,47382,38431,56096
119173.0,1243,Mount Saint Mary's University,"Private, nonprofit",1,1312,"Teacher Education and Professional Development, Specific Levels and Methods.",5,Master's Degree,,,0,PS,PS,PS,PS,PS,PS,PS,PS,PS,PS,PS,PS,PS,30920,59916,48965,72958
119173.0,1243,Mount Saint Mary's University,"Private, nonprofit",1,1399,"Education, Other.",3,Bachelor's Degree,0.0,0.0,PS,PS,PS,PS,PS,PS,PS,PS,PS,PS,PS,PS,PS,PS,1907,49113,35735,63919
119173.0,1243,Mount Saint Mary's University,"Private, nonprofit",1,1609,"Romance Languages, Literatures, and Linguistics.",1,Undergraduate Certificate or Diploma,3.0,7.0,,,,,,,,,,,,,,,PS,PS,PS,PS
119173.0,1243,Mount Saint Mary's University,"Private, nonprofit",1,1609,"Romance Languages, Literatures, and Linguistics.",3,Bachelor's Degree,2.0,4.0,0,PS,PS,PS,PS,PS,PS,PS,PS,PS,PS,PS,PS,PS,10363,55000,38411,73324
119173.0,1243,Mount Saint Mary's University,"Private, nonprofit",1,1907,"Human Development, Family Studies, and Related Services.",3,Bachelor's Degree,11.0,16.0,4,20,52285,17,PS,PS,PS,PS,PS,PS,PS,PS,PS,19,15127,48568,35149,62704
119173.0,1243,Mount Saint Mary's University,"Private, nonprofit",1,2301,"English Language and Literature, General.",3,Bachelor's Degree,4.0,7.0,2,PS,PS,PS,PS,PS,PS,PS,PS,PS,PS,PS,PS,PS,33025,48590,33654,63810
119173.0,1243,Mount Saint Mary's University,"Private, nonprofit",1,2313,Rhetoric and Composition/Writing Studies.,5,Master's Degree,17.0,17.0,0,PS,PS,PS,PS,PS,PS,PS,PS,PS,PS,PS,PS,PS,3795,55035,32717,77712
119173.0,1243,Mount Saint Mary's University,"Private, nonprofit",1,2401,"Liberal Arts and Sciences, General Studies and Humanities.",2,Associate's Degree,4.0,0.0,0,31,38780,19,PS,PS,PS,PS,PS,PS,PS,PS,30,23,208003,44125,28893,61611
119173.0,1243,Mount Saint Mary's University,"Private, nonprofit",1,2401,"Liberal Arts and Sciences, General Studies and Humanities.",3,Bachelor's Degree,15.0,8.0,0,PS,PS,PS,PS,PS,PS,PS,PS,PS,PS,PS,PS,PS,50554,53072,35750,73322
119173.0,1243,Mount Saint Mary's University,"Private, nonprofit",1,2401,"Liberal Arts and Sciences, General Studies and Humanities.",5,Master's Degree,5.0,5.0,0,PS,PS,PS,PS,PS,PS,PS,PS,PS,PS,PS,PS,PS,2419,65716,45452,93350
119173.0,1243,Mount Saint Mary's University,"Private, nonprofit",1,2601,"Biology, General.",3,Bachelor's Degree,6.0,10.0,2,PS,PS,PS,PS,PS,PS,PS,PS,PS,PS,PS,PS,PS,57101,57214,38929,79199
119173.0,1243,Mount Saint Mary's University,"Private, nonprofit",1,2602,"Biochemistry, Biophysics and Molecular Biology.",3,Bachelor's Degree,5.0,6.0,0,PS,PS,PS,PS,PS,PS,PS,PS,PS,PS,PS,PS,PS,6319,65466,44889,88432
119173.0,1243,Mount Saint Mary's University,"Private, nonprofit",1,2613,"Ecology, Evolution, Systematics, and Population Biology.",3,Bachelor's Degree,3.0,2.0,PS,PS,PS,PS,PS,PS,PS,PS,PS,PS,PS,PS,PS,PS,3201,48842,36007,64274
119173.0,1243,Mount Saint Mary's University,"Private, nonprofit",1,2701,Mathematics.,3,Bachelor's Degree,2.0,3.0,0,PS,PS,PS,PS,PS,PS,PS,PS,PS,PS,PS,PS,PS,15976,69562,49058,97414
119173.0,1243,Mount Saint Mary's University,"Private, nonprofit",1,3000,"Multi-/Interdisciplinary Studies, General.",3,Bachelor's Degree,0.0,0.0,PS,PS,PS,PS,PS,PS,PS,PS,PS,PS,PS,PS,PS,PS,PS,PS,PS,PS
119173.0,1243,Mount Saint Mary's University,"Private, nonprofit",1,3000,"Multi-/Interdisciplinary Studies, General.",5,Master's Degree,,1.0,,,,,,,,,,,,,,,PS,PS,PS,PS
119173.0,1243,Mount Saint Mary's University,"Private, nonprofit",1,3011,Gerontology.,3,Bachelor's Degree,0.0,0.0,1,PS,PS,PS,PS,PS,PS,PS,PS,PS,PS,PS,PS,PS,378,54051,39369,71812
119173.0,1243,Mount Saint Mary's University,"Private, nonprofit",1,3071,Data Analytics.,1,Undergraduate Certificate or Diploma,0.0,0.0,,,,,,,,,,,,,,,PS,PS,PS,PS
119173.0,1243,Mount Saint Mary's University,"Private, nonprofit",1,3071,Data Analytics.,3,Bachelor's Degree,,0.0,,,,,,,,,,,,,,,PS,PS,PS,PS
119173.0,1243,Mount Saint Mary's University,"Private, nonprofit",1,3099,"Multi/Interdisciplinary Studies, Other.",3,Bachelor's Degree,0.0,0.0,PS,PS,PS,PS,PS,PS,PS,PS,PS,PS,PS,PS,PS,PS,PS,PS,PS,PS
119173.0,1243,Mount Saint Mary's University,"Private, nonprofit",1,3801,Philosophy.,3,Bachelor's Degree,1.0,0.0,0,PS,PS,PS,PS,PS,PS,PS,PS,PS,PS,PS,PS,PS,6085,54455,34926,78043
119173.0,1243,Mount Saint Mary's University,"Private, nonprofit",1,3802,Religion/Religious Studies.,3,Bachelor's Degree,2.0,0.0,0,PS,PS,PS,PS,PS,PS,PS,PS,PS,PS,PS,PS,PS,5310,41390,20518,65165
119173.0,1243,Mount Saint Mary's University,"Private, nonprofit",1,3802,Religion/Religious Studies.,5,Master's Degree,0.0,2.0,0,PS,PS,PS,PS,PS,PS,PS,PS,PS,PS,PS,PS,PS,742,57737,33608,87095
119173.0,1243,Mount Saint Mary's University,"Private, nonprofit",1,4005,Chemistry.,3,Bachelor's Degree,1.0,0.0,1,PS,PS,PS,PS,PS,PS,PS,PS,PS,PS,PS,PS,PS,10453,65120,48307,84018
119173.0,1243,Mount Saint Mary's University,"Private, nonprofit",1,4201,"Psychology, General.",3,Bachelor's Degree,44.0,46.0,3,67,59951,54,PS,PS,PS,PS,PS,PS,PS,PS,30,66,102536,50706,35740,67229
119173.0,1243,Mount Saint Mary's University,"Private, nonprofit",1,4201,"Psychology, General.",5,Master's Degree,,,,,,,,,,,,,,,,,5527,64711,45967,86199
119173.0,1243,Mount Saint Mary's University,"Private, nonprofit",1,4227,Research and Experimental Psychology.,3,Bachelor's Degree,0.0,1.0,1,PS,PS,PS,PS,PS,PS,PS,PS,PS,PS,PS,PS,PS,7947,55695,38073,76465
119173.0,1243,Mount Saint Mary's University,"Private, nonprofit",1,4228,"Clinical, Counseling and Applied Psychology.",3,Bachelor's Degree,15.0,16.0,2,27,58931,24,PS,PS,PS,PS,PS,PS,PS,PS,19,27,3881,50523,35237,66891
119173.0,1243,Mount Saint Mary's University,"Private, nonprofit",1,4228,"Clinical, Counseling and Applied Psychology.",5,Master's Degree,92.0,104.0,0,PS,PS,PS,PS,PS,PS,PS,PS,PS,PS,PS,PS,PS,22438,65184,47881,83770
119173.0,1243,Mount Saint Mary's University,"Private, nonprofit",1,4228,"Clinical, Counseling and Applied Psychology.",8,Graduate/Professional Certificate,30.0,37.0,PS,PS,PS,PS,PS,PS,PS,PS,PS,PS,PS,PS,PS,PS,PS,PS,PS,PS
119173.0,1243,Mount Saint Mary's University,"Private, nonprofit",1,4304,Security Science and Technology.,3,Bachelor's Degree,2.0,0.0,PS,PS,PS,PS,PS,PS,PS,PS,PS,PS,PS,PS,PS,PS,PS,PS,PS,PS
119173.0,1243,Mount Saint Mary's University,"Private, nonprofit",1,4400,"Human Services, General.",2,Associate's Degree,0.0,0.0,0,PS,PS,PS,PS,PS,PS,PS,PS,PS,PS,PS,PS,PS,3836,39422,24115,52609
119173.0,1243,Mount Saint Mary's University,"Private, nonprofit",1,4400,"Human Services, General.",3,Bachelor's Degree,0.0,0.0,PS,PS,PS,PS,PS,PS,PS,PS,PS,PS,PS,PS,PS,PS,PS,PS,PS,PS
119173.0,1243,Mount Saint Mary's University,"Private, nonprofit",1,4405,Public Policy Analysis.,3,Bachelor's Degree,11.0,5.0,2,18,71931,17,PS,PS,PS,PS,PS,PS,PS,PS,PS,18,1612,73721,53280,104068
119173.0,1243,Mount Saint Mary's University,"Private, nonprofit",1,4407,Social Work.,3,Bachelor's Degree,11.0,20.0,PS,PS,PS,PS,PS,PS,PS,PS,PS,PS,PS,PS,PS,PS,28986,51790,39212,64160
119173.0,1243,Mount Saint Mary's University,"Private, nonprofit",1,4501,"Social Sciences, General.",3,Bachelor's Degree,0.0,0.0,PS,PS,PS,PS,PS,PS,PS,PS,PS,PS,PS,PS,PS,PS,PS,PS,PS,PS
119173.0,1243,Mount Saint Mary's University,"Private, nonprofit",1,4504,Criminology.,3,Bachelor's Degree,12.0,12.0,0,18,52011,17,PS,PS,PS,PS,PS,PS,PS,PS,PS,16,9717,55556,41042,73111
119173.0,1243,Mount Saint Mary's University,"Private, nonprofit",1,4507,Geography and Cartography.,1,Undergraduate Certificate or Diploma,,0.0,,,,,,,,,,,,,,,PS,PS,PS,PS
119173.0,1243,Mount Saint Mary's University,"Private, nonprofit",1,4507,Geography and Cartography.,3,Bachelor's Degree,0.0,0.0,PS,PS,PS,PS,PS,PS,PS,PS,PS,PS,PS,PS,PS,PS,4640,57853,42482,75644
119173.0,1243,Mount Saint Mary's University,"Private, nonprofit",1,4510,Political Science and Government.,3,Bachelor's Degree,3.0,7.0,1,PS,PS,PS,PS,PS,PS,PS,PS,PS,PS,PS,PS,PS,36628,63293,44760,85406
119173.0,1243,Mount Saint Mary's University,"Private, nonprofit",1,4511,Sociology.,3,Bachelor's Degree,18.0,27.0,4,76,61463,62,PS,PS,PS,PS,PS,PS,PS,PS,47,73,31848,52657,37665,69502
119173.0,1243,Mount Saint Mary's University,"Private, nonprofit",1,5004,Design and Applied Arts.,2,Associate's Degree,,,PS,PS,PS,PS,PS,PS,PS,PS,PS,PS,PS,PS,PS,PS,7283,38127,22789,53862
119173.0,1243,Mount Saint Mary's University,"Private, nonprofit",1,5004,Design and Applied Arts.,3,Bachelor's Degree,1.0,0.0,PS,PS,PS,PS,PS,PS,PS,PS,PS,PS,PS,PS,PS,PS,PS,PS,PS,PS
119173.0,1243,Mount Saint Mary's University,"Private, nonprofit",1,5005,Drama/Theatre Arts and Stagecraft.,1,Undergraduate Certificate or Diploma,,0.0,,,,,,,,,,,,,,,PS,PS,PS,PS
119173.0,1243,Mount Saint Mary's University,"Private, nonprofit",1,5005,Drama/Theatre Arts and Stagecraft.,3,Bachelor's Degree,0.0,0.0,PS,PS,PS,PS,PS,PS,PS,PS,PS,PS,PS,PS,PS,PS,PS,PS,PS,PS
119173.0,1243,Mount Saint Mary's University,"Private, nonprofit",1,5005,Drama/Theatre Arts and Stagecraft.,5,Master's Degree,5.0,2.0,PS,PS,PS,PS,PS,PS,PS,PS,PS,PS,PS,PS,PS,PS,PS,PS,PS,PS
119173.0,1243,Mount Saint Mary's University,"Private, nonprofit",1,5005,Drama/Theatre Arts and Stagecraft.,8,Graduate/Professional Certificate,,0.0,,,,,,,,,,,,,,,PS,PS,PS,PS
119173.0,1243,Mount Saint Mary's University,"Private, nonprofit",1,5006,Film/Video and Photographic Arts.,3,Bachelor's Degree,13.0,4.0,1,PS,PS,PS,PS,PS,PS,PS,PS,PS,PS,PS,PS,PS,12193,43765,25957,63381
119173.0,1243,Mount Saint Mary's University,"Private, nonprofit",1,5006,Film/Video and Photographic Arts.,5,Master's Degree,14.0,12.0,3,PS,PS,PS,PS,PS,PS,PS,PS,PS,PS,PS,PS,PS,1639,51486,27165,77049
119173.0,1243,Mount Saint Mary's University,"Private, nonprofit",1,5007,Fine and Studio Arts.,3,Bachelor's Degree,1.0,1.0,0,PS,PS,PS,PS,PS,PS,PS,PS,PS,PS,PS,PS,PS,26935,41367,26241,56653
119173.0,1243,Mount Saint Mary's University,"Private, nonprofit",1,5009,Music.,3,Bachelor's Degree,0.0,1.0,0,PS,PS,PS,PS,PS,PS,PS,PS,PS,PS,PS,PS,PS,14715,42892,26048,58755
119173.0,1243,Mount Saint Mary's University,"Private, nonprofit",1,5010,"Arts, Entertainment, and Media Management.",3,Bachelor's Degree,1.0,0.0,PS,PS,PS,PS,PS,PS,PS,PS,PS,PS,PS,PS,PS,PS,PS,PS,PS,PS
119173.0,1243,Mount Saint Mary's University,"Private, nonprofit",1,5107,Health and Medical Administrative Services.,2,Associate's Degree,,,,,,,,,,,,,,,,,23451,37073,23345,49261
119173.0,1243,Mount Saint Mary's University,"Private, nonprofit",1,5107,Health and Medical Administrative Services.,5,Master's Degree,6.0,4.0,PS,PS,PS,PS,PS,PS,PS,PS,PS,PS,PS,PS,PS,PS,15437,89981,62852,126886
119173.0,1243,Mount Saint Mary's University,"Private, nonprofit",1,5111,Health/Medical Preparatory Programs.,2,Associate's Degree,4.0,1.0,1,34,98527,33,PS,PS,PS,PS,PS,PS,PS,PS,26,33,1989,51711,32526,78980
119173.0,1243,Mount Saint Mary's University,"Private, nonprofit",1,5111,Health/Medical Preparatory Programs.,3,Bachelor's Degree,0.0,0.0,PS,PS,PS,PS,PS,PS,PS,PS,PS,PS,PS,PS,PS,PS,3000,61911,42679,83434
119173.0,1243,Mount Saint Mary's University,"Private, nonprofit",1,5123,Rehabilitation and Therapeutic Professions.,3,Bachelor's Degree,0.0,0.0,PS,PS,PS,PS,PS,PS,PS,PS,PS,PS,PS,PS,PS,PS,5008,55792,40044,73848
119173.0,1243,Mount Saint Mary's University,"Private, nonprofit",1,5123,Rehabilitation and Therapeutic Professions.,6,Doctoral Degree,,,1,25,104359,24,PS,PS,PS,PS,PS,PS,PS,PS,PS,19,13052,82893,68836,95078
119173.0,1243,Mount Saint Mary's University,"Private, nonprofit",1,5123,Rehabilitation and Therapeutic Professions.,7,First Professional Degree,29.0,33.0,PS,PS,PS,PS,PS,PS,PS,PS,PS,PS,PS,PS,PS,PS,PS,PS,PS,PS
119173.0,1243,Mount Saint Mary's University,"Private, nonprofit",1,5132,"Health Professions Education, Ethics, and Humanities.",5,Master's Degree,1.0,3.0,PS,PS,PS,PS,PS,PS,PS,PS,PS,PS,PS,PS,PS,PS,PS,PS,PS,PS
119173.0,1243,Mount Saint Mary's University,"Private, nonprofit",1,5138,"Registered Nursing, Nursing Administration, Nursing Research and Clinical Nursing.",2,Associate's Degree,110.0,38.0,3,81,111947,73,61,107720,19,111126,PS,PS,PS,PS,47,79,88194,80813,61109,103839
119173.0,1243,Mount Saint Mary's University,"Private, nonprofit",1,5138,"Registered Nursing, Nursing Administration, Nursing Research and Clinical Nursing.",3,Bachelor's Degree,195.0,172.0,8,201,117093,192,121,115777,80,124005,26,141010,175,116959,PS,188,177924,88910,67853,114470
119173.0,1243,Mount Saint Mary's University,"Private, nonprofit",1,5138,"Registered Nursing, Nursing Administration, Nursing Research and Clinical Nursing.",5,Master's Degree,14.0,4.0,1,PS,PS,PS,PS,PS,PS,PS,PS,PS,PS,PS,PS,PS,63874,120193,94642,149472
119173.0,1243,Mount Saint Mary's University,"Private, nonprofit",1,5138,"Registered Nursing, Nursing Administration, Nursing Research and Clinical Nursing.",8,Graduate/Professional Certificate,0.0,0.0,PS,PS,PS,PS,PS,PS,PS,PS,PS,PS,PS,PS,PS,PS,PS,PS,PS,PS
119173.0,1243,Mount Saint Mary's University,"Private, nonprofit",1,5139,"Practical Nursing, Vocational Nursing and Nursing Assistants.",2,Associate's Degree,0.0,0.0,,,,,,,,,,,,,,,PS,PS,PS,PS
119173.0,1243,Mount Saint Mary's University,"Private, nonprofit",1,5139,"Practical Nursing, Vocational Nursing and Nursing Assistants.",3,Bachelor's Degree,0.0,0.0,,,,,,,,,,,,,,,PS,PS,PS,PS
119173.0,1243,Mount Saint Mary's University,"Private, nonprofit",1,5201,"Business/Commerce, General.",3,Bachelor's Degree,0.0,0.0,PS,PS,PS,PS,PS,PS,PS,PS,PS,PS,PS,PS,PS,PS,27865,68407,48204,94571
119173.0,1243,Mount Saint Mary's University,"Private, nonprofit",1,5201,"Business/Commerce, General.",5,Master's Degree,,,,,,,,,,,,,,,,,8991,125988,83879,189086
119173.0,1243,Mount Saint Mary's University,"Private, nonprofit",1,5202,"Business Administration, Management and Operations.",2,Associate's Degree,1.0,0.0,1,PS,PS,PS,PS,PS,PS,PS,PS,PS,PS,PS,PS,PS,41775,48733,31704,67604
119173.0,1243,Mount Saint Mary's University,"Private, nonprofit",1,5202,"Business Administration, Management and Operations.",3,Bachelor's Degree,20.0,16.0,2,54,73318,47,PS,PS,PS,PS,PS,PS,PS,PS,PS,50,183303,68257,47618,93584
119173.0,1243,Mount Saint Mary's University,"Private, nonprofit",1,5202,"Business Administration, Management and Operations.",5,Master's Degree,26.0,20.0,3,32,110607,32,PS,PS,PS,PS,PS,PS,PS,PS,PS,26,122193,103485,69982,153484
119173.0,1243,Mount Saint Mary's University,"Private, nonprofit",1,5203,Accounting and Related Services.,3,Bachelor's Degree,9.0,6.0,0,PS,PS,PS,PS,PS,PS,PS,PS,PS,PS,PS,PS,PS,63013,76194,56205,97191
119173.0,1243,Mount Saint Mary's University,"Private, nonprofit",1,5207,Entrepreneurial and Small Business Operations.,1,Undergraduate Certificate or Diploma,0.0,1.0,PS,PS,PS,PS,PS,PS,PS,PS,PS,PS,PS,PS,PS,PS,PS,PS,PS,PS
119173.0,1243,Mount Saint Mary's University,"Private, nonprofit",1,5207,Entrepreneurial and Small Business Operations.,5,Master's Degree,6.0,6.0,0,PS,PS,PS,PS,PS,PS,PS,PS,PS,PS,PS,PS,PS,633,97366,58036,169032
119173.0,1243,Mount Saint Mary's University,"Private, nonprofit",1,5210,Human Resources Management and Services.,1,Undergraduate Certificate or Diploma,0.0,1.0,,,,,,,,,,,,,,,PS,PS,PS,PS
119173.0,1243,Mount Saint Mary's University,"Private, nonprofit",1,5211,International Business.,3,Bachelor's Degree,3.0,0.0,0,PS,PS,PS,PS,PS,PS,PS,PS,PS,PS,PS,PS,PS,5548,73201,51264,98832
119173.0,1243,Mount Saint Mary's University,"Private, nonprofit",1,5214,Marketing.,1,Undergraduate Certificate or Diploma,0.0,0.0,,,,,,,,,,,,,,,PS,PS,PS,PS
119173.0,1243,Mount Saint Mary's University,"Private, nonprofit",1,5214,Marketing.,3,Bachelor's Degree,7.0,5.0,0,PS,PS,PS,PS,PS,PS,PS,PS,PS,PS,PS,PS,PS,48162,69303,49728,93152
119173.0,1243,Mount Saint Mary's University,"Private, nonprofit",1,5401,History.,3,Bachelor's Degree,3.0,1.0,0,PS,PS,PS,PS,PS,PS,PS,PS,PS,PS,PS,PS,PS,23671,50680,36330,66736
119605.0,11460,National University,"Private, nonprofit",1,301,Natural Resources Conservation and Research.,3,Bachelor's Degree,,,1,PS,PS,PS,PS,PS,PS,PS,PS,PS,PS,PS,PS,PS,15907,55012,39435,72794
119605.0,11460,National University,"Private, nonprofit",1,901,Communication and Media Studies.,5,Master's Degree,33.0,23.0,0,26,71817,22,PS,PS,PS,PS,PS,PS,PS,PS,PS,PS,4101,71953,51074,99548
119605.0,11460,National University,"Private, nonprofit",1,907,"Radio, Television, and Digital Communication.",3,Bachelor's Degree,0.0,0.0,1,PS,PS,PS,PS,PS,PS,PS,PS,PS,PS,PS,PS,PS,11821,50497,33717,70128
119605.0,11460,National University,"Private, nonprofit",1,907,"Radio, Television, and Digital Communication.",5,Master's Degree,0.0,0.0,0,PS,PS,PS,PS,PS,PS,PS,PS,PS,PS,PS,PS,PS,1207,75972,53409,104151
119605.0,11460,National University,"Private, nonprofit",1,909,"Public Relations, Advertising, and Applied Communication.",3,Bachelor's Degree,21.0,14.0,4,PS,PS,PS,PS,PS,PS,PS,PS,PS,PS,PS,PS,PS,17967,63560,45857,83689
119605.0,11460,National University,"Private, nonprofit",1,1107,Computer Science.,3,Bachelor's Degree,30.0,33.0,3,24,84278,19,PS,PS,PS,PS,PS,PS,PS,PS,PS,PS,28067,107009,74830,152038
119605.0,11460,National University,"Private, nonprofit",1,1107,Computer Science.,5,Master's Degree,27.0,15.0,2,19,114787,18,PS,PS,PS,PS,PS,PS,PS,PS,PS,PS,2450,145571,108475,208641
119605.0,11460,National University,"Private, nonprofit",1,1110,Computer/Information Technology Administration and Management.,3,Bachelor's Degree,48.0,29.0,6,61,78572,57,PS,PS,PS,PS,PS,PS,PS,PS,PS,37,6503,85063,59326,117649
119605.0,11460,National University,"Private, nonprofit",1,1110,Computer/Information Technology Administration and Management.,5,Master's Degree,70.0,64.0,3,47,126841,43,26,110798,20,134967,PS,PS,PS,PS,PS,31,4049,121855,87003,163279
119605.0,11460,National University,"Private, nonprofit",1,1301,"Education, General.",3,Bachelor's Degree,0.0,0.0,PS,PS,PS,PS,PS,PS,PS,PS,PS,PS,PS,PS,PS,PS,PS,PS,PS,PS
119605.0,11460,National University,"Private, nonprofit",1,1301,"Education, General.",5,Master's Degree,944.0,653.0,41,834,80284,760,486,78881,348,82603,212,85896,622,78349,PS,692,22487,65824,52724,82084
119605.0,11460,National University,"Private, nonprofit",1,1302,"Bilingual, Multilingual, and Multicultural Education.",5,Master's Degree,6.0,2.0,0,PS,PS,PS,PS,PS,PS,PS,PS,PS,PS,PS,PS,PS,491,71241,58002,86216
119605.0,11460,National University,"Private, nonprofit",1,1304,Educational Administration and Supervision.,5,Master's Degree,180.0,108.0,7,261,104236,247,134,101730,127,106250,96,109365,165,100747,PS,229,32412,71685,57739,90151
119605.0,11460,National University,"Private, nonprofit",1,1304,Educational Administration and Supervision.,99,Non-Credential Program (Preparatory Coursework/Teacher Certification),,,,,,,,,,,,,,,,,514,90560,69507,117595
119605.0,11460,National University,"Private, nonprofit",1,1305,Educational/Instructional Media Design.,5,Master's Degree,40.0,19.0,1,23,85859,21,PS,PS,PS,PS,PS,PS,PS,PS,PS,PS,5338,70644,56435,89382
119605.0,11460,National University,"Private, nonprofit",1,1306,"Educational Assessment, Evaluation, and Research.",5,Master's Degree,98.0,150.0,,,,,,,,,,,,,,,PS,PS,PS,PS
119605.0,11460,National University,"Private, nonprofit",1,1310,Special Education and Teaching.,3,Bachelor's Degree,3.0,1.0,PS,PS,PS,PS,PS,PS,PS,PS,PS,PS,PS,PS,PS,PS,9845,50499,41442,60070
119605.0,11460,National University,"Private, nonprofit",1,1310,Special Education and Teaching.,5,Master's Degree,361.0,288.0,7,304,80098,286,166,80884,137,79216,77,85547,226,78728,PS,273,21493,64397,52390,79764
119605.0,11460,National University,"Private, nonprofit",1,1310,Special Education and Teaching.,8,Graduate/Professional Certificate,0.0,0.0,PS,PS,PS,PS,PS,PS,PS,PS,PS,PS,PS,PS,PS,PS,PS,PS,PS,PS
119605.0,11460,National University,"Private, nonprofit",1,1311,Student Counseling and Personnel Services.,5,Master's Degree,207.0,229.0,6,89,80788,79,57,80435,31,81747,PS,PS,PS,PS,PS,82,15495,60111,48192,74890
119605.0,11460,National University,"Private, nonprofit",1,1311,Student Counseling and Personnel Services.,99,Non-Credential Program (Preparatory Coursework/Teacher Certification),,,,,,,,,,,,,,,,,74,65259,51127,90461
119605.0,11460,National University,"Private, nonprofit",1,1312,"Teacher Education and Professional Development, Specific Levels and Methods.",2,Associate's Degree,,,1,PS,PS,PS,PS,PS,PS,PS,PS,PS,PS,PS,PS,PS,9247,37656,24793,49794
119605.0,11460,National University,"Private, nonprofit",1,1312,"Teacher Education and Professional Development, Specific Levels and Methods.",3,Bachelor's Degree,129.0,81.0,17,158,49988,122,PS,PS,PS,PS,PS,PS,PS,PS,40,133,50018,47382,38431,56096
119605.0,11460,National University,"Private, nonprofit",1,1312,"Teacher Education and Professional Development, Specific Levels and Methods.",5,Master's Degree,39.0,37.0,2,21,62205,17,PS,PS,PS,PS,PS,PS,PS,PS,PS,PS,30920,59916,48965,72958
119605.0,11460,National University,"Private, nonprofit",1,1312,"Teacher Education and Professional Development, Specific Levels and Methods.",8,Graduate/Professional Certificate,2.0,0.0,PS,PS,PS,PS,PS,PS,PS,PS,PS,PS,PS,PS,PS,PS,568,63709,48452,79492
119605.0,11460,National University,"Private, nonprofit",1,1312,"Teacher Education and Professional Development, Specific Levels and Methods.",99,Non-Credential Program (Preparatory Coursework/Teacher Certification),,,,,,,,,,,,,,,,,709,57802,47934,73061
119605.0,11460,National University,"Private, nonprofit",1,1313,"Teacher Education and Professional Development, Specific Subject Areas.",3,Bachelor's Degree,17.0,5.0,0,PS,PS,PS,PS,PS,PS,PS,PS,PS,PS,PS,PS,PS,22867,51389,40539,63098
119605.0,11460,National University,"Private, nonprofit",1,1313,"Teacher Education and Professional Development, Specific Subject Areas.",5,Master's Degree,0.0,0.0,0,PS,PS,PS,PS,PS,PS,PS,PS,PS,PS,PS,PS,PS,19074,63707,51487,78905
119605.0,11460,National University,"Private, nonprofit",1,1405,Biomedical/Medical Engineering.,3,Bachelor's Degree,,,PS,PS,PS,PS,PS,PS,PS,PS,PS,PS,PS,PS,PS,PS,5726,93451,74134,113859
119605.0,11460,National University,"Private, nonprofit",1,1410,"Electrical, Electronics, and Communications Engineering.",3,Bachelor's Degree,18.0,13.0,0,PS,PS,PS,PS,PS,PS,PS,PS,PS,PS,PS,PS,PS,16532,100647,84635,122440
119605.0,11460,National University,"Private, nonprofit",1,1433,Construction Engineering.,3,Bachelor's Degree,13.0,2.0,2,PS,PS,PS,PS,PS,PS,PS,PS,PS,PS,PS,PS,PS,708,97303,80095,115777
119605.0,11460,National University,"Private, nonprofit",1,1436,Manufacturing Engineering.,3,Bachelor's Degree,17.0,9.0,0,PS,PS,PS,PS,PS,PS,PS,PS,PS,PS,PS,PS,PS,538,88451,72634,102217
119605.0,11460,National University,"Private, nonprofit",1,1500,"Engineering Technologies/Technicians, General.",2,Associate's Degree,0.0,0.0,0,PS,PS,PS,PS,PS,PS,PS,PS,PS,PS,PS,PS,PS,910,62343,43518,84500
119605.0,11460,National University,"Private, nonprofit",1,1503,Electrical/Electronic Engineering Technologies/Technicians.,5,Master's Degree,1.0,,PS,PS,PS,PS,PS,PS,PS,PS,PS,PS,PS,PS,PS,PS,49,99068,68430,137466
119605.0,11460,National University,"Private, nonprofit",1,1505,Environmental Control Technologies/Technicians.,5,Master's Degree,,,0,PS,PS,PS,PS,PS,PS,PS,PS,PS,PS,PS,PS,PS,74,90955,59754,113128
119605.0,11460,National University,"Private, nonprofit",1,1508,Mechanical Engineering Related Technologies/Technicians.,1,Undergraduate Certificate or Diploma,0.0,0.0,PS,PS,PS,PS,PS,PS,PS,PS,PS,PS,PS,PS,PS,PS,PS,PS,PS,PS
119605.0,11460,National University,"Private, nonprofit",1,1515,Engineering-Related Fields.,5,Master's Degree,24.0,25.0,1,PS,PS,PS,PS,PS,PS,PS,PS,PS,PS,PS,PS,PS,1847,125651,97217,158811
119605.0,11460,National University,"Private, nonprofit",1,1609,"Romance Languages, Literatures, and Linguistics.",3,Bachelor's Degree,3.0,4.0,0,PS,PS,PS,PS,PS,PS,PS,PS,PS,PS,PS,PS,PS,10363,55000,38411,73324
119605.0,11460,National University,"Private, nonprofit",1,2200,Non-Professional Legal Studies.,3,Bachelor's Degree,10.0,16.0,5,PS,PS,PS,PS,PS,PS,PS,PS,PS,PS,PS,PS,PS,2380,61959,42689,82578
119605.0,11460,National University,"Private, nonprofit",1,2203,Legal Support Services.,1,Undergraduate Certificate or Diploma,11.0,14.0,PS,PS,PS,PS,PS,PS,PS,PS,PS,PS,PS,PS,PS,PS,PS,PS,PS,PS
119605.0,11460,National University,"Private, nonprofit",1,2203,Legal Support Services.,2,Associate's Degree,2.0,9.0,0,PS,PS,PS,PS,PS,PS,PS,PS,PS,PS,PS,PS,PS,5315,44669,29687,60138
119605.0,11460,National University,"Private, nonprofit",1,2203,Legal Support Services.,3,Bachelor's Degree,10.0,4.0,1,PS,PS,PS,PS,PS,PS,PS,PS,PS,PS,PS,PS,PS,1468,53266,38839,69667
119605.0,11460,National University,"Private, nonprofit",1,2301,"English Language and Literature, General.",3,Bachelor's Degree,29.0,26.0,6,21,47654,18,PS,PS,PS,PS,PS,PS,PS,PS,PS,21,33025,48590,33654,63810
119605.0,11460,National University,"Private, nonprofit",1,2301,"English Language and Literature, General.",5,Master's Degree,99.0,71.0,2,50,61790,44,26,61632,24,64201,PS,PS,PS,PS,PS,23,3708,55512,39177,72721
119605.0,11460,National University,"Private, nonprofit",1,2313,Rhetoric and Composition/Writing Studies.,2,Associate's Degree,1.0,0.0,0,PS,PS,PS,PS,PS,PS,PS,PS,PS,PS,PS,PS,PS,286,38641,19717,55844
119605.0,11460,National University,"Private, nonprofit",1,2313,Rhetoric and Composition/Writing Studies.,5,Master's Degree,30.0,14.0,4,36,60763,28,PS,PS,PS,PS,PS,PS,PS,PS,PS,PS,3795,55035,32717,77712
119605.0,11460,National University,"Private, nonprofit",1,2401,"Liberal Arts and Sciences, General Studies and Humanities.",2,Associate's Degree,137.0,142.0,11,35,63201,30,PS,PS,PS,PS,PS,PS,18,61673,19,21,208003,44125,28893,61611
119605.0,11460,National University,"Private, nonprofit",1,2401,"Liberal Arts and Sciences, General Studies and Humanities.",3,Bachelor's Degree,24.0,31.0,0,PS,PS,PS,PS,PS,PS,PS,PS,PS,PS,PS,PS,PS,50554,53072,35750,73322
119605.0,11460,National University,"Private, nonprofit",1,2601,"Biology, General.",3,Bachelor's Degree,12.0,10.0,3,PS,PS,PS,PS,PS,PS,PS,PS,PS,PS,PS,PS,PS,57101,57214,38929,79199
119605.0,11460,National University,"Private, nonprofit",1,2601,"Biology, General.",5,Master's Degree,0.0,0.0,0,PS,PS,PS,PS,PS,PS,PS,PS,PS,PS,PS,PS,PS,PS,PS,PS,PS
119605.0,11460,National University,"Private, nonprofit",1,2604,Cell/Cellular Biology and Anatomical Sciences.,2,Associate's Degree,88.0,,0,PS,PS,PS,PS,PS,PS,PS,PS,PS,PS,PS,PS,PS,31,75809,53261,PS
119605.0,11460,National University,"Private, nonprofit",1,2701,Mathematics.,3,Bachelor's Degree,16.0,3.0,0,PS,PS,PS,PS,PS,PS,PS,PS,PS,PS,PS,PS,PS,15976,69562,49058,97414
119605.0,11460,National University,"Private, nonprofit",1,2705,Statistics.,5,Master's Degree,23.0,27.0,0,PS,PS,PS,PS,PS,PS,PS,PS,PS,PS,PS,PS,PS,1073,123816,89177,164755
119605.0,11460,National University,"Private, nonprofit",1,3000,"Multi-/Interdisciplinary Studies, General.",3,Bachelor's Degree,17.0,25.0,4,32,57291,27,PS,PS,PS,PS,PS,PS,PS,PS,PS,28,5152,50532,33727,70500
119605.0,11460,National University,"Private, nonprofit",1,3018,Natural Sciences.,3,Bachelor's Degree,,,,,,,,,,,,,,,,,727,57935,36541,80456
119605.0,11460,National University,"Private, nonprofit",1,3020,International/Globalization Studies.,3,Bachelor's Degree,6.0,3.0,0,PS,PS,PS,PS,PS,PS,PS,PS,PS,PS,PS,PS,PS,5436,59972,40760,82911
119605.0,11460,National University,"Private, nonprofit",1,3027,Human Biology.,2,Associate's Degree,,78.0,,,,,,,,,,,,,,,PS,PS,PS,PS
119605.0,11460,National University,"Private, nonprofit",1,3033,Sustainability Studies.,5,Master's Degree,0.0,0.0,0,PS,PS,PS,PS,PS,PS,PS,PS,PS,PS,PS,PS,PS,657,76897,59678,102020
119605.0,11460,National University,"Private, nonprofit",1,3099,"Multi/Interdisciplinary Studies, Other.",5,Master's Degree,13.0,2.0,,,,,,,,,,,,,,,PS,PS,PS,PS
119605.0,11460,National University,"Private, nonprofit",1,3105,"Sports, Kinesiology, and Physical Education/Fitness.",3,Bachelor's Degree,17.0,14.0,2,PS,PS,PS,PS,PS,PS,PS,PS,PS,PS,PS,PS,PS,48463,54562,39049,73020
119605.0,11460,National University,"Private, nonprofit",1,3105,"Sports, Kinesiology, and Physical Education/Fitness.",5,Master's Degree,50.0,63.0,3,PS,PS,PS,PS,PS,PS,PS,PS,PS,PS,PS,PS,PS,9292,62033,47943,80968
119605.0,11460,National University,"Private, nonprofit",1,3105,"Sports, Kinesiology, and Physical Education/Fitness.",8,Graduate/Professional Certificate,2.0,1.0,PS,PS,PS,PS,PS,PS,PS,PS,PS,PS,PS,PS,PS,PS,PS,PS,PS,PS
119605.0,11460,National University,"Private, nonprofit",1,4201,"Psychology, General.",3,Bachelor's Degree,162.0,172.0,20,151,56955,120,132,54676,19,72719,39,61133,112,56413,57,116,102536,50706,35740,67229
119605.0,11460,National University,"Private, nonprofit",1,4201,"Psychology, General.",5,Master's Degree,70.0,71.0,9,78,74080,68,58,69705,19,79952,PS,PS,PS,PS,PS,56,5527,64711,45967,86199
119605.0,11460,National University,"Private, nonprofit",1,4228,"Clinical, Counseling and Applied Psychology.",5,Master's Degree,1016.0,1093.0,15,247,75317,218,154,75304,93,76539,49,77515,198,72175,PS,225,22438,65184,47881,83770
119605.0,11460,National University,"Private, nonprofit",1,4228,"Clinical, Counseling and Applied Psychology.",7,First Professional Degree,19.0,17.0,PS,PS,PS,PS,PS,PS,PS,PS,PS,PS,PS,PS,PS,PS,PS,PS,PS,PS
119605.0,11460,National University,"Private, nonprofit",1,4228,"Clinical, Counseling and Applied Psychology.",8,Graduate/Professional Certificate,12.0,2.0,PS,PS,PS,PS,PS,PS,PS,PS,PS,PS,PS,PS,PS,PS,1295,65509,48198,84220
119605.0,11460,National University,"Private, nonprofit",1,4228,"Clinical, Counseling and Applied Psychology.",99,Non-Credential Program (Preparatory Coursework/Teacher Certification),,,,,,,,,,,,,,,,,75,72395,56181,88006
119605.0,11460,National University,"Private, nonprofit",1,4299,"Psychology, Other.",3,Bachelor's Degree,5.0,16.0,PS,PS,PS,PS,PS,PS,PS,PS,PS,PS,PS,PS,PS,PS,799,50748,28947,70116
119605.0,11460,National University,"Private, nonprofit",1,4301,Criminal Justice and Corrections.,1,Undergraduate Certificate or Diploma,2.0,2.0,PS,PS,PS,PS,PS,PS,PS,PS,PS,PS,PS,PS,PS,PS,PS,PS,PS,PS
119605.0,11460,National University,"Private, nonprofit",1,4301,Criminal Justice and Corrections.,3,Bachelor's Degree,115.0,103.0,9,85,57213,71,69,64420,17,48203,38,66371,48,53242,17,62,65120,55378,40158,74359
119605.0,11460,National University,"Private, nonprofit",1,4301,Criminal Justice and Corrections.,5,Master's Degree,33.0,42.0,3,23,68170,21,PS,PS,PS,PS,PS,PS,PS,PS,PS,PS,7364,66714,48346,93005
119605.0,11460,National University,"Private, nonprofit",1,4303,Homeland Security.,3,Bachelor's Degree,51.0,54.0,2,31,61254,27,PS,PS,PS,PS,PS,PS,PS,PS,PS,20,2216,70193,51236,95443
119605.0,11460,National University,"Private, nonprofit",1,4303,Homeland Security.,5,Master's Degree,44.0,43.0,2,19,93112,18,PS,PS,PS,PS,PS,PS,PS,PS,PS,PS,2006,96660,67656,128776
119605.0,11460,National University,"Private, nonprofit",1,4304,Security Science and Technology.,3,Bachelor's Degree,66.0,54.0,PS,PS,PS,PS,PS,PS,PS,PS,PS,PS,PS,PS,PS,PS,PS,PS,PS,PS
119605.0,11460,National University,"Private, nonprofit",1,4304,Security Science and Technology.,5,Master's Degree,56.0,77.0,3,32,79500,26,PS,PS,PS,PS,PS,PS,PS,PS,PS,16,1383,82399,62177,114337
119605.0,11460,National University,"Private, nonprofit",1,4304,Security Science and Technology.,8,Graduate/Professional Certificate,5.0,1.0,PS,PS,PS,PS,PS,PS,PS,PS,PS,PS,PS,PS,PS,PS,PS,PS,PS,PS
119605.0,11460,National University,"Private, nonprofit",1,4404,Public Administration.,3,Bachelor's Degree,25.0,14.0,3,PS,PS,PS,PS,PS,PS,PS,PS,PS,PS,PS,PS,PS,3271,65093,47237,86663
119605.0,11460,National University,"Private, nonprofit",1,4404,Public Administration.,5,Master's Degree,88.0,77.0,7,145,89466,130,81,81227,64,101320,57,99712,88,82355,PS,122,13451,81408,60052,109056
119605.0,11460,National University,"Private, nonprofit",1,4501,"Social Sciences, General.",3,Bachelor's Degree,3.0,8.0,0,PS,PS,PS,PS,PS,PS,PS,PS,PS,PS,PS,PS,PS,6624,53366,36590,72257
119605.0,11460,National University,"Private, nonprofit",1,4510,Political Science and Government.,3,Bachelor's Degree,11.0,5.0,0,PS,PS,PS,PS,PS,PS,PS,PS,PS,PS,PS,PS,PS,36628,63293,44760,85406
119605.0,11460,National University,"Private, nonprofit",1,4511,Sociology.,3,Bachelor's Degree,44.0,41.0,2,37,54674,29,PS,PS,PS,PS,PS,PS,PS,PS,PS,31,31848,52657,37665,69502
119605.0,11460,National University,"Private, nonprofit",1,4903,Marine Transportation.,1,Undergraduate Certificate or Diploma,,,,,,,,,,,,,,,,,1139,53975,32566,76028
119605.0,11460,National University,"Private, nonprofit",1,5004,Design and Applied Arts.,5,Master's Degree,0.0,0.0,PS,PS,PS,PS,PS,PS,PS,PS,PS,PS,PS,PS,PS,PS,PS,PS,PS,PS
119605.0,11460,National University,"Private, nonprofit",1,5005,Drama/Theatre Arts and Stagecraft.,5,Master's Degree,16.0,8.0,1,PS,PS,PS,PS,PS,PS,PS,PS,PS,PS,PS,PS,PS,2137,49978,29233,69322
119605.0,11460,National University,"Private, nonprofit",1,5006,Film/Video and Photographic Arts.,3,Bachelor's Degree,0.0,0.0,PS,PS,PS,PS,PS,PS,PS,PS,PS,PS,PS,PS,PS,PS,12193,43765,25957,63381
119605.0,11460,National University,"Private, nonprofit",1,5006,Film/Video and Photographic Arts.,5,Master's Degree,12.0,2.0,0,PS,PS,PS,PS,PS,PS,PS,PS,PS,PS,PS,PS,PS,1639,51486,27165,77049
119605.0,11460,National University,"Private, nonprofit",1,5010,"Arts, Entertainment, and Media Management.",3,Bachelor's Degree,11.0,16.0,1,PS,PS,PS,PS,PS,PS,PS,PS,PS,PS,PS,PS,PS,3476,48240,31627,64853
119605.0,11460,National University,"Private, nonprofit",1,5100,"Health Services/Allied Health/Health Sciences, General.",3,Bachelor's Degree,26.0,19.0,1,24,62690,20,PS,PS,PS,PS,PS,PS,PS,PS,PS,18,14079,61296,42849,82291
119605.0,11460,National University,"Private, nonprofit",1,5107,Health and Medical Administrative Services.,3,Bachelor's Degree,36.0,43.0,4,42,66002,36,PS,PS,PS,PS,PS,PS,PS,PS,PS,37,21334,58716,41903,80437
119605.0,11460,National University,"Private, nonprofit",1,5107,Health and Medical Administrative Services.,5,Master's Degree,27.0,20.0,0,17,104280,16,PS,PS,PS,PS,PS,PS,PS,PS,PS,PS,15437,89981,62852,126886
119605.0,11460,National University,"Private, nonprofit",1,5108,Allied Health and Medical Assisting Services.,1,Undergraduate Certificate or Diploma,,,PS,PS,PS,PS,PS,PS,PS,PS,PS,PS,PS,PS,PS,PS,85037,34272,21209,44441
119605.0,11460,National University,"Private, nonprofit",1,5109,"Allied Health Diagnostic, Intervention, and Treatment Professions.",1,Undergraduate Certificate or Diploma,0.0,0.0,PS,PS,PS,PS,PS,PS,PS,PS,PS,PS,PS,PS,PS,PS,PS,PS,PS,PS
119605.0,11460,National University,"Private, nonprofit",1,5109,"Allied Health Diagnostic, Intervention, and Treatment Professions.",3,Bachelor's Degree,9.0,15.0,0,19,108041,19,PS,PS,PS,PS,PS,PS,PS,PS,PS,20,14015,70786,50919,95942
119605.0,11460,National University,"Private, nonprofit",1,5110,Clinical/Medical Laboratory Science/Research and Allied Professions.,3,Bachelor's Degree,31.0,35.0,6,42,73278,35,PS,PS,PS,PS,PS,PS,PS,PS,PS,35,4657,75975,60921,92270
119605.0,11460,National University,"Private, nonprofit",1,5115,Mental and Social Health Services and Allied Professions.,2,Associate's Degree,0.0,0.0,0,PS,PS,PS,PS,PS,PS,PS,PS,PS,PS,PS,PS,PS,3285,40734,26005,53366
119605.0,11460,National University,"Private, nonprofit",1,5122,Public Health.,3,Bachelor's Degree,59.0,53.0,11,67,55472,53,PS,PS,PS,PS,PS,PS,PS,PS,24,49,15585,58808,41981,79154
119605.0,11460,National University,"Private, nonprofit",1,5122,Public Health.,5,Master's Degree,91.0,83.0,12,72,71991,66,40,74350,32,69563,PS,PS,PS,PS,PS,61,15061,82751,61518,113501
119605.0,11460,National University,"Private, nonprofit",1,5127,Medical Illustration and Informatics.,5,Master's Degree,26.0,24.0,0,PS,PS,PS,PS,PS,PS,PS,PS,PS,PS,PS,PS,PS,1239,101441,77716,136744
119605.0,11460,National University,"Private, nonprofit",1,5127,Medical Illustration and Informatics.,8,Graduate/Professional Certificate,0.0,3.0,PS,PS,PS,PS,PS,PS,PS,PS,PS,PS,PS,PS,PS,PS,PS,PS,PS,PS
119605.0,11460,National University,"Private, nonprofit",1,5133,Alternative and Complementary Medicine and Medical Systems.,5,Master's Degree,1.0,0.0,PS,PS,PS,PS,PS,PS,PS,PS,PS,PS,PS,PS,PS,PS,1222,35462,16372,62741
119605.0,11460,National University,"Private, nonprofit",1,5138,"Registered Nursing, Nursing Administration, Nursing Research and Clinical Nursing.",3,Bachelor's Degree,307.0,243.0,9,355,108119,330,234,105128,120,113060,68,114989,286,105658,22,320,177924,88910,67853,114470
119605.0,11460,National University,"Private, nonprofit",1,5138,"Registered Nursing, Nursing Administration, Nursing Research and Clinical Nursing.",5,Master's Degree,39.0,12.0,0,PS,PS,PS,PS,PS,PS,PS,PS,PS,PS,PS,PS,PS,63874,120193,94642,149472
119605.0,11460,National University,"Private, nonprofit",1,5138,"Registered Nursing, Nursing Administration, Nursing Research and Clinical Nursing.",7,First Professional Degree,11.0,16.0,PS,PS,PS,PS,PS,PS,PS,PS,PS,PS,PS,PS,PS,PS,PS,PS,PS,PS
119605.0,11460,National University,"Private, nonprofit",1,5138,"Registered Nursing, Nursing Administration, Nursing Research and Clinical Nursing.",8,Graduate/Professional Certificate,58.0,49.0,PS,PS,PS,PS,PS,PS,PS,PS,PS,PS,PS,PS,PS,PS,2025,126911,95167,159903
119605.0,11460,National University,"Private, nonprofit",1,5139,"Practical Nursing, Vocational Nursing and Nursing Assistants.",2,Associate's Degree,0.0,0.0,PS,PS,PS,PS,PS,PS,PS,PS,PS,PS,PS,PS,PS,PS,2253,62755,38781,92271
119605.0,11460,National University,"Private, nonprofit",1,5139,"Practical Nursing, Vocational Nursing and Nursing Assistants.",3,Bachelor's Degree,0.0,0.0,0,PS,PS,PS,PS,PS,PS,PS,PS,PS,PS,PS,PS,PS,515,39305,22247,72381
119605.0,11460,National University,"Private, nonprofit",1,5202,"Business Administration, Management and Operations.",1,Undergraduate Certificate or Diploma,1.0,0.0,PS,PS,PS,PS,PS,PS,PS,PS,PS,PS,PS,PS,PS,PS,PS,PS,PS,PS
119605.0,11460,National University,"Private, nonprofit",1,5202,"Business Administration, Management and Operations.",2,Associate's Degree,12.0,17.0,1,PS,PS,PS,PS,PS,PS,PS,PS,PS,PS,PS,PS,PS,41775,48733,31704,67604
119605.0,11460,National University,"Private, nonprofit",1,5202,"Business Administration, Management and Operations.",3,Bachelor's Degree,225.0,214.0,28,285,70412,256,222,67564,62,84477,136,82829,148,64881,55,208,183303,68257,47618,93584
119605.0,11460,National University,"Private, nonprofit",1,5202,"Business Administration, Management and Operations.",5,Master's Degree,285.0,294.0,19,223,90586,197,121,83579,102,106296,121,98990,102,83986,PS,162,122193,103485,69982,153484
119605.0,11460,National University,"Private, nonprofit",1,5202,"Business Administration, Management and Operations.",6,Doctoral Degree,0.0,6.0,,,,,,,,,,,,,,,PS,PS,PS,PS
119605.0,11460,National University,"Private, nonprofit",1,5203,Accounting and Related Services.,3,Bachelor's Degree,36.0,50.0,5,83,65188,74,PS,PS,PS,PS,33,69023,50,62034,PS,65,63013,76194,56205,97191
119605.0,11460,National University,"Private, nonprofit",1,5203,Accounting and Related Services.,5,Master's Degree,58.0,44.0,8,53,92893,50,23,94361,29,88513,22,95642,31,80830,PS,43,21288,95833,74491,118338
119605.0,11460,National University,"Private, nonprofit",1,5205,Business/Corporate Communications.,3,Bachelor's Degree,14.0,11.0,1,18,75312,PS,PS,PS,PS,PS,PS,PS,PS,PS,PS,17,1182,65784,46837,84989
119605.0,11460,National University,"Private, nonprofit",1,5208,Finance and Financial Management Services.,3,Bachelor's Degree,17.0,12.0,0,PS,PS,PS,PS,PS,PS,PS,PS,PS,PS,PS,PS,PS,43799,83343,60801,111527
119605.0,11460,National University,"Private, nonprofit",1,5208,Finance and Financial Management Services.,8,Graduate/Professional Certificate,0.0,0.0,PS,PS,PS,PS,PS,PS,PS,PS,PS,PS,PS,PS,PS,PS,PS,PS,PS,PS
119605.0,11460,National University,"Private, nonprofit",1,5210,Human Resources Management and Services.,1,Undergraduate Certificate or Diploma,0.0,0.0,0,PS,PS,PS,PS,PS,PS,PS,PS,PS,PS,PS,PS,PS,PS,PS,PS,PS
119605.0,11460,National University,"Private, nonprofit",1,5210,Human Resources Management and Services.,3,Bachelor's Degree,3.0,5.0,1,PS,PS,PS,PS,PS,PS,PS,PS,PS,PS,PS,PS,PS,13480,68069,50156,90619
119605.0,11460,National University,"Private, nonprofit",1,5210,Human Resources Management and Services.,5,Master's Degree,76.0,71.0,3,36,91710,29,20,80810,17,104631,PS,PS,PS,PS,PS,28,10576,83558,58145,115680
119605.0,11460,National University,"Private, nonprofit",1,5211,International Business.,5,Master's Degree,0.0,0.0,2,PS,PS,PS,PS,PS,PS,PS,PS,PS,PS,PS,PS,PS,1060,97121,64056,143157
119605.0,11460,National University,"Private, nonprofit",1,5212,Management Information Systems and Services.,3,Bachelor's Degree,21.0,31.0,0,36,95650,35,PS,PS,PS,PS,PS,PS,PS,PS,PS,24,10427,83290,58799,111586
119605.0,11460,National University,"Private, nonprofit",1,5212,Management Information Systems and Services.,5,Master's Degree,10.0,1.0,2,PS,PS,PS,PS,PS,PS,PS,PS,PS,PS,PS,PS,PS,3088,106092,75383,146355
119605.0,11460,National University,"Private, nonprofit",1,5213,Management Sciences and Quantitative Methods.,5,Master's Degree,1.0,0.0,PS,PS,PS,PS,PS,PS,PS,PS,PS,PS,PS,PS,PS,PS,5066,124807,93429,167728
119605.0,11460,National University,"Private, nonprofit",1,5213,Management Sciences and Quantitative Methods.,8,Graduate/Professional Certificate,0.0,0.0,PS,PS,PS,PS,PS,PS,PS,PS,PS,PS,PS,PS,PS,PS,PS,PS,PS,PS
119605.0,11460,National University,"Private, nonprofit",1,5220,Construction Management.,3,Bachelor's Degree,12.0,18.0,0,PS,PS,PS,PS,PS,PS,PS,PS,PS,PS,PS,PS,PS,3051,95124,77072,115179
119605.0,11460,National University,"Private, nonprofit",1,5401,History.,3,Bachelor's Degree,29.0,22.0,1,PS,PS,PS,PS,PS,PS,PS,PS,PS,PS,PS,PS,PS,23671,50680,36330,66736
119605.0,11460,National University,"Private, nonprofit",1,5401,History.,5,Master's Degree,0.0,0.0,0,PS,PS,PS,PS,PS,PS,PS,PS,PS,PS,PS,PS,PS,2810,55360,40544,73546
119678.0,1310,Naval Postgraduate School,Public,1,1101,"Computer and Information Sciences, General.",5,Master's Degree,6.0,10.0,PS,PS,PS,PS,PS,PS,PS,PS,PS,PS,PS,PS,PS,PS,PS,PS,PS,PS
119678.0,1310,Naval Postgraduate School,Public,1,1101,"Computer and Information Sciences, General.",6,Doctoral Degree,0.0,,PS,PS,PS,PS,PS,PS,PS,PS,PS,PS,PS,PS,PS,PS,PS,PS,PS,PS
119678.0,1310,Naval Postgraduate School,Public,1,1101,"Computer and Information Sciences, General.",8,Graduate/Professional Certificate,8.0,10.0,PS,PS,PS,PS,PS,PS,PS,PS,PS,PS,PS,PS,PS,PS,PS,PS,PS,PS
119678.0,1310,Naval Postgraduate School,Public,1,1104,Information Science/Studies.,6,Doctoral Degree,3.0,2.0,PS,PS,PS,PS,PS,PS,PS,PS,PS,PS,PS,PS,PS,PS,PS,PS,PS,PS
119678.0,1310,Naval Postgraduate School,Public,1,1107,Computer Science.,5,Master's Degree,31.0,29.0,PS,PS,PS,PS,PS,PS,PS,PS,PS,PS,PS,PS,PS,PS,PS,PS,PS,PS
119678.0,1310,Naval Postgraduate School,Public,1,1107,Computer Science.,6,Doctoral Degree,2.0,3.0,PS,PS,PS,PS,PS,PS,PS,PS,PS,PS,PS,PS,PS,PS,PS,PS,PS,PS
119678.0,1310,Naval Postgraduate School,Public,1,1108,Computer Software and Media Applications.,5,Master's Degree,9.0,9.0,PS,PS,PS,PS,PS,PS,PS,PS,PS,PS,PS,PS,PS,PS,PS,PS,PS,PS
119678.0,1310,Naval Postgraduate School,Public,1,1108,Computer Software and Media Applications.,6,Doctoral Degree,0.0,2.0,PS,PS,PS,PS,PS,PS,PS,PS,PS,PS,PS,PS,PS,PS,PS,PS,PS,PS
119678.0,1310,Naval Postgraduate School,Public,1,1108,Computer Software and Media Applications.,8,Graduate/Professional Certificate,16.0,17.0,PS,PS,PS,PS,PS,PS,PS,PS,PS,PS,PS,PS,PS,PS,PS,PS,PS,PS
119678.0,1310,Naval Postgraduate School,Public,1,1110,Computer/Information Technology Administration and Management.,5,Master's Degree,37.0,41.0,PS,PS,PS,PS,PS,PS,PS,PS,PS,PS,PS,PS,PS,PS,PS,PS,PS,PS
119678.0,1310,Naval Postgraduate School,Public,1,1110,Computer/Information Technology Administration and Management.,6,Doctoral Degree,0.0,,PS,PS,PS,PS,PS,PS,PS,PS,PS,PS,PS,PS,PS,PS,PS,PS,PS,PS
119678.0,1310,Naval Postgraduate School,Public,1,1110,Computer/Information Technology Administration and Management.,8,Graduate/Professional Certificate,168.0,115.0,PS,PS,PS,PS,PS,PS,PS,PS,PS,PS,PS,PS,PS,PS,PS,PS,PS,PS
119678.0,1310,Naval Postgraduate School,Public,1,1199,"Computer and Information Sciences and Support Services, Other.",8,Graduate/Professional Certificate,8.0,11.0,PS,PS,PS,PS,PS,PS,PS,PS,PS,PS,PS,PS,PS,PS,PS,PS,PS,PS
119678.0,1310,Naval Postgraduate School,Public,1,1402,"Aerospace, Aeronautical, and Astronautical/Space Engineering.",5,Master's Degree,32.0,32.0,PS,PS,PS,PS,PS,PS,PS,PS,PS,PS,PS,PS,PS,PS,PS,PS,PS,PS
119678.0,1310,Naval Postgraduate School,Public,1,1402,"Aerospace, Aeronautical, and Astronautical/Space Engineering.",6,Doctoral Degree,0.0,1.0,PS,PS,PS,PS,PS,PS,PS,PS,PS,PS,PS,PS,PS,PS,PS,PS,PS,PS
119678.0,1310,Naval Postgraduate School,Public,1,1402,"Aerospace, Aeronautical, and Astronautical/Space Engineering.",8,Graduate/Professional Certificate,89.0,82.0,PS,PS,PS,PS,PS,PS,PS,PS,PS,PS,PS,PS,PS,PS,PS,PS,PS,PS
119678.0,1310,Naval Postgraduate School,Public,1,1409,Computer Engineering.,5,Master's Degree,0.0,0.0,PS,PS,PS,PS,PS,PS,PS,PS,PS,PS,PS,PS,PS,PS,PS,PS,PS,PS
119678.0,1310,Naval Postgraduate School,Public,1,1409,Computer Engineering.,6,Doctoral Degree,0.0,,PS,PS,PS,PS,PS,PS,PS,PS,PS,PS,PS,PS,PS,PS,PS,PS,PS,PS
119678.0,1310,Naval Postgraduate School,Public,1,1409,Computer Engineering.,8,Graduate/Professional Certificate,0.0,,PS,PS,PS,PS,PS,PS,PS,PS,PS,PS,PS,PS,PS,PS,PS,PS,PS,PS
119678.0,1310,Naval Postgraduate School,Public,1,1410,"Electrical, Electronics, and Communications Engineering.",5,Master's Degree,66.0,37.0,PS,PS,PS,PS,PS,PS,PS,PS,PS,PS,PS,PS,PS,PS,PS,PS,PS,PS
119678.0,1310,Naval Postgraduate School,Public,1,1410,"Electrical, Electronics, and Communications Engineering.",6,Doctoral Degree,0.0,1.0,PS,PS,PS,PS,PS,PS,PS,PS,PS,PS,PS,PS,PS,PS,PS,PS,PS,PS
119678.0,1310,Naval Postgraduate School,Public,1,1410,"Electrical, Electronics, and Communications Engineering.",8,Graduate/Professional Certificate,14.0,19.0,PS,PS,PS,PS,PS,PS,PS,PS,PS,PS,PS,PS,PS,PS,PS,PS,PS,PS
119678.0,1310,Naval Postgraduate School,Public,1,1412,Engineering Physics.,5,Master's Degree,0.0,,PS,PS,PS,PS,PS,PS,PS,PS,PS,PS,PS,PS,PS,PS,PS,PS,PS,PS
119678.0,1310,Naval Postgraduate School,Public,1,1412,Engineering Physics.,6,Doctoral Degree,0.0,0.0,PS,PS,PS,PS,PS,PS,PS,PS,PS,PS,PS,PS,PS,PS,PS,PS,PS,PS
119678.0,1310,Naval Postgraduate School,Public,1,1412,Engineering Physics.,8,Graduate/Professional Certificate,0.0,,PS,PS,PS,PS,PS,PS,PS,PS,PS,PS,PS,PS,PS,PS,PS,PS,PS,PS
119678.0,1310,Naval Postgraduate School,Public,1,1413,Engineering Science.,5,Master's Degree,0.0,,PS,PS,PS,PS,PS,PS,PS,PS,PS,PS,PS,PS,PS,PS,PS,PS,PS,PS
119678.0,1310,Naval Postgraduate School,Public,1,1419,Mechanical Engineering.,5,Master's Degree,27.0,35.0,PS,PS,PS,PS,PS,PS,PS,PS,PS,PS,PS,PS,PS,PS,PS,PS,PS,PS
119678.0,1310,Naval Postgraduate School,Public,1,1419,Mechanical Engineering.,6,Doctoral Degree,1.0,0.0,PS,PS,PS,PS,PS,PS,PS,PS,PS,PS,PS,PS,PS,PS,PS,PS,PS,PS
119678.0,1310,Naval Postgraduate School,Public,1,1419,Mechanical Engineering.,8,Graduate/Professional Certificate,0.0,0.0,PS,PS,PS,PS,PS,PS,PS,PS,PS,PS,PS,PS,PS,PS,PS,PS,PS,PS
119678.0,1310,Naval Postgraduate School,Public,1,1422,Naval Architecture and Marine Engineering.,5,Master's Degree,0.0,,PS,PS,PS,PS,PS,PS,PS,PS,PS,PS,PS,PS,PS,PS,PS,PS,PS,PS
119678.0,1310,Naval Postgraduate School,Public,1,1423,Nuclear Engineering.,5,Master's Degree,4.0,5.0,PS,PS,PS,PS,PS,PS,PS,PS,PS,PS,PS,PS,PS,PS,PS,PS,PS,PS
119678.0,1310,Naval Postgraduate School,Public,1,1423,Nuclear Engineering.,8,Graduate/Professional Certificate,0.0,0.0,PS,PS,PS,PS,PS,PS,PS,PS,PS,PS,PS,PS,PS,PS,PS,PS,PS,PS
119678.0,1310,Naval Postgraduate School,Public,1,1427,Systems Engineering.,5,Master's Degree,215.0,192.0,PS,PS,PS,PS,PS,PS,PS,PS,PS,PS,PS,PS,PS,PS,PS,PS,PS,PS
119678.0,1310,Naval Postgraduate School,Public,1,1427,Systems Engineering.,6,Doctoral Degree,1.0,1.0,PS,PS,PS,PS,PS,PS,PS,PS,PS,PS,PS,PS,PS,PS,PS,PS,PS,PS
119678.0,1310,Naval Postgraduate School,Public,1,1427,Systems Engineering.,8,Graduate/Professional Certificate,177.0,238.0,PS,PS,PS,PS,PS,PS,PS,PS,PS,PS,PS,PS,PS,PS,PS,PS,PS,PS
119678.0,1310,Naval Postgraduate School,Public,1,1437,Operations Research.,5,Master's Degree,83.0,91.0,PS,PS,PS,PS,PS,PS,PS,PS,PS,PS,PS,PS,PS,PS,PS,PS,PS,PS
119678.0,1310,Naval Postgraduate School,Public,1,1437,Operations Research.,6,Doctoral Degree,1.0,0.0,PS,PS,PS,PS,PS,PS,PS,PS,PS,PS,PS,PS,PS,PS,PS,PS,PS,PS
119678.0,1310,Naval Postgraduate School,Public,1,1437,Operations Research.,8,Graduate/Professional Certificate,73.0,103.0,PS,PS,PS,PS,PS,PS,PS,PS,PS,PS,PS,PS,PS,PS,PS,PS,PS,PS
119678.0,1310,Naval Postgraduate School,Public,1,1442,"Mechatronics, Robotics, and Automation Engineering.",8,Graduate/Professional Certificate,27.0,21.0,PS,PS,PS,PS,PS,PS,PS,PS,PS,PS,PS,PS,PS,PS,PS,PS,PS,PS
119678.0,1310,Naval Postgraduate School,Public,1,1448,Energy Systems Engineering.,8,Graduate/Professional Certificate,19.0,24.0,PS,PS,PS,PS,PS,PS,PS,PS,PS,PS,PS,PS,PS,PS,PS,PS,PS,PS
119678.0,1310,Naval Postgraduate School,Public,1,2703,Applied Mathematics.,5,Master's Degree,3.0,4.0,PS,PS,PS,PS,PS,PS,PS,PS,PS,PS,PS,PS,PS,PS,PS,PS,PS,PS
119678.0,1310,Naval Postgraduate School,Public,1,2703,Applied Mathematics.,6,Doctoral Degree,2.0,0.0,PS,PS,PS,PS,PS,PS,PS,PS,PS,PS,PS,PS,PS,PS,PS,PS,PS,PS
119678.0,1310,Naval Postgraduate School,Public,1,2703,Applied Mathematics.,8,Graduate/Professional Certificate,4.0,2.0,PS,PS,PS,PS,PS,PS,PS,PS,PS,PS,PS,PS,PS,PS,PS,PS,PS,PS
119678.0,1310,Naval Postgraduate School,Public,1,2902,"Intelligence, Command Control and Information Operations.",5,Master's Degree,21.0,28.0,PS,PS,PS,PS,PS,PS,PS,PS,PS,PS,PS,PS,PS,PS,PS,PS,PS,PS
119678.0,1310,Naval Postgraduate School,Public,1,2902,"Intelligence, Command Control and Information Operations.",8,Graduate/Professional Certificate,64.0,59.0,PS,PS,PS,PS,PS,PS,PS,PS,PS,PS,PS,PS,PS,PS,PS,PS,PS,PS
119678.0,1310,Naval Postgraduate School,Public,1,2903,Military Applied Sciences.,5,Master's Degree,66.0,78.0,PS,PS,PS,PS,PS,PS,PS,PS,PS,PS,PS,PS,PS,PS,PS,PS,PS,PS
119678.0,1310,Naval Postgraduate School,Public,1,2903,Military Applied Sciences.,6,Doctoral Degree,1.0,0.0,PS,PS,PS,PS,PS,PS,PS,PS,PS,PS,PS,PS,PS,PS,PS,PS,PS,PS
119678.0,1310,Naval Postgraduate School,Public,1,2903,Military Applied Sciences.,8,Graduate/Professional Certificate,34.0,47.0,PS,PS,PS,PS,PS,PS,PS,PS,PS,PS,PS,PS,PS,PS,PS,PS,PS,PS
119678.0,1310,Naval Postgraduate School,Public,1,2904,Military Systems and Maintenance Technology.,5,Master's Degree,1.0,0.0,PS,PS,PS,PS,PS,PS,PS,PS,PS,PS,PS,PS,PS,PS,PS,PS,PS,PS
119678.0,1310,Naval Postgraduate School,Public,1,2904,Military Systems and Maintenance Technology.,8,Graduate/Professional Certificate,0.0,,PS,PS,PS,PS,PS,PS,PS,PS,PS,PS,PS,PS,PS,PS,PS,PS,PS,PS
119678.0,1310,Naval Postgraduate School,Public,1,2999,"Military Technologies and Applied Sciences, Other.",5,Master's Degree,0.0,,PS,PS,PS,PS,PS,PS,PS,PS,PS,PS,PS,PS,PS,PS,PS,PS,PS,PS
119678.0,1310,Naval Postgraduate School,Public,1,2999,"Military Technologies and Applied Sciences, Other.",8,Graduate/Professional Certificate,3.0,6.0,PS,PS,PS,PS,PS,PS,PS,PS,PS,PS,PS,PS,PS,PS,PS,PS,PS,PS
119678.0,1310,Naval Postgraduate School,Public,1,3030,Computational Science.,8,Graduate/Professional Certificate,2.0,1.0,PS,PS,PS,PS,PS,PS,PS,PS,PS,PS,PS,PS,PS,PS,PS,PS,PS,PS
119678.0,1310,Naval Postgraduate School,Public,1,3070,Data Science.,8,Graduate/Professional Certificate,48.0,31.0,PS,PS,PS,PS,PS,PS,PS,PS,PS,PS,PS,PS,PS,PS,PS,PS,PS,PS
119678.0,1310,Naval Postgraduate School,Public,1,3071,Data Analytics.,8,Graduate/Professional Certificate,32.0,33.0,PS,PS,PS,PS,PS,PS,PS,PS,PS,PS,PS,PS,PS,PS,PS,PS,PS,PS
119678.0,1310,Naval Postgraduate School,Public,1,4001,"Physical Sciences, General.",5,Master's Degree,16.0,12.0,PS,PS,PS,PS,PS,PS,PS,PS,PS,PS,PS,PS,PS,PS,PS,PS,PS,PS
119678.0,1310,Naval Postgraduate School,Public,1,4004,Atmospheric Sciences and Meteorology.,5,Master's Degree,2.0,1.0,PS,PS,PS,PS,PS,PS,PS,PS,PS,PS,PS,PS,PS,PS,PS,PS,PS,PS
119678.0,1310,Naval Postgraduate School,Public,1,4004,Atmospheric Sciences and Meteorology.,6,Doctoral Degree,0.0,0.0,PS,PS,PS,PS,PS,PS,PS,PS,PS,PS,PS,PS,PS,PS,PS,PS,PS,PS
119678.0,1310,Naval Postgraduate School,Public,1,4004,Atmospheric Sciences and Meteorology.,8,Graduate/Professional Certificate,15.0,11.0,PS,PS,PS,PS,PS,PS,PS,PS,PS,PS,PS,PS,PS,PS,PS,PS,PS,PS
119678.0,1310,Naval Postgraduate School,Public,1,4006,Geological and Earth Sciences/Geosciences.,5,Master's Degree,1.0,1.0,PS,PS,PS,PS,PS,PS,PS,PS,PS,PS,PS,PS,PS,PS,PS,PS,PS,PS
119678.0,1310,Naval Postgraduate School,Public,1,4006,Geological and Earth Sciences/Geosciences.,6,Doctoral Degree,1.0,2.0,PS,PS,PS,PS,PS,PS,PS,PS,PS,PS,PS,PS,PS,PS,PS,PS,PS,PS
119678.0,1310,Naval Postgraduate School,Public,1,4008,Physics.,5,Master's Degree,0.0,,PS,PS,PS,PS,PS,PS,PS,PS,PS,PS,PS,PS,PS,PS,PS,PS,PS,PS
119678.0,1310,Naval Postgraduate School,Public,1,4008,Physics.,6,Doctoral Degree,0.0,,PS,PS,PS,PS,PS,PS,PS,PS,PS,PS,PS,PS,PS,PS,PS,PS,PS,PS
119678.0,1310,Naval Postgraduate School,Public,1,4303,Homeland Security.,5,Master's Degree,47.0,109.0,PS,PS,PS,PS,PS,PS,PS,PS,PS,PS,PS,PS,PS,PS,PS,PS,PS,PS
119678.0,1310,Naval Postgraduate School,Public,1,4303,Homeland Security.,6,Doctoral Degree,2.0,0.0,,,,,,,,,,,,,,,PS,PS,PS,PS
119678.0,1310,Naval Postgraduate School,Public,1,4303,Homeland Security.,8,Graduate/Professional Certificate,0.0,0.0,PS,PS,PS,PS,PS,PS,PS,PS,PS,PS,PS,PS,PS,PS,PS,PS,PS,PS
119678.0,1310,Naval Postgraduate School,Public,1,4501,"Social Sciences, General.",8,Graduate/Professional Certificate,0.0,,PS,PS,PS,PS,PS,PS,PS,PS,PS,PS,PS,PS,PS,PS,PS,PS,PS,PS
119678.0,1310,Naval Postgraduate School,Public,1,4509,International Relations and National Security Studies.,5,Master's Degree,167.0,140.0,PS,PS,PS,PS,PS,PS,PS,PS,PS,PS,PS,PS,PS,PS,PS,PS,PS,PS
119678.0,1310,Naval Postgraduate School,Public,1,4509,International Relations and National Security Studies.,6,Doctoral Degree,0.0,0.0,PS,PS,PS,PS,PS,PS,PS,PS,PS,PS,PS,PS,PS,PS,PS,PS,PS,PS
119678.0,1310,Naval Postgraduate School,Public,1,4509,International Relations and National Security Studies.,8,Graduate/Professional Certificate,98.0,92.0,PS,PS,PS,PS,PS,PS,PS,PS,PS,PS,PS,PS,PS,PS,PS,PS,PS,PS
119678.0,1310,Naval Postgraduate School,Public,1,5202,"Business Administration, Management and Operations.",5,Master's Degree,237.0,227.0,PS,PS,PS,PS,PS,PS,PS,PS,PS,PS,PS,PS,PS,PS,PS,PS,PS,PS
119678.0,1310,Naval Postgraduate School,Public,1,5202,"Business Administration, Management and Operations.",8,Graduate/Professional Certificate,106.0,571.0,PS,PS,PS,PS,PS,PS,PS,PS,PS,PS,PS,PS,PS,PS,PS,PS,PS,PS
119678.0,1310,Naval Postgraduate School,Public,1,5208,Finance and Financial Management Services.,5,Master's Degree,38.0,50.0,PS,PS,PS,PS,PS,PS,PS,PS,PS,PS,PS,PS,PS,PS,PS,PS,PS,PS
119678.0,1310,Naval Postgraduate School,Public,1,5208,Finance and Financial Management Services.,8,Graduate/Professional Certificate,25.0,30.0,,,,,,,,,,,,,,,PS,PS,PS,PS
119678.0,1310,Naval Postgraduate School,Public,1,5210,Human Resources Management and Services.,5,Master's Degree,29.0,17.0,PS,PS,PS,PS,PS,PS,PS,PS,PS,PS,PS,PS,PS,PS,PS,PS,PS,PS
119678.0,1310,Naval Postgraduate School,Public,1,5212,Management Information Systems and Services.,5,Master's Degree,6.0,5.0,PS,PS,PS,PS,PS,PS,PS,PS,PS,PS,PS,PS,PS,PS,PS,PS,PS,PS
119678.0,1310,Naval Postgraduate School,Public,1,5212,Management Information Systems and Services.,8,Graduate/Professional Certificate,38.0,22.0,PS,PS,PS,PS,PS,PS,PS,PS,PS,PS,PS,PS,PS,PS,PS,PS,PS,PS
120184.0,1179,Notre Dame de Namur University,"Private, nonprofit",1,901,Communication and Media Studies.,3,Bachelor's Degree,1.0,0.0,3,21,74529,18,PS,PS,PS,PS,PS,PS,PS,PS,PS,19,61357,56359,39575,76115
120184.0,1179,Notre Dame de Namur University,"Private, nonprofit",1,1101,"Computer and Information Sciences, General.",3,Bachelor's Degree,2.0,0.0,0,PS,PS,PS,PS,PS,PS,PS,PS,PS,PS,PS,PS,PS,41037,92374,64179,128180
120184.0,1179,Notre Dame de Namur University,"Private, nonprofit",1,1107,Computer Science.,3,Bachelor's Degree,6.0,0.0,PS,PS,PS,PS,PS,PS,PS,PS,PS,PS,PS,PS,PS,PS,PS,PS,PS,PS
120184.0,1179,Notre Dame de Namur University,"Private, nonprofit",1,1301,"Education, General.",5,Master's Degree,8.0,6.0,1,PS,PS,PS,PS,PS,PS,PS,PS,PS,PS,PS,PS,PS,22487,65824,52724,82084
120184.0,1179,Notre Dame de Namur University,"Private, nonprofit",1,1304,Educational Administration and Supervision.,5,Master's Degree,0.0,1.0,0,PS,PS,PS,PS,PS,PS,PS,PS,PS,PS,PS,PS,PS,32412,71685,57739,90151
120184.0,1179,Notre Dame de Namur University,"Private, nonprofit",1,1310,Special Education and Teaching.,5,Master's Degree,18.0,10.0,2,31,95703,29,PS,PS,PS,PS,PS,PS,PS,PS,PS,30,21493,64397,52390,79764
120184.0,1179,Notre Dame de Namur University,"Private, nonprofit",1,1312,"Teacher Education and Professional Development, Specific Levels and Methods.",5,Master's Degree,0.0,0.0,PS,PS,PS,PS,PS,PS,PS,PS,PS,PS,PS,PS,PS,PS,PS,PS,PS,PS
120184.0,1179,Notre Dame de Namur University,"Private, nonprofit",1,1314,Teaching English or French as a Second or Foreign Language.,5,Master's Degree,0.0,3.0,PS,PS,PS,PS,PS,PS,PS,PS,PS,PS,PS,PS,PS,PS,2991,65767,49386,82810
120184.0,1179,Notre Dame de Namur University,"Private, nonprofit",1,2301,"English Language and Literature, General.",3,Bachelor's Degree,,,1,PS,PS,PS,PS,PS,PS,PS,PS,PS,PS,PS,PS,PS,33025,48590,33654,63810
120184.0,1179,Notre Dame de Namur University,"Private, nonprofit",1,2301,"English Language and Literature, General.",5,Master's Degree,,,0,PS,PS,PS,PS,PS,PS,PS,PS,PS,PS,PS,PS,PS,3708,55512,39177,72721
120184.0,1179,Notre Dame de Namur University,"Private, nonprofit",1,2401,"Liberal Arts and Sciences, General Studies and Humanities.",3,Bachelor's Degree,5.0,1.0,0,PS,PS,PS,PS,PS,PS,PS,PS,PS,PS,PS,PS,PS,50554,53072,35750,73322
120184.0,1179,Notre Dame de Namur University,"Private, nonprofit",1,2601,"Biology, General.",3,Bachelor's Degree,2.0,0.0,2,PS,PS,PS,PS,PS,PS,PS,PS,PS,PS,PS,PS,PS,57101,57214,38929,79199
120184.0,1179,Notre Dame de Namur University,"Private, nonprofit",1,2602,"Biochemistry, Biophysics and Molecular Biology.",3,Bachelor's Degree,,,1,PS,PS,PS,PS,PS,PS,PS,PS,PS,PS,PS,PS,PS,6319,65466,44889,88432
120184.0,1179,Notre Dame de Namur University,"Private, nonprofit",1,2609,"Physiology, Pathology and Related Sciences.",3,Bachelor's Degree,4.0,0.0,3,24,49288,20,PS,PS,PS,PS,PS,PS,PS,PS,PS,18,4191,62172,41546,83514
120184.0,1179,Notre Dame de Namur University,"Private, nonprofit",1,3000,"Multi-/Interdisciplinary Studies, General.",3,Bachelor's Degree,,,1,PS,PS,PS,PS,PS,PS,PS,PS,PS,PS,PS,PS,PS,5152,50532,33727,70500
120184.0,1179,Notre Dame de Namur University,"Private, nonprofit",1,3801,Philosophy.,3,Bachelor's Degree,,,1,PS,PS,PS,PS,PS,PS,PS,PS,PS,PS,PS,PS,PS,6085,54455,34926,78043
120184.0,1179,Notre Dame de Namur University,"Private, nonprofit",1,4201,"Psychology, General.",3,Bachelor's Degree,2.0,2.0,4,36,60974,30,PS,PS,PS,PS,PS,PS,PS,PS,PS,33,102536,50706,35740,67229
120184.0,1179,Notre Dame de Namur University,"Private, nonprofit",1,4228,"Clinical, Counseling and Applied Psychology.",5,Master's Degree,29.0,30.0,3,26,66825,21,PS,PS,PS,PS,PS,PS,PS,PS,PS,23,22438,65184,47881,83770
120184.0,1179,Notre Dame de Namur University,"Private, nonprofit",1,4400,"Human Services, General.",3,Bachelor's Degree,5.0,0.0,3,22,65823,17,PS,PS,PS,PS,PS,PS,PS,PS,PS,19,7618,48597,35249,62659
120184.0,1179,Notre Dame de Namur University,"Private, nonprofit",1,4404,Public Administration.,5,Master's Degree,0.0,2.0,1,22,99546,21,PS,PS,PS,PS,PS,PS,PS,PS,PS,PS,13451,81408,60052,109056
120184.0,1179,Notre Dame de Namur University,"Private, nonprofit",1,4510,Political Science and Government.,3,Bachelor's Degree,2.0,2.0,1,PS,PS,PS,PS,PS,PS,PS,PS,PS,PS,PS,PS,PS,36628,63293,44760,85406
120184.0,1179,Notre Dame de Namur University,"Private, nonprofit",1,4511,Sociology.,3,Bachelor's Degree,3.0,0.0,0,PS,PS,PS,PS,PS,PS,PS,PS,PS,PS,PS,PS,PS,31848,52657,37665,69502
120184.0,1179,Notre Dame de Namur University,"Private, nonprofit",1,5004,Design and Applied Arts.,3,Bachelor's Degree,2.0,0.0,0,PS,PS,PS,PS,PS,PS,PS,PS,PS,PS,PS,PS,PS,PS,PS,PS,PS
120184.0,1179,Notre Dame de Namur University,"Private, nonprofit",1,5005,Drama/Theatre Arts and Stagecraft.,3,Bachelor's Degree,,,0,PS,PS,PS,PS,PS,PS,PS,PS,PS,PS,PS,PS,PS,14066,39775,25491,55399
120184.0,1179,Notre Dame de Namur University,"Private, nonprofit",1,5007,Fine and Studio Arts.,3,Bachelor's Degree,1.0,0.0,0,PS,PS,PS,PS,PS,PS,PS,PS,PS,PS,PS,PS,PS,26935,41367,26241,56653
120184.0,1179,Notre Dame de Namur University,"Private, nonprofit",1,5009,Music.,3,Bachelor's Degree,,,0,PS,PS,PS,PS,PS,PS,PS,PS,PS,PS,PS,PS,PS,14715,42892,26048,58755
120184.0,1179,Notre Dame de Namur University,"Private, nonprofit",1,5100,"Health Services/Allied Health/Health Sciences, General.",3,Bachelor's Degree,2.0,0.0,PS,PS,PS,PS,PS,PS,PS,PS,PS,PS,PS,PS,PS,PS,14079,61296,42849,82291
120184.0,1179,Notre Dame de Namur University,"Private, nonprofit",1,5115,Mental and Social Health Services and Allied Professions.,5,Master's Degree,4.0,0.0,5,37,56014,24,PS,PS,PS,PS,PS,PS,PS,PS,PS,29,15919,59571,41812,76123
120184.0,1179,Notre Dame de Namur University,"Private, nonprofit",1,5123,Rehabilitation and Therapeutic Professions.,5,Master's Degree,0.0,,PS,PS,PS,PS,PS,PS,PS,PS,PS,PS,PS,PS,PS,PS,PS,PS,PS,PS
120184.0,1179,Notre Dame de Namur University,"Private, nonprofit",1,5123,Rehabilitation and Therapeutic Professions.,6,Doctoral Degree,1.0,,0,PS,PS,PS,PS,PS,PS,PS,PS,PS,PS,PS,PS,PS,13052,82893,68836,95078
120184.0,1179,Notre Dame de Namur University,"Private, nonprofit",1,5202,"Business Administration, Management and Operations.",3,Bachelor's Degree,5.0,2.0,3,47,88928,44,31,92696,16,63777,17,69164,29,91846,PS,41,183303,68257,47618,93584
120184.0,1179,Notre Dame de Namur University,"Private, nonprofit",1,5202,"Business Administration, Management and Operations.",5,Master's Degree,6.0,8.0,4,51,133798,49,22,141621,29,117550,22,122805,30,146296,PS,47,122193,103485,69982,153484
120184.0,1179,Notre Dame de Namur University,"Private, nonprofit",1,5203,Accounting and Related Services.,3,Bachelor's Degree,2.0,0.0,0,PS,PS,PS,PS,PS,PS,PS,PS,PS,PS,PS,PS,PS,63013,76194,56205,97191
120184.0,1179,Notre Dame de Namur University,"Private, nonprofit",1,5213,Management Sciences and Quantitative Methods.,5,Master's Degree,,,0,PS,PS,PS,PS,PS,PS,PS,PS,PS,PS,PS,PS,PS,5066,124807,93429,167728
120184.0,1179,Notre Dame de Namur University,"Private, nonprofit",1,5401,History.,3,Bachelor's Degree,2.0,1.0,2,PS,PS,PS,PS,PS,PS,PS,PS,PS,PS,PS,PS,PS,23671,50680,36330,66736
120254.0,1249,Occidental College,"Private, nonprofit",1,301,Natural Resources Conservation and Research.,3,Bachelor's Degree,19.0,23.0,2,22,68098,20,PS,PS,PS,PS,PS,PS,PS,PS,PS,16,15907,55012,39435,72794
120254.0,1249,Occidental College,"Private, nonprofit",1,501,Area Studies.,3,Bachelor's Degree,10.0,7.0,3,PS,PS,PS,PS,PS,PS,PS,PS,PS,PS,PS,PS,PS,3737,56625,37190,78481
120254.0,1249,Occidental College,"Private, nonprofit",1,502,"Ethnic, Cultural Minority, Gender, and Group Studies.",3,Bachelor's Degree,3.0,2.0,PS,PS,PS,PS,PS,PS,PS,PS,PS,PS,PS,PS,PS,PS,PS,PS,PS,PS
120254.0,1249,Occidental College,"Private, nonprofit",1,1107,Computer Science.,3,Bachelor's Degree,36.0,31.0,PS,PS,PS,PS,PS,PS,PS,PS,PS,PS,PS,PS,PS,PS,28067,107009,74830,152038
120254.0,1249,Occidental College,"Private, nonprofit",1,1601,"Linguistic, Comparative, and Related Language Studies and Services.",3,Bachelor's Degree,23.0,24.0,1,PS,PS,PS,PS,PS,PS,PS,PS,PS,PS,PS,PS,PS,4565,49984,32888,69881
120254.0,1249,Occidental College,"Private, nonprofit",1,1603,"East Asian Languages, Literatures, and Linguistics.",3,Bachelor's Degree,2.0,1.0,1,PS,PS,PS,PS,PS,PS,PS,PS,PS,PS,PS,PS,PS,1249,51642,32068,74398
120254.0,1249,Occidental College,"Private, nonprofit",1,1609,"Romance Languages, Literatures, and Linguistics.",3,Bachelor's Degree,8.0,7.0,3,16,70680,PS,PS,PS,PS,PS,PS,PS,PS,PS,PS,PS,10363,55000,38411,73324
120254.0,1249,Occidental College,"Private, nonprofit",1,2301,"English Language and Literature, General.",3,Bachelor's Degree,10.0,11.0,0,PS,PS,PS,PS,PS,PS,PS,PS,PS,PS,PS,PS,PS,33025,48590,33654,63810
120254.0,1249,Occidental College,"Private, nonprofit",1,2601,"Biology, General.",3,Bachelor's Degree,40.0,38.0,3,19,67384,16,PS,PS,PS,PS,PS,PS,PS,PS,PS,PS,57101,57214,38929,79199
120254.0,1249,Occidental College,"Private, nonprofit",1,2601,"Biology, General.",5,Master's Degree,0.0,0.0,PS,PS,PS,PS,PS,PS,PS,PS,PS,PS,PS,PS,PS,PS,PS,PS,PS,PS
120254.0,1249,Occidental College,"Private, nonprofit",1,2602,"Biochemistry, Biophysics and Molecular Biology.",3,Bachelor's Degree,20.0,17.0,1,PS,PS,PS,PS,PS,PS,PS,PS,PS,PS,PS,PS,PS,6319,65466,44889,88432
120254.0,1249,Occidental College,"Private, nonprofit",1,2701,Mathematics.,3,Bachelor's Degree,11.0,17.0,0,PS,PS,PS,PS,PS,PS,PS,PS,PS,PS,PS,PS,PS,15976,69562,49058,97414
120254.0,1249,Occidental College,"Private, nonprofit",1,3000,"Multi-/Interdisciplinary Studies, General.",3,Bachelor's Degree,1.0,1.0,1,PS,PS,PS,PS,PS,PS,PS,PS,PS,PS,PS,PS,PS,5152,50532,33727,70500
120254.0,1249,Occidental College,"Private, nonprofit",1,3025,Cognitive Science.,3,Bachelor's Degree,23.0,24.0,0,PS,PS,PS,PS,PS,PS,PS,PS,PS,PS,PS,PS,PS,1411,81496,53334,130402
120254.0,1249,Occidental College,"Private, nonprofit",1,3026,Cultural Studies/Critical Theory and Analysis.,3,Bachelor's Degree,14.0,15.0,0,PS,PS,PS,PS,PS,PS,PS,PS,PS,PS,PS,PS,PS,87,40892,16742,67166
120254.0,1249,Occidental College,"Private, nonprofit",1,3105,"Sports, Kinesiology, and Physical Education/Fitness.",3,Bachelor's Degree,13.0,16.0,2,PS,PS,PS,PS,PS,PS,PS,PS,PS,PS,PS,PS,PS,48463,54562,39049,73020
120254.0,1249,Occidental College,"Private, nonprofit",1,3801,Philosophy.,3,Bachelor's Degree,15.0,10.0,0,PS,PS,PS,PS,PS,PS,PS,PS,PS,PS,PS,PS,PS,6085,54455,34926,78043
120254.0,1249,Occidental College,"Private, nonprofit",1,3802,Religion/Religious Studies.,3,Bachelor's Degree,6.0,4.0,0,PS,PS,PS,PS,PS,PS,PS,PS,PS,PS,PS,PS,PS,5310,41390,20518,65165
120254.0,1249,Occidental College,"Private, nonprofit",1,4005,Chemistry.,3,Bachelor's Degree,9.0,12.0,0,PS,PS,PS,PS,PS,PS,PS,PS,PS,PS,PS,PS,PS,10453,65120,48307,84018
120254.0,1249,Occidental College,"Private, nonprofit",1,4006,Geological and Earth Sciences/Geosciences.,3,Bachelor's Degree,7.0,5.0,2,PS,PS,PS,PS,PS,PS,PS,PS,PS,PS,PS,PS,PS,6193,60190,44343,77573
120254.0,1249,Occidental College,"Private, nonprofit",1,4008,Physics.,3,Bachelor's Degree,6.0,9.0,0,PS,PS,PS,PS,PS,PS,PS,PS,PS,PS,PS,PS,PS,5602,76786,51777,102948
120254.0,1249,Occidental College,"Private, nonprofit",1,4201,"Psychology, General.",3,Bachelor's Degree,,,3,17,57024,PS,PS,PS,PS,PS,PS,PS,PS,PS,PS,PS,102536,50706,35740,67229
120254.0,1249,Occidental College,"Private, nonprofit",1,4227,Research and Experimental Psychology.,3,Bachelor's Degree,39.0,54.0,,,,,,,,,,,,,,,PS,PS,PS,PS
120254.0,1249,Occidental College,"Private, nonprofit",1,4506,Economics.,3,Bachelor's Degree,85.0,73.0,3,41,80191,36,22,79143,19,85531,PS,PS,PS,PS,PS,28,28744,82686,58184,116323
120254.0,1249,Occidental College,"Private, nonprofit",1,4509,International Relations and National Security Studies.,3,Bachelor's Degree,53.0,50.0,2,32,84200,28,PS,PS,PS,PS,PS,PS,PS,PS,PS,PS,8070,66596,46031,87798
120254.0,1249,Occidental College,"Private, nonprofit",1,4510,Political Science and Government.,3,Bachelor's Degree,22.0,18.0,1,25,57825,20,PS,PS,PS,PS,PS,PS,PS,PS,PS,PS,36628,63293,44760,85406
120254.0,1249,Occidental College,"Private, nonprofit",1,4511,Sociology.,3,Bachelor's Degree,9.0,16.0,2,21,62892,18,PS,PS,PS,PS,PS,PS,PS,PS,PS,PS,31848,52657,37665,69502
120254.0,1249,Occidental College,"Private, nonprofit",1,5005,Drama/Theatre Arts and Stagecraft.,3,Bachelor's Degree,12.0,3.0,0,PS,PS,PS,PS,PS,PS,PS,PS,PS,PS,PS,PS,PS,14066,39775,25491,55399
120254.0,1249,Occidental College,"Private, nonprofit",1,5006,Film/Video and Photographic Arts.,3,Bachelor's Degree,22.0,21.0,PS,PS,PS,PS,PS,PS,PS,PS,PS,PS,PS,PS,PS,PS,12193,43765,25957,63381
120254.0,1249,Occidental College,"Private, nonprofit",1,5007,Fine and Studio Arts.,3,Bachelor's Degree,10.0,9.0,1,21,47894,PS,PS,PS,PS,PS,PS,PS,PS,PS,PS,PS,26935,41367,26241,56653
120254.0,1249,Occidental College,"Private, nonprofit",1,5009,Music.,3,Bachelor's Degree,12.0,15.0,0,PS,PS,PS,PS,PS,PS,PS,PS,PS,PS,PS,PS,PS,14715,42892,26048,58755
120254.0,1249,Occidental College,"Private, nonprofit",1,5401,History.,3,Bachelor's Degree,15.0,9.0,0,PS,PS,PS,PS,PS,PS,PS,PS,PS,PS,PS,PS,PS,23671,50680,36330,66736
120403.0,1251,Otis College of Art and Design,"Private, nonprofit",1,404,Environmental Design.,3,Bachelor's Degree,11.0,13.0,2,PS,PS,PS,PS,PS,PS,PS,PS,PS,PS,PS,PS,PS,545,57461,44249,73508
120403.0,1251,Otis College of Art and Design,"Private, nonprofit",1,2313,Rhetoric and Composition/Writing Studies.,5,Master's Degree,0.0,,2,PS,PS,PS,PS,PS,PS,PS,PS,PS,PS,PS,PS,PS,3795,55035,32717,77712
120403.0,1251,Otis College of Art and Design,"Private, nonprofit",1,5001,"Visual and Performing Arts, General.",3,Bachelor's Degree,90.0,101.0,9,84,72325,62,68,75208,16,72302,45,83450,40,60065,PS,73,3499,41688,25771,59858
120403.0,1251,Otis College of Art and Design,"Private, nonprofit",1,5004,Design and Applied Arts.,3,Bachelor's Degree,123.0,95.0,18,137,63969,99,115,64095,22,75208,33,47128,103,67978,PS,120,23871,51490,33006,70612
120403.0,1251,Otis College of Art and Design,"Private, nonprofit",1,5004,Design and Applied Arts.,5,Master's Degree,9.0,1.0,1,PS,PS,PS,PS,PS,PS,PS,PS,PS,PS,PS,PS,PS,1334,70073,44125,102485
120403.0,1251,Otis College of Art and Design,"Private, nonprofit",1,5007,Fine and Studio Arts.,3,Bachelor's Degree,27.0,26.0,11,25,24402,PS,PS,PS,PS,PS,PS,PS,PS,PS,PS,20,26935,41367,26241,56653
120403.0,1251,Otis College of Art and Design,"Private, nonprofit",1,5007,Fine and Studio Arts.,5,Master's Degree,12.0,11.0,2,PS,PS,PS,PS,PS,PS,PS,PS,PS,PS,PS,PS,PS,3268,49079,29496,66541
120537.0,1252,Hope International University,"Private, nonprofit",1,1301,"Education, General.",3,Bachelor's Degree,14.0,23.0,0,PS,PS,PS,PS,PS,PS,PS,PS,PS,PS,PS,PS,PS,6941,49808,38641,60792
120537.0,1252,Hope International University,"Private, nonprofit",1,1304,Educational Administration and Supervision.,5,Master's Degree,18.0,19.0,0,PS,PS,PS,PS,PS,PS,PS,PS,PS,PS,PS,PS,PS,32412,71685,57739,90151
120537.0,1252,Hope International University,"Private, nonprofit",1,1309,Social and Philosophical Foundations of Education.,5,Master's Degree,30.0,31.0,1,PS,PS,PS,PS,PS,PS,PS,PS,PS,PS,PS,PS,PS,294,66129,50227,80982
120537.0,1252,Hope International University,"Private, nonprofit",1,1310,Special Education and Teaching.,5,Master's Degree,0.0,0.0,PS,PS,PS,PS,PS,PS,PS,PS,PS,PS,PS,PS,PS,PS,PS,PS,PS,PS
120537.0,1252,Hope International University,"Private, nonprofit",1,1312,"Teacher Education and Professional Development, Specific Levels and Methods.",3,Bachelor's Degree,0.0,0.0,1,PS,PS,PS,PS,PS,PS,PS,PS,PS,PS,PS,PS,PS,50018,47382,38431,56096
120537.0,1252,Hope International University,"Private, nonprofit",1,1313,"Teacher Education and Professional Development, Specific Subject Areas.",3,Bachelor's Degree,0.0,0.0,PS,PS,PS,PS,PS,PS,PS,PS,PS,PS,PS,PS,PS,PS,PS,PS,PS,PS
120537.0,1252,Hope International University,"Private, nonprofit",1,1907,"Human Development, Family Studies, and Related Services.",3,Bachelor's Degree,15.0,10.0,5,PS,PS,PS,PS,PS,PS,PS,PS,PS,PS,PS,PS,PS,15127,48568,35149,62704
120537.0,1252,Hope International University,"Private, nonprofit",1,2301,"English Language and Literature, General.",3,Bachelor's Degree,1.0,3.0,1,PS,PS,PS,PS,PS,PS,PS,PS,PS,PS,PS,PS,PS,33025,48590,33654,63810
120537.0,1252,Hope International University,"Private, nonprofit",1,2401,"Liberal Arts and Sciences, General Studies and Humanities.",2,Associate's Degree,8.0,1.0,0,PS,PS,PS,PS,PS,PS,PS,PS,PS,PS,PS,PS,PS,208003,44125,28893,61611
120537.0,1252,Hope International University,"Private, nonprofit",1,2401,"Liberal Arts and Sciences, General Studies and Humanities.",3,Bachelor's Degree,4.0,1.0,2,PS,PS,PS,PS,PS,PS,PS,PS,PS,PS,PS,PS,PS,50554,53072,35750,73322
120537.0,1252,Hope International University,"Private, nonprofit",1,3099,"Multi/Interdisciplinary Studies, Other.",3,Bachelor's Degree,0.0,2.0,PS,PS,PS,PS,PS,PS,PS,PS,PS,PS,PS,PS,PS,PS,PS,PS,PS,PS
120537.0,1252,Hope International University,"Private, nonprofit",1,3105,"Sports, Kinesiology, and Physical Education/Fitness.",3,Bachelor's Degree,8.0,22.0,PS,PS,PS,PS,PS,PS,PS,PS,PS,PS,PS,PS,PS,PS,PS,PS,PS,PS
120537.0,1252,Hope International University,"Private, nonprofit",1,3902,Bible/Biblical Studies.,3,Bachelor's Degree,2.0,0.0,1,PS,PS,PS,PS,PS,PS,PS,PS,PS,PS,PS,PS,PS,2600,44533,29498,62259
120537.0,1252,Hope International University,"Private, nonprofit",1,3903,Missions/Missionary Studies and Missiology.,3,Bachelor's Degree,3.0,0.0,0,PS,PS,PS,PS,PS,PS,PS,PS,PS,PS,PS,PS,PS,688,40103,25327,55233
120537.0,1252,Hope International University,"Private, nonprofit",1,3903,Missions/Missionary Studies and Missiology.,5,Master's Degree,0.0,0.0,PS,PS,PS,PS,PS,PS,PS,PS,PS,PS,PS,PS,PS,PS,PS,PS,PS,PS
120537.0,1252,Hope International University,"Private, nonprofit",1,3905,Religious Music and Worship.,3,Bachelor's Degree,2.0,4.0,1,PS,PS,PS,PS,PS,PS,PS,PS,PS,PS,PS,PS,PS,345,41456,26674,54490
120537.0,1252,Hope International University,"Private, nonprofit",1,3905,Religious Music and Worship.,5,Master's Degree,2.0,4.0,PS,PS,PS,PS,PS,PS,PS,PS,PS,PS,PS,PS,PS,PS,94,57264,36714,74433
120537.0,1252,Hope International University,"Private, nonprofit",1,3906,Theological and Ministerial Studies.,1,Undergraduate Certificate or Diploma,0.0,0.0,PS,PS,PS,PS,PS,PS,PS,PS,PS,PS,PS,PS,PS,PS,127,28811,15531,47827
120537.0,1252,Hope International University,"Private, nonprofit",1,3906,Theological and Ministerial Studies.,2,Associate's Degree,0.0,0.0,0,PS,PS,PS,PS,PS,PS,PS,PS,PS,PS,PS,PS,PS,139,40367,27234,52032
120537.0,1252,Hope International University,"Private, nonprofit",1,3906,Theological and Ministerial Studies.,3,Bachelor's Degree,14.0,12.0,0,PS,PS,PS,PS,PS,PS,PS,PS,PS,PS,PS,PS,PS,1751,44535,30931,62472
120537.0,1252,Hope International University,"Private, nonprofit",1,3906,Theological and Ministerial Studies.,5,Master's Degree,18.0,17.0,0,22,42880,16,PS,PS,PS,PS,PS,PS,PS,PS,PS,PS,6997,61300,40587,91229
120537.0,1252,Hope International University,"Private, nonprofit",1,3906,Theological and Ministerial Studies.,8,Graduate/Professional Certificate,1.0,0.0,PS,PS,PS,PS,PS,PS,PS,PS,PS,PS,PS,PS,PS,PS,PS,PS,PS,PS
120537.0,1252,Hope International University,"Private, nonprofit",1,3907,Pastoral Counseling and Specialized Ministries.,3,Bachelor's Degree,2.0,3.0,0,PS,PS,PS,PS,PS,PS,PS,PS,PS,PS,PS,PS,PS,1594,42915,29185,58127
120537.0,1252,Hope International University,"Private, nonprofit",1,4201,"Psychology, General.",3,Bachelor's Degree,25.0,23.0,2,17,52187,PS,PS,PS,PS,PS,PS,PS,PS,PS,PS,PS,102536,50706,35740,67229
120537.0,1252,Hope International University,"Private, nonprofit",1,4228,"Clinical, Counseling and Applied Psychology.",5,Master's Degree,70.0,74.0,8,70,66167,54,38,55510,31,73303,PS,PS,PS,PS,PS,58,22438,65184,47881,83770
120537.0,1252,Hope International University,"Private, nonprofit",1,4228,"Clinical, Counseling and Applied Psychology.",6,Doctoral Degree,,0.0,,,,,,,,,,,,,,,PS,PS,PS,PS
120537.0,1252,Hope International University,"Private, nonprofit",1,4301,Criminal Justice and Corrections.,3,Bachelor's Degree,8.0,8.0,PS,PS,PS,PS,PS,PS,PS,PS,PS,PS,PS,PS,PS,PS,PS,PS,PS,PS
120537.0,1252,Hope International University,"Private, nonprofit",1,4501,"Social Sciences, General.",3,Bachelor's Degree,4.0,9.0,0,PS,PS,PS,PS,PS,PS,PS,PS,PS,PS,PS,PS,PS,6624,53366,36590,72257
120537.0,1252,Hope International University,"Private, nonprofit",1,4506,Economics.,5,Master's Degree,0.0,0.0,PS,PS,PS,PS,PS,PS,PS,PS,PS,PS,PS,PS,PS,PS,PS,PS,PS,PS
120537.0,1252,Hope International University,"Private, nonprofit",1,5202,"Business Administration, Management and Operations.",2,Associate's Degree,1.0,1.0,PS,PS,PS,PS,PS,PS,PS,PS,PS,PS,PS,PS,PS,PS,PS,PS,PS,PS
120537.0,1252,Hope International University,"Private, nonprofit",1,5202,"Business Administration, Management and Operations.",3,Bachelor's Degree,38.0,37.0,4,38,57863,34,PS,PS,PS,PS,17,69916,20,53796,PS,28,183303,68257,47618,93584
120537.0,1252,Hope International University,"Private, nonprofit",1,5202,"Business Administration, Management and Operations.",5,Master's Degree,20.0,11.0,0,PS,PS,PS,PS,PS,PS,PS,PS,PS,PS,PS,PS,PS,122193,103485,69982,153484
120698.0,21383,Palo Alto University,"Private, nonprofit",1,4201,"Psychology, General.",3,Bachelor's Degree,16.0,16.0,PS,PS,PS,PS,PS,PS,PS,PS,PS,PS,PS,PS,PS,PS,102536,50706,35740,67229
120698.0,21383,Palo Alto University,"Private, nonprofit",1,4201,"Psychology, General.",5,Master's Degree,26.0,26.0,4,PS,PS,PS,PS,PS,PS,PS,PS,PS,PS,PS,PS,PS,5527,64711,45967,86199
120698.0,21383,Palo Alto University,"Private, nonprofit",1,4227,Research and Experimental Psychology.,3,Bachelor's Degree,,,4,39,61139,30,PS,PS,PS,PS,PS,PS,PS,PS,PS,35,7947,55695,38073,76465
120698.0,21383,Palo Alto University,"Private, nonprofit",1,4228,"Clinical, Counseling and Applied Psychology.",3,Bachelor's Degree,9.0,6.0,2,21,97580,20,PS,PS,PS,PS,PS,PS,PS,PS,PS,18,3881,50523,35237,66891
120698.0,21383,Palo Alto University,"Private, nonprofit",1,4228,"Clinical, Counseling and Applied Psychology.",5,Master's Degree,67.0,81.0,3,42,78762,35,17,79107,24,78661,PS,PS,PS,PS,PS,34,22438,65184,47881,83770
120698.0,21383,Palo Alto University,"Private, nonprofit",1,4228,"Clinical, Counseling and Applied Psychology.",6,Doctoral Degree,,91.0,5,77,108557,73,23,108720,55,109455,PS,PS,PS,PS,PS,55,5714,99878,69652,126700
120698.0,21383,Palo Alto University,"Private, nonprofit",1,4228,"Clinical, Counseling and Applied Psychology.",7,First Professional Degree,122.0,,PS,PS,PS,PS,PS,PS,PS,PS,PS,PS,PS,PS,PS,PS,PS,PS,PS,PS
120698.0,21383,Palo Alto University,"Private, nonprofit",1,5115,Mental and Social Health Services and Allied Professions.,5,Master's Degree,100.0,120.0,PS,PS,PS,PS,PS,PS,PS,PS,PS,PS,PS,PS,PS,PS,15919,59571,41812,76123
120768.0,1255,Pacific Oaks College,"Private, nonprofit",1,1303,Curriculum and Instruction.,5,Master's Degree,0.0,0.0,PS,PS,PS,PS,PS,PS,PS,PS,PS,PS,PS,PS,PS,PS,PS,PS,PS,PS
120768.0,1255,Pacific Oaks College,"Private, nonprofit",1,1312,"Teacher Education and Professional Development, Specific Levels and Methods.",3,Bachelor's Degree,61.0,32.0,1,17,50458,PS,PS,PS,PS,PS,PS,PS,PS,PS,PS,PS,50018,47382,38431,56096
120768.0,1255,Pacific Oaks College,"Private, nonprofit",1,1312,"Teacher Education and Professional Development, Specific Levels and Methods.",5,Master's Degree,99.0,85.0,4,60,59515,51,40,56343,20,63933,PS,PS,PS,PS,PS,53,30920,59916,48965,72958
120768.0,1255,Pacific Oaks College,"Private, nonprofit",1,1312,"Teacher Education and Professional Development, Specific Levels and Methods.",8,Graduate/Professional Certificate,,,PS,PS,PS,PS,PS,PS,PS,PS,PS,PS,PS,PS,PS,PS,568,63709,48452,79492
120768.0,1255,Pacific Oaks College,"Private, nonprofit",1,1399,"Education, Other.",8,Graduate/Professional Certificate,7.0,5.0,0,PS,PS,PS,PS,PS,PS,PS,PS,PS,PS,PS,PS,PS,PS,PS,PS,PS
120768.0,1255,Pacific Oaks College,"Private, nonprofit",1,1907,"Human Development, Family Studies, and Related Services.",3,Bachelor's Degree,73.0,54.0,15,157,50248,131,132,49164,27,60522,PS,PS,PS,PS,27,152,15127,48568,35149,62704
120768.0,1255,Pacific Oaks College,"Private, nonprofit",1,1907,"Human Development, Family Studies, and Related Services.",5,Master's Degree,48.0,33.0,16,113,68718,96,68,64864,45,79965,PS,PS,PS,PS,PS,100,1559,58524,44949,74359
120768.0,1255,Pacific Oaks College,"Private, nonprofit",1,4228,"Clinical, Counseling and Applied Psychology.",3,Bachelor's Degree,10.0,8.0,PS,PS,PS,PS,PS,PS,PS,PS,PS,PS,PS,PS,PS,PS,PS,PS,PS,PS
120768.0,1255,Pacific Oaks College,"Private, nonprofit",1,4228,"Clinical, Counseling and Applied Psychology.",8,Graduate/Professional Certificate,,,PS,PS,PS,PS,PS,PS,PS,PS,PS,PS,PS,PS,PS,PS,1295,65509,48198,84220
120768.0,1255,Pacific Oaks College,"Private, nonprofit",1,4407,Social Work.,3,Bachelor's Degree,1.0,5.0,,,,,,,,,,,,,,,PS,PS,PS,PS
120768.0,1255,Pacific Oaks College,"Private, nonprofit",1,4407,Social Work.,5,Master's Degree,,10.0,,,,,,,,,,,,,,,PS,PS,PS,PS
120768.0,1255,Pacific Oaks College,"Private, nonprofit",1,5115,Mental and Social Health Services and Allied Professions.,5,Master's Degree,83.0,61.0,4,77,59626,59,53,60221,25,49194,PS,PS,PS,PS,PS,74,15919,59571,41812,76123
120768.0,1255,Pacific Oaks College,"Private, nonprofit",1,5202,"Business Administration, Management and Operations.",3,Bachelor's Degree,0.0,0.0,PS,PS,PS,PS,PS,PS,PS,PS,PS,PS,PS,PS,PS,PS,PS,PS,PS,PS
120768.0,1255,Pacific Oaks College,"Private, nonprofit",1,5202,"Business Administration, Management and Operations.",5,Master's Degree,11.0,11.0,PS,PS,PS,PS,PS,PS,PS,PS,PS,PS,PS,PS,PS,PS,122193,103485,69982,153484
120865.0,1258,Pacific Union College,"Private, nonprofit",1,301,Natural Resources Conservation and Research.,3,Bachelor's Degree,1.0,0.0,0,PS,PS,PS,PS,PS,PS,PS,PS,PS,PS,PS,PS,PS,PS,PS,PS,PS
120865.0,1258,Pacific Union College,"Private, nonprofit",1,901,Communication and Media Studies.,3,Bachelor's Degree,1.0,5.0,0,PS,PS,PS,PS,PS,PS,PS,PS,PS,PS,PS,PS,PS,61357,56359,39575,76115
120865.0,1258,Pacific Union College,"Private, nonprofit",1,901,Communication and Media Studies.,99,Non-Credential Program (Preparatory Coursework/Teacher Certification),,,,,,,,,,,,,,,,,98,54768,38918,79466
120865.0,1258,Pacific Union College,"Private, nonprofit",1,904,Journalism.,3,Bachelor's Degree,,,PS,PS,PS,PS,PS,PS,PS,PS,PS,PS,PS,PS,PS,PS,13928,56278,40588,73923
120865.0,1258,Pacific Union College,"Private, nonprofit",1,907,"Radio, Television, and Digital Communication.",3,Bachelor's Degree,0.0,0.0,PS,PS,PS,PS,PS,PS,PS,PS,PS,PS,PS,PS,PS,PS,PS,PS,PS,PS
120865.0,1258,Pacific Union College,"Private, nonprofit",1,909,"Public Relations, Advertising, and Applied Communication.",3,Bachelor's Degree,3.0,5.0,2,PS,PS,PS,PS,PS,PS,PS,PS,PS,PS,PS,PS,PS,17967,63560,45857,83689
120865.0,1258,Pacific Union College,"Private, nonprofit",1,1312,"Teacher Education and Professional Development, Specific Levels and Methods.",2,Associate's Degree,0.0,0.0,0,PS,PS,PS,PS,PS,PS,PS,PS,PS,PS,PS,PS,PS,9247,37656,24793,49794
120865.0,1258,Pacific Union College,"Private, nonprofit",1,1312,"Teacher Education and Professional Development, Specific Levels and Methods.",3,Bachelor's Degree,1.0,3.0,0,PS,PS,PS,PS,PS,PS,PS,PS,PS,PS,PS,PS,PS,50018,47382,38431,56096
120865.0,1258,Pacific Union College,"Private, nonprofit",1,1312,"Teacher Education and Professional Development, Specific Levels and Methods.",5,Master's Degree,1.0,1.0,0,PS,PS,PS,PS,PS,PS,PS,PS,PS,PS,PS,PS,PS,30920,59916,48965,72958
120865.0,1258,Pacific Union College,"Private, nonprofit",1,1312,"Teacher Education and Professional Development, Specific Levels and Methods.",99,Non-Credential Program (Preparatory Coursework/Teacher Certification),,,,,,,,,,,,,,,,,709,57802,47934,73061
120865.0,1258,Pacific Union College,"Private, nonprofit",1,1313,"Teacher Education and Professional Development, Specific Subject Areas.",3,Bachelor's Degree,0.0,1.0,PS,PS,PS,PS,PS,PS,PS,PS,PS,PS,PS,PS,PS,PS,22867,51389,40539,63098
120865.0,1258,Pacific Union College,"Private, nonprofit",1,1399,"Education, Other.",5,Master's Degree,1.0,0.0,PS,PS,PS,PS,PS,PS,PS,PS,PS,PS,PS,PS,PS,PS,PS,PS,PS,PS
120865.0,1258,Pacific Union College,"Private, nonprofit",1,1401,"Engineering, General.",2,Associate's Degree,1.0,0.0,1,PS,PS,PS,PS,PS,PS,PS,PS,PS,PS,PS,PS,PS,PS,PS,PS,PS
120865.0,1258,Pacific Union College,"Private, nonprofit",1,1605,"Germanic Languages, Literatures, and Linguistics.",3,Bachelor's Degree,0.0,0.0,PS,PS,PS,PS,PS,PS,PS,PS,PS,PS,PS,PS,PS,PS,PS,PS,PS,PS
120865.0,1258,Pacific Union College,"Private, nonprofit",1,1605,"Germanic Languages, Literatures, and Linguistics.",99,Non-Credential Program (Preparatory Coursework/Teacher Certification),,,,,,,,,,,,,,,,,PS,PS,PS,PS
120865.0,1258,Pacific Union College,"Private, nonprofit",1,1609,"Romance Languages, Literatures, and Linguistics.",1,Undergraduate Certificate or Diploma,,0.0,,,,,,,,,,,,,,,PS,PS,PS,PS
120865.0,1258,Pacific Union College,"Private, nonprofit",1,1609,"Romance Languages, Literatures, and Linguistics.",3,Bachelor's Degree,6.0,3.0,1,PS,PS,PS,PS,PS,PS,PS,PS,PS,PS,PS,PS,PS,10363,55000,38411,73324
120865.0,1258,Pacific Union College,"Private, nonprofit",1,1609,"Romance Languages, Literatures, and Linguistics.",99,Non-Credential Program (Preparatory Coursework/Teacher Certification),,,,,,,,,,,,,,,,,84,61216,41884,88667
120865.0,1258,Pacific Union College,"Private, nonprofit",1,1611,"Middle/Near Eastern and Semitic Languages, Literatures, and Linguistics.",3,Bachelor's Degree,0.0,0.0,PS,PS,PS,PS,PS,PS,PS,PS,PS,PS,PS,PS,PS,PS,PS,PS,PS,PS
120865.0,1258,Pacific Union College,"Private, nonprofit",1,2200,Non-Professional Legal Studies.,99,Non-Credential Program (Preparatory Coursework/Teacher Certification),,,,,,,,,,,,,,,,,PS,PS,PS,PS
120865.0,1258,Pacific Union College,"Private, nonprofit",1,2301,"English Language and Literature, General.",3,Bachelor's Degree,2.0,4.0,0,PS,PS,PS,PS,PS,PS,PS,PS,PS,PS,PS,PS,PS,33025,48590,33654,63810
120865.0,1258,Pacific Union College,"Private, nonprofit",1,2301,"English Language and Literature, General.",99,Non-Credential Program (Preparatory Coursework/Teacher Certification),,,,,,,,,,,,,,,,,40,54758,47816,63504
120865.0,1258,Pacific Union College,"Private, nonprofit",1,2401,"Liberal Arts and Sciences, General Studies and Humanities.",2,Associate's Degree,0.0,0.0,PS,PS,PS,PS,PS,PS,PS,PS,PS,PS,PS,PS,PS,PS,PS,PS,PS,PS
120865.0,1258,Pacific Union College,"Private, nonprofit",1,2401,"Liberal Arts and Sciences, General Studies and Humanities.",3,Bachelor's Degree,0.0,0.0,PS,PS,PS,PS,PS,PS,PS,PS,PS,PS,PS,PS,PS,PS,50554,53072,35750,73322
120865.0,1258,Pacific Union College,"Private, nonprofit",1,2601,"Biology, General.",3,Bachelor's Degree,5.0,17.0,0,PS,PS,PS,PS,PS,PS,PS,PS,PS,PS,PS,PS,PS,57101,57214,38929,79199
120865.0,1258,Pacific Union College,"Private, nonprofit",1,2602,"Biochemistry, Biophysics and Molecular Biology.",3,Bachelor's Degree,3.0,4.0,2,PS,PS,PS,PS,PS,PS,PS,PS,PS,PS,PS,PS,PS,6319,65466,44889,88432
120865.0,1258,Pacific Union College,"Private, nonprofit",1,2611,"Biomathematics, Bioinformatics, and Computational Biology.",3,Bachelor's Degree,0.0,0.0,PS,PS,PS,PS,PS,PS,PS,PS,PS,PS,PS,PS,PS,PS,PS,PS,PS,PS
120865.0,1258,Pacific Union College,"Private, nonprofit",1,2612,Biotechnology.,3,Bachelor's Degree,,2.0,,,,,,,,,,,,,,,PS,PS,PS,PS
120865.0,1258,Pacific Union College,"Private, nonprofit",1,2701,Mathematics.,3,Bachelor's Degree,1.0,0.0,PS,PS,PS,PS,PS,PS,PS,PS,PS,PS,PS,PS,PS,PS,15976,69562,49058,97414
120865.0,1258,Pacific Union College,"Private, nonprofit",1,3018,Natural Sciences.,3,Bachelor's Degree,0.0,,PS,PS,PS,PS,PS,PS,PS,PS,PS,PS,PS,PS,PS,PS,PS,PS,PS,PS
120865.0,1258,Pacific Union College,"Private, nonprofit",1,3020,International/Globalization Studies.,3,Bachelor's Degree,1.0,,PS,PS,PS,PS,PS,PS,PS,PS,PS,PS,PS,PS,PS,PS,5436,59972,40760,82911
120865.0,1258,Pacific Union College,"Private, nonprofit",1,3070,Data Science.,3,Bachelor's Degree,0.0,1.0,PS,PS,PS,PS,PS,PS,PS,PS,PS,PS,PS,PS,PS,PS,PS,PS,PS,PS
120865.0,1258,Pacific Union College,"Private, nonprofit",1,3105,"Sports, Kinesiology, and Physical Education/Fitness.",2,Associate's Degree,0.0,0.0,PS,PS,PS,PS,PS,PS,PS,PS,PS,PS,PS,PS,PS,PS,PS,PS,PS,PS
120865.0,1258,Pacific Union College,"Private, nonprofit",1,3105,"Sports, Kinesiology, and Physical Education/Fitness.",3,Bachelor's Degree,6.0,3.0,1,25,67066,21,PS,PS,PS,PS,PS,PS,PS,PS,PS,21,48463,54562,39049,73020
120865.0,1258,Pacific Union College,"Private, nonprofit",1,3802,Religion/Religious Studies.,3,Bachelor's Degree,0.0,,0,PS,PS,PS,PS,PS,PS,PS,PS,PS,PS,PS,PS,PS,PS,PS,PS,PS
120865.0,1258,Pacific Union College,"Private, nonprofit",1,3802,Religion/Religious Studies.,99,Non-Credential Program (Preparatory Coursework/Teacher Certification),,,,,,,,,,,,,,,,,18,73013,42672,102326
120865.0,1258,Pacific Union College,"Private, nonprofit",1,3902,Bible/Biblical Studies.,3,Bachelor's Degree,0.0,2.0,PS,PS,PS,PS,PS,PS,PS,PS,PS,PS,PS,PS,PS,PS,2600,44533,29498,62259
120865.0,1258,Pacific Union College,"Private, nonprofit",1,3903,Missions/Missionary Studies and Missiology.,3,Bachelor's Degree,0.0,,PS,PS,PS,PS,PS,PS,PS,PS,PS,PS,PS,PS,PS,PS,PS,PS,PS,PS
120865.0,1258,Pacific Union College,"Private, nonprofit",1,3906,Theological and Ministerial Studies.,3,Bachelor's Degree,2.0,3.0,0,PS,PS,PS,PS,PS,PS,PS,PS,PS,PS,PS,PS,PS,1751,44535,30931,62472
120865.0,1258,Pacific Union College,"Private, nonprofit",1,4005,Chemistry.,3,Bachelor's Degree,2.0,0.0,0,PS,PS,PS,PS,PS,PS,PS,PS,PS,PS,PS,PS,PS,10453,65120,48307,84018
120865.0,1258,Pacific Union College,"Private, nonprofit",1,4008,Physics.,3,Bachelor's Degree,0.0,,1,PS,PS,PS,PS,PS,PS,PS,PS,PS,PS,PS,PS,PS,5602,76786,51777,102948
120865.0,1258,Pacific Union College,"Private, nonprofit",1,4201,"Psychology, General.",1,Undergraduate Certificate or Diploma,,0.0,,,,,,,,,,,,,,,PS,PS,PS,PS
120865.0,1258,Pacific Union College,"Private, nonprofit",1,4201,"Psychology, General.",3,Bachelor's Degree,5.0,7.0,0,PS,PS,PS,PS,PS,PS,PS,PS,PS,PS,PS,PS,PS,102536,50706,35740,67229
120865.0,1258,Pacific Union College,"Private, nonprofit",1,4201,"Psychology, General.",99,Non-Credential Program (Preparatory Coursework/Teacher Certification),,,,,,,,,,,,,,,,,136,59214,43032,81052
120865.0,1258,Pacific Union College,"Private, nonprofit",1,4303,Homeland Security.,3,Bachelor's Degree,0.0,0.0,PS,PS,PS,PS,PS,PS,PS,PS,PS,PS,PS,PS,PS,PS,PS,PS,PS,PS
120865.0,1258,Pacific Union College,"Private, nonprofit",1,4407,Social Work.,3,Bachelor's Degree,10.0,6.0,0,PS,PS,PS,PS,PS,PS,PS,PS,PS,PS,PS,PS,PS,28986,51790,39212,64160
120865.0,1258,Pacific Union College,"Private, nonprofit",1,4510,Political Science and Government.,3,Bachelor's Degree,1.0,2.0,0,PS,PS,PS,PS,PS,PS,PS,PS,PS,PS,PS,PS,PS,36628,63293,44760,85406
120865.0,1258,Pacific Union College,"Private, nonprofit",1,4901,Air Transportation.,2,Associate's Degree,0.0,0.0,PS,PS,PS,PS,PS,PS,PS,PS,PS,PS,PS,PS,PS,PS,PS,PS,PS,PS
120865.0,1258,Pacific Union College,"Private, nonprofit",1,4901,Air Transportation.,3,Bachelor's Degree,2.0,0.0,0,PS,PS,PS,PS,PS,PS,PS,PS,PS,PS,PS,PS,PS,4646,85825,61701,118209
120865.0,1258,Pacific Union College,"Private, nonprofit",1,5004,Design and Applied Arts.,2,Associate's Degree,0.0,0.0,PS,PS,PS,PS,PS,PS,PS,PS,PS,PS,PS,PS,PS,PS,7283,38127,22789,53862
120865.0,1258,Pacific Union College,"Private, nonprofit",1,5004,Design and Applied Arts.,3,Bachelor's Degree,2.0,4.0,1,PS,PS,PS,PS,PS,PS,PS,PS,PS,PS,PS,PS,PS,23871,51490,33006,70612
120865.0,1258,Pacific Union College,"Private, nonprofit",1,5005,Drama/Theatre Arts and Stagecraft.,2,Associate's Degree,0.0,1.0,0,PS,PS,PS,PS,PS,PS,PS,PS,PS,PS,PS,PS,PS,1039,31773,20802,44730
120865.0,1258,Pacific Union College,"Private, nonprofit",1,5006,Film/Video and Photographic Arts.,2,Associate's Degree,1.0,1.0,PS,PS,PS,PS,PS,PS,PS,PS,PS,PS,PS,PS,PS,PS,PS,PS,PS,PS
120865.0,1258,Pacific Union College,"Private, nonprofit",1,5006,Film/Video and Photographic Arts.,3,Bachelor's Degree,9.0,2.0,1,PS,PS,PS,PS,PS,PS,PS,PS,PS,PS,PS,PS,PS,12193,43765,25957,63381
120865.0,1258,Pacific Union College,"Private, nonprofit",1,5006,Film/Video and Photographic Arts.,99,Non-Credential Program (Preparatory Coursework/Teacher Certification),,,,,,,,,,,,,,,,,PS,PS,PS,PS
120865.0,1258,Pacific Union College,"Private, nonprofit",1,5007,Fine and Studio Arts.,3,Bachelor's Degree,0.0,1.0,0,PS,PS,PS,PS,PS,PS,PS,PS,PS,PS,PS,PS,PS,26935,41367,26241,56653
120865.0,1258,Pacific Union College,"Private, nonprofit",1,5007,Fine and Studio Arts.,99,Non-Credential Program (Preparatory Coursework/Teacher Certification),,,,,,,,,,,,,,,,,432,48220,31759,64347
120865.0,1258,Pacific Union College,"Private, nonprofit",1,5009,Music.,2,Associate's Degree,0.0,0.0,0,PS,PS,PS,PS,PS,PS,PS,PS,PS,PS,PS,PS,PS,1453,34056,19743,49228
120865.0,1258,Pacific Union College,"Private, nonprofit",1,5009,Music.,3,Bachelor's Degree,5.0,0.0,1,PS,PS,PS,PS,PS,PS,PS,PS,PS,PS,PS,PS,PS,14715,42892,26048,58755
120865.0,1258,Pacific Union College,"Private, nonprofit",1,5100,"Health Services/Allied Health/Health Sciences, General.",2,Associate's Degree,18.0,12.0,1,36,70762,31,PS,PS,PS,PS,19,55840,18,76606,32,29,3570,51180,35101,72128
120865.0,1258,Pacific Union College,"Private, nonprofit",1,5109,"Allied Health Diagnostic, Intervention, and Treatment Professions.",2,Associate's Degree,3.0,1.0,0,PS,PS,PS,PS,PS,PS,PS,PS,PS,PS,PS,PS,PS,33769,65389,46431,84999
120865.0,1258,Pacific Union College,"Private, nonprofit",1,5109,"Allied Health Diagnostic, Intervention, and Treatment Professions.",3,Bachelor's Degree,3.0,2.0,0,PS,PS,PS,PS,PS,PS,PS,PS,PS,PS,PS,PS,PS,14015,70786,50919,95942
120865.0,1258,Pacific Union College,"Private, nonprofit",1,5111,Health/Medical Preparatory Programs.,2,Associate's Degree,,,0,PS,PS,PS,PS,PS,PS,PS,PS,PS,PS,PS,PS,PS,1989,51711,32526,78980
120865.0,1258,Pacific Union College,"Private, nonprofit",1,5111,Health/Medical Preparatory Programs.,99,Non-Credential Program (Preparatory Coursework/Teacher Certification),,,,,,,,,,,,,,,,,101,81700,48943,100996
120865.0,1258,Pacific Union College,"Private, nonprofit",1,5122,Public Health.,3,Bachelor's Degree,0.0,0.0,PS,PS,PS,PS,PS,PS,PS,PS,PS,PS,PS,PS,PS,PS,PS,PS,PS,PS
120865.0,1258,Pacific Union College,"Private, nonprofit",1,5138,"Registered Nursing, Nursing Administration, Nursing Research and Clinical Nursing.",2,Associate's Degree,80.0,80.0,0,25,122016,24,PS,PS,PS,PS,PS,PS,PS,PS,PS,21,88194,80813,61109,103839
120865.0,1258,Pacific Union College,"Private, nonprofit",1,5138,"Registered Nursing, Nursing Administration, Nursing Research and Clinical Nursing.",3,Bachelor's Degree,36.0,41.0,1,27,139771,26,PS,PS,PS,PS,PS,PS,PS,PS,PS,26,177924,88910,67853,114470
120865.0,1258,Pacific Union College,"Private, nonprofit",1,5138,"Registered Nursing, Nursing Administration, Nursing Research and Clinical Nursing.",5,Master's Degree,,0.0,,,,,,,,,,,,,,,PS,PS,PS,PS
120865.0,1258,Pacific Union College,"Private, nonprofit",1,5201,"Business/Commerce, General.",2,Associate's Degree,0.0,0.0,PS,PS,PS,PS,PS,PS,PS,PS,PS,PS,PS,PS,PS,PS,PS,PS,PS,PS
120865.0,1258,Pacific Union College,"Private, nonprofit",1,5201,"Business/Commerce, General.",3,Bachelor's Degree,12.0,12.0,2,21,62136,17,PS,PS,PS,PS,PS,PS,PS,PS,PS,16,27865,68407,48204,94571
120865.0,1258,Pacific Union College,"Private, nonprofit",1,5201,"Business/Commerce, General.",5,Master's Degree,,0.0,,,,,,,,,,,,,,,PS,PS,PS,PS
120865.0,1258,Pacific Union College,"Private, nonprofit",1,5201,"Business/Commerce, General.",99,Non-Credential Program (Preparatory Coursework/Teacher Certification),,,,,,,,,,,,,,,,,177,60047,39395,83270
120865.0,1258,Pacific Union College,"Private, nonprofit",1,5212,Management Information Systems and Services.,3,Bachelor's Degree,0.0,0.0,PS,PS,PS,PS,PS,PS,PS,PS,PS,PS,PS,PS,PS,PS,PS,PS,PS,PS
120865.0,1258,Pacific Union College,"Private, nonprofit",1,5401,History.,3,Bachelor's Degree,0.0,2.0,0,PS,PS,PS,PS,PS,PS,PS,PS,PS,PS,PS,PS,PS,23671,50680,36330,66736
120883.0,1329,University of the Pacific,"Private, nonprofit",1,301,Natural Resources Conservation and Research.,3,Bachelor's Degree,0.0,2.0,0,PS,PS,PS,PS,PS,PS,PS,PS,PS,PS,PS,PS,PS,15907,55012,39435,72794
120883.0,1329,University of the Pacific,"Private, nonprofit",1,501,Area Studies.,3,Bachelor's Degree,0.0,0.0,2,PS,PS,PS,PS,PS,PS,PS,PS,PS,PS,PS,PS,PS,3737,56625,37190,78481
120883.0,1329,University of the Pacific,"Private, nonprofit",1,901,Communication and Media Studies.,3,Bachelor's Degree,16.0,10.0,3,35,61580,31,PS,PS,PS,PS,PS,PS,PS,PS,PS,31,61357,56359,39575,76115
120883.0,1329,University of the Pacific,"Private, nonprofit",1,901,Communication and Media Studies.,5,Master's Degree,15.0,5.0,0,PS,PS,PS,PS,PS,PS,PS,PS,PS,PS,PS,PS,PS,4101,71953,51074,99548
120883.0,1329,University of the Pacific,"Private, nonprofit",1,907,"Radio, Television, and Digital Communication.",3,Bachelor's Degree,11.0,35.0,PS,PS,PS,PS,PS,PS,PS,PS,PS,PS,PS,PS,PS,PS,PS,PS,PS,PS
120883.0,1329,University of the Pacific,"Private, nonprofit",1,1107,Computer Science.,3,Bachelor's Degree,68.0,65.0,3,40,96655,36,24,88682,16,123626,PS,PS,PS,PS,PS,35,28067,107009,74830,152038
120883.0,1329,University of the Pacific,"Private, nonprofit",1,1107,Computer Science.,5,Master's Degree,5.0,13.0,,,,,,,,,,,,,,,PS,PS,PS,PS
120883.0,1329,University of the Pacific,"Private, nonprofit",1,1110,Computer/Information Technology Administration and Management.,5,Master's Degree,0.0,0.0,PS,PS,PS,PS,PS,PS,PS,PS,PS,PS,PS,PS,PS,PS,PS,PS,PS,PS
120883.0,1329,University of the Pacific,"Private, nonprofit",1,1301,"Education, General.",5,Master's Degree,0.0,0.0,PS,PS,PS,PS,PS,PS,PS,PS,PS,PS,PS,PS,PS,PS,22487,65824,52724,82084
120883.0,1329,University of the Pacific,"Private, nonprofit",1,1301,"Education, General.",6,Doctoral Degree,0.0,1.0,PS,PS,PS,PS,PS,PS,PS,PS,PS,PS,PS,PS,PS,PS,PS,PS,PS,PS
120883.0,1329,University of the Pacific,"Private, nonprofit",1,1303,Curriculum and Instruction.,5,Master's Degree,34.0,62.0,1,93,69358,91,58,68022,35,72278,18,69337,75,69310,PS,84,18183,63399,51716,78118
120883.0,1329,University of the Pacific,"Private, nonprofit",1,1303,Curriculum and Instruction.,6,Doctoral Degree,4.0,0.0,0,PS,PS,PS,PS,PS,PS,PS,PS,PS,PS,PS,PS,PS,1591,83031,66971,102600
120883.0,1329,University of the Pacific,"Private, nonprofit",1,1304,Educational Administration and Supervision.,5,Master's Degree,15.0,10.0,0,PS,PS,PS,PS,PS,PS,PS,PS,PS,PS,PS,PS,PS,32412,71685,57739,90151
120883.0,1329,University of the Pacific,"Private, nonprofit",1,1304,Educational Administration and Supervision.,6,Doctoral Degree,16.0,14.0,1,PS,PS,PS,PS,PS,PS,PS,PS,PS,PS,PS,PS,PS,7878,100573,76116,135360
120883.0,1329,University of the Pacific,"Private, nonprofit",1,1304,Educational Administration and Supervision.,8,Graduate/Professional Certificate,,6.0,,,,,,,,,,,,,,,PS,PS,PS,PS
120883.0,1329,University of the Pacific,"Private, nonprofit",1,1309,Social and Philosophical Foundations of Education.,6,Doctoral Degree,,6.0,,,,,,,,,,,,,,,PS,PS,PS,PS
120883.0,1329,University of the Pacific,"Private, nonprofit",1,1310,Special Education and Teaching.,5,Master's Degree,0.0,0.0,0,PS,PS,PS,PS,PS,PS,PS,PS,PS,PS,PS,PS,PS,PS,PS,PS,PS
120883.0,1329,University of the Pacific,"Private, nonprofit",1,1312,"Teacher Education and Professional Development, Specific Levels and Methods.",3,Bachelor's Degree,13.0,19.0,3,37,55674,31,PS,PS,PS,PS,PS,PS,PS,PS,PS,36,50018,47382,38431,56096
120883.0,1329,University of the Pacific,"Private, nonprofit",1,1312,"Teacher Education and Professional Development, Specific Levels and Methods.",99,Non-Credential Program (Preparatory Coursework/Teacher Certification),,,,,,,,,,,,,,,,,709,57802,47934,73061
120883.0,1329,University of the Pacific,"Private, nonprofit",1,1313,"Teacher Education and Professional Development, Specific Subject Areas.",3,Bachelor's Degree,11.0,13.0,0,PS,PS,PS,PS,PS,PS,PS,PS,PS,PS,PS,PS,PS,22867,51389,40539,63098
120883.0,1329,University of the Pacific,"Private, nonprofit",1,1313,"Teacher Education and Professional Development, Specific Subject Areas.",5,Master's Degree,2.0,2.0,0,PS,PS,PS,PS,PS,PS,PS,PS,PS,PS,PS,PS,PS,19074,63707,51487,78905
120883.0,1329,University of the Pacific,"Private, nonprofit",1,1401,"Engineering, General.",3,Bachelor's Degree,,,2,21,109111,21,PS,PS,PS,PS,PS,PS,PS,PS,PS,16,3262,89359,73449,108835
120883.0,1329,University of the Pacific,"Private, nonprofit",1,1401,"Engineering, General.",5,Master's Degree,32.0,25.0,0,27,137805,25,PS,PS,PS,PS,PS,PS,PS,PS,PS,25,1455,120215,97333,152041
120883.0,1329,University of the Pacific,"Private, nonprofit",1,1405,Biomedical/Medical Engineering.,3,Bachelor's Degree,17.0,15.0,1,PS,PS,PS,PS,PS,PS,PS,PS,PS,PS,PS,PS,PS,5726,93451,74134,113859
120883.0,1329,University of the Pacific,"Private, nonprofit",1,1408,Civil Engineering.,3,Bachelor's Degree,9.0,14.0,1,32,103144,31,PS,PS,PS,PS,PS,PS,PS,PS,PS,31,15798,86517,73883,101174
120883.0,1329,University of the Pacific,"Private, nonprofit",1,1409,Computer Engineering.,3,Bachelor's Degree,16.0,13.0,0,20,135717,19,PS,PS,PS,PS,PS,PS,PS,PS,PS,16,10329,109015,86299,145170
120883.0,1329,University of the Pacific,"Private, nonprofit",1,1410,"Electrical, Electronics, and Communications Engineering.",3,Bachelor's Degree,12.0,10.0,0,PS,PS,PS,PS,PS,PS,PS,PS,PS,PS,PS,PS,PS,16532,100647,84635,122440
120883.0,1329,University of the Pacific,"Private, nonprofit",1,1410,"Electrical, Electronics, and Communications Engineering.",5,Master's Degree,,,,,,,,,,,,,,,,,3090,133654,107420,171817
120883.0,1329,University of the Pacific,"Private, nonprofit",1,1412,Engineering Physics.,3,Bachelor's Degree,3.0,2.0,0,PS,PS,PS,PS,PS,PS,PS,PS,PS,PS,PS,PS,PS,571,89154,69182,111349
120883.0,1329,University of the Pacific,"Private, nonprofit",1,1419,Mechanical Engineering.,3,Bachelor's Degree,17.0,23.0,1,29,105548,29,PS,PS,PS,PS,PS,PS,PS,PS,PS,22,36057,92135,77715,109121
120883.0,1329,University of the Pacific,"Private, nonprofit",1,1515,Engineering-Related Fields.,3,Bachelor's Degree,4.0,12.0,1,17,108953,17,PS,PS,PS,PS,PS,PS,PS,PS,PS,16,1839,89619,71039,110158
120883.0,1329,University of the Pacific,"Private, nonprofit",1,1603,"East Asian Languages, Literatures, and Linguistics.",3,Bachelor's Degree,4.0,1.0,0,PS,PS,PS,PS,PS,PS,PS,PS,PS,PS,PS,PS,PS,1249,51642,32068,74398
120883.0,1329,University of the Pacific,"Private, nonprofit",1,1609,"Romance Languages, Literatures, and Linguistics.",3,Bachelor's Degree,9.0,4.0,2,30,61006,26,PS,PS,PS,PS,PS,PS,PS,PS,PS,28,10363,55000,38411,73324
120883.0,1329,University of the Pacific,"Private, nonprofit",1,1905,"Foods, Nutrition, and Related Services.",5,Master's Degree,0.0,0.0,PS,PS,PS,PS,PS,PS,PS,PS,PS,PS,PS,PS,PS,PS,1032,66523,51097,82211
120883.0,1329,University of the Pacific,"Private, nonprofit",1,2201,Law.,7,First Professional Degree,152.0,172.0,16,289,103883,273,96,96371,193,105896,131,105387,157,102762,PS,262,40183,107773,75568,176111
120883.0,1329,University of the Pacific,"Private, nonprofit",1,2202,Legal Research and Advanced Professional Studies.,5,Master's Degree,17.0,20.0,PS,PS,PS,PS,PS,PS,PS,PS,PS,PS,PS,PS,PS,PS,2905,101000,62617,153946
120883.0,1329,University of the Pacific,"Private, nonprofit",1,2202,Legal Research and Advanced Professional Studies.,7,First Professional Degree,0.0,0.0,0,PS,PS,PS,PS,PS,PS,PS,PS,PS,PS,PS,PS,PS,PS,PS,PS,PS
120883.0,1329,University of the Pacific,"Private, nonprofit",1,2301,"English Language and Literature, General.",3,Bachelor's Degree,14.0,7.0,1,22,56973,16,PS,PS,PS,PS,PS,PS,PS,PS,PS,16,33025,48590,33654,63810
120883.0,1329,University of the Pacific,"Private, nonprofit",1,2401,"Liberal Arts and Sciences, General Studies and Humanities.",3,Bachelor's Degree,2.0,0.0,0,PS,PS,PS,PS,PS,PS,PS,PS,PS,PS,PS,PS,PS,50554,53072,35750,73322
120883.0,1329,University of the Pacific,"Private, nonprofit",1,2601,"Biology, General.",3,Bachelor's Degree,138.0,130.0,3,92,101618,85,36,88397,57,104615,37,99958,55,101708,64,69,57101,57214,38929,79199
120883.0,1329,University of the Pacific,"Private, nonprofit",1,2601,"Biology, General.",5,Master's Degree,6.0,3.0,0,PS,PS,PS,PS,PS,PS,PS,PS,PS,PS,PS,PS,PS,3962,69830,50928,96355
120883.0,1329,University of the Pacific,"Private, nonprofit",1,2602,"Biochemistry, Biophysics and Molecular Biology.",3,Bachelor's Degree,26.0,23.0,0,20,66272,17,PS,PS,PS,PS,PS,PS,PS,PS,PS,18,6319,65466,44889,88432
120883.0,1329,University of the Pacific,"Private, nonprofit",1,2701,Mathematics.,3,Bachelor's Degree,4.0,4.0,0,PS,PS,PS,PS,PS,PS,PS,PS,PS,PS,PS,PS,PS,15976,69562,49058,97414
120883.0,1329,University of the Pacific,"Private, nonprofit",1,2703,Applied Mathematics.,3,Bachelor's Degree,6.0,9.0,0,PS,PS,PS,PS,PS,PS,PS,PS,PS,PS,PS,PS,PS,2680,91532,63368,127252
120883.0,1329,University of the Pacific,"Private, nonprofit",1,2703,Applied Mathematics.,5,Master's Degree,,10.0,,,,,,,,,,,,,,,PS,PS,PS,PS
120883.0,1329,University of the Pacific,"Private, nonprofit",1,3001,Biological and Physical Sciences.,3,Bachelor's Degree,0.0,0.0,0,PS,PS,PS,PS,PS,PS,PS,PS,PS,PS,PS,PS,PS,PS,PS,PS,PS
120883.0,1329,University of the Pacific,"Private, nonprofit",1,3020,International/Globalization Studies.,3,Bachelor's Degree,5.0,4.0,PS,PS,PS,PS,PS,PS,PS,PS,PS,PS,PS,PS,PS,PS,PS,PS,PS,PS
120883.0,1329,University of the Pacific,"Private, nonprofit",1,3030,Computational Science.,5,Master's Degree,0.0,0.0,PS,PS,PS,PS,PS,PS,PS,PS,PS,PS,PS,PS,PS,PS,238,138757,100810,193377
120883.0,1329,University of the Pacific,"Private, nonprofit",1,3041,Environmental Geosciences.,3,Bachelor's Degree,2.0,4.0,PS,PS,PS,PS,PS,PS,PS,PS,PS,PS,PS,PS,PS,PS,PS,PS,PS,PS
120883.0,1329,University of the Pacific,"Private, nonprofit",1,3070,Data Science.,5,Master's Degree,31.0,31.0,PS,PS,PS,PS,PS,PS,PS,PS,PS,PS,PS,PS,PS,PS,PS,PS,PS,PS
120883.0,1329,University of the Pacific,"Private, nonprofit",1,3071,Data Analytics.,5,Master's Degree,,22.0,,,,,,,,,,,,,,,PS,PS,PS,PS
120883.0,1329,University of the Pacific,"Private, nonprofit",1,3099,"Multi/Interdisciplinary Studies, Other.",3,Bachelor's Degree,81.0,92.0,1,87,182091,87,46,175523,41,185374,18,183861,68,181554,59,82,27598,55693,40311,72165
120883.0,1329,University of the Pacific,"Private, nonprofit",1,3105,"Sports, Kinesiology, and Physical Education/Fitness.",3,Bachelor's Degree,55.0,49.0,2,21,72395,20,PS,PS,PS,PS,PS,PS,PS,PS,PS,19,48463,54562,39049,73020
120883.0,1329,University of the Pacific,"Private, nonprofit",1,3105,"Sports, Kinesiology, and Physical Education/Fitness.",5,Master's Degree,12.0,15.0,0,PS,PS,PS,PS,PS,PS,PS,PS,PS,PS,PS,PS,PS,9292,62033,47943,80968
120883.0,1329,University of the Pacific,"Private, nonprofit",1,3801,Philosophy.,3,Bachelor's Degree,8.0,3.0,0,PS,PS,PS,PS,PS,PS,PS,PS,PS,PS,PS,PS,PS,6085,54455,34926,78043
120883.0,1329,University of the Pacific,"Private, nonprofit",1,3802,Religion/Religious Studies.,3,Bachelor's Degree,0.0,0.0,0,PS,PS,PS,PS,PS,PS,PS,PS,PS,PS,PS,PS,PS,5310,41390,20518,65165
120883.0,1329,University of the Pacific,"Private, nonprofit",1,4005,Chemistry.,3,Bachelor's Degree,5.0,4.0,0,PS,PS,PS,PS,PS,PS,PS,PS,PS,PS,PS,PS,PS,10453,65120,48307,84018
120883.0,1329,University of the Pacific,"Private, nonprofit",1,4006,Geological and Earth Sciences/Geosciences.,3,Bachelor's Degree,2.0,3.0,0,PS,PS,PS,PS,PS,PS,PS,PS,PS,PS,PS,PS,PS,6193,60190,44343,77573
120883.0,1329,University of the Pacific,"Private, nonprofit",1,4008,Physics.,3,Bachelor's Degree,0.0,4.0,PS,PS,PS,PS,PS,PS,PS,PS,PS,PS,PS,PS,PS,PS,5602,76786,51777,102948
120883.0,1329,University of the Pacific,"Private, nonprofit",1,4201,"Psychology, General.",3,Bachelor's Degree,44.0,51.0,1,29,65588,24,PS,PS,PS,PS,PS,PS,PS,PS,PS,28,102536,50706,35740,67229
120883.0,1329,University of the Pacific,"Private, nonprofit",1,4201,"Psychology, General.",5,Master's Degree,5.0,2.0,0,PS,PS,PS,PS,PS,PS,PS,PS,PS,PS,PS,PS,PS,5527,64711,45967,86199
120883.0,1329,University of the Pacific,"Private, nonprofit",1,4228,"Clinical, Counseling and Applied Psychology.",5,Master's Degree,22.0,26.0,0,PS,PS,PS,PS,PS,PS,PS,PS,PS,PS,PS,PS,PS,22438,65184,47881,83770
120883.0,1329,University of the Pacific,"Private, nonprofit",1,4228,"Clinical, Counseling and Applied Psychology.",6,Doctoral Degree,6.0,2.0,0,PS,PS,PS,PS,PS,PS,PS,PS,PS,PS,PS,PS,PS,5714,99878,69652,126700
120883.0,1329,University of the Pacific,"Private, nonprofit",1,4404,Public Administration.,5,Master's Degree,25.0,13.0,PS,PS,PS,PS,PS,PS,PS,PS,PS,PS,PS,PS,PS,PS,13451,81408,60052,109056
120883.0,1329,University of the Pacific,"Private, nonprofit",1,4405,Public Policy Analysis.,5,Master's Degree,3.0,5.0,PS,PS,PS,PS,PS,PS,PS,PS,PS,PS,PS,PS,PS,PS,2714,93020,70186,121540
120883.0,1329,University of the Pacific,"Private, nonprofit",1,4501,"Social Sciences, General.",3,Bachelor's Degree,1.0,1.0,0,PS,PS,PS,PS,PS,PS,PS,PS,PS,PS,PS,PS,PS,6624,53366,36590,72257
120883.0,1329,University of the Pacific,"Private, nonprofit",1,4506,Economics.,3,Bachelor's Degree,7.0,8.0,2,19,80142,18,PS,PS,PS,PS,PS,PS,PS,PS,PS,16,28744,82686,58184,116323
120883.0,1329,University of the Pacific,"Private, nonprofit",1,4509,International Relations and National Security Studies.,3,Bachelor's Degree,2.0,0.0,PS,PS,PS,PS,PS,PS,PS,PS,PS,PS,PS,PS,PS,PS,PS,PS,PS,PS
120883.0,1329,University of the Pacific,"Private, nonprofit",1,4509,International Relations and National Security Studies.,5,Master's Degree,0.0,0.0,2,PS,PS,PS,PS,PS,PS,PS,PS,PS,PS,PS,PS,PS,4177,95627,68941,122748
120883.0,1329,University of the Pacific,"Private, nonprofit",1,4510,Political Science and Government.,3,Bachelor's Degree,16.0,15.0,1,PS,PS,PS,PS,PS,PS,PS,PS,PS,PS,PS,PS,PS,36628,63293,44760,85406
120883.0,1329,University of the Pacific,"Private, nonprofit",1,4511,Sociology.,3,Bachelor's Degree,14.0,12.0,0,16,57798,PS,PS,PS,PS,PS,PS,PS,PS,PS,PS,16,31848,52657,37665,69502
120883.0,1329,University of the Pacific,"Private, nonprofit",1,5004,Design and Applied Arts.,3,Bachelor's Degree,6.0,6.0,0,PS,PS,PS,PS,PS,PS,PS,PS,PS,PS,PS,PS,PS,23871,51490,33006,70612
120883.0,1329,University of the Pacific,"Private, nonprofit",1,5005,Drama/Theatre Arts and Stagecraft.,3,Bachelor's Degree,0.0,0.0,0,PS,PS,PS,PS,PS,PS,PS,PS,PS,PS,PS,PS,PS,14066,39775,25491,55399
120883.0,1329,University of the Pacific,"Private, nonprofit",1,5006,Film/Video and Photographic Arts.,3,Bachelor's Degree,0.0,0.0,0,PS,PS,PS,PS,PS,PS,PS,PS,PS,PS,PS,PS,PS,12193,43765,25957,63381
120883.0,1329,University of the Pacific,"Private, nonprofit",1,5007,Fine and Studio Arts.,3,Bachelor's Degree,3.0,3.0,1,PS,PS,PS,PS,PS,PS,PS,PS,PS,PS,PS,PS,PS,26935,41367,26241,56653
120883.0,1329,University of the Pacific,"Private, nonprofit",1,5009,Music.,3,Bachelor's Degree,13.0,22.0,1,PS,PS,PS,PS,PS,PS,PS,PS,PS,PS,PS,PS,PS,14715,42892,26048,58755
120883.0,1329,University of the Pacific,"Private, nonprofit",1,5010,"Arts, Entertainment, and Media Management.",3,Bachelor's Degree,11.0,10.0,0,PS,PS,PS,PS,PS,PS,PS,PS,PS,PS,PS,PS,PS,3476,48240,31627,64853
120883.0,1329,University of the Pacific,"Private, nonprofit",1,5100,"Health Services/Allied Health/Health Sciences, General.",6,Doctoral Degree,,0.0,,,,,,,,,,,,,,,PS,PS,PS,PS
120883.0,1329,University of the Pacific,"Private, nonprofit",1,5102,Communication Disorders Sciences and Services.,3,Bachelor's Degree,17.0,16.0,0,31,75549,30,PS,PS,PS,PS,PS,PS,PS,PS,22,29,11257,58928,44993,73005
120883.0,1329,University of the Pacific,"Private, nonprofit",1,5102,Communication Disorders Sciences and Services.,5,Master's Degree,30.0,34.0,3,36,85285,33,PS,PS,PS,PS,PS,PS,PS,PS,PS,31,11787,67030,53057,82358
120883.0,1329,University of the Pacific,"Private, nonprofit",1,5102,Communication Disorders Sciences and Services.,6,Doctoral Degree,16.0,19.0,PS,PS,PS,PS,PS,PS,PS,PS,PS,PS,PS,PS,PS,PS,PS,PS,PS,PS
120883.0,1329,University of the Pacific,"Private, nonprofit",1,5102,Communication Disorders Sciences and Services.,7,First Professional Degree,,,PS,PS,PS,PS,PS,PS,PS,PS,PS,PS,PS,PS,PS,PS,292,85242,70605,101716
120883.0,1329,University of the Pacific,"Private, nonprofit",1,5104,Dentistry.,5,Master's Degree,,,PS,PS,PS,PS,PS,PS,PS,PS,PS,PS,PS,PS,PS,PS,48,327492,175823,443362
120883.0,1329,University of the Pacific,"Private, nonprofit",1,5104,Dentistry.,7,First Professional Degree,168.0,166.0,9,241,150878,230,80,158655,161,146321,127,163123,114,133139,21,155,7817,170812,110187,239976
120883.0,1329,University of the Pacific,"Private, nonprofit",1,5105,Advanced/Graduate Dentistry and Oral Sciences.,5,Master's Degree,11.0,11.0,PS,PS,PS,PS,PS,PS,PS,PS,PS,PS,PS,PS,PS,PS,661,235700,145128,346917
120883.0,1329,University of the Pacific,"Private, nonprofit",1,5106,Dental Support Services and Allied Professions.,3,Bachelor's Degree,25.0,27.0,1,PS,PS,PS,PS,PS,PS,PS,PS,PS,PS,PS,PS,PS,3416,68061,51213,83379
120883.0,1329,University of the Pacific,"Private, nonprofit",1,5109,"Allied Health Diagnostic, Intervention, and Treatment Professions.",3,Bachelor's Degree,0.0,0.0,0,PS,PS,PS,PS,PS,PS,PS,PS,PS,PS,PS,PS,PS,14015,70786,50919,95942
120883.0,1329,University of the Pacific,"Private, nonprofit",1,5109,"Allied Health Diagnostic, Intervention, and Treatment Professions.",5,Master's Degree,56.0,47.0,PS,PS,PS,PS,PS,PS,PS,PS,PS,PS,PS,PS,PS,PS,15912,127347,103242,152756
120883.0,1329,University of the Pacific,"Private, nonprofit",1,5111,Health/Medical Preparatory Programs.,3,Bachelor's Degree,,,1,PS,PS,PS,PS,PS,PS,PS,PS,PS,PS,PS,PS,PS,3000,61911,42679,83434
120883.0,1329,University of the Pacific,"Private, nonprofit",1,5115,Mental and Social Health Services and Allied Professions.,5,Master's Degree,16.0,25.0,,,,,,,,,,,,,,,PS,PS,PS,PS
120883.0,1329,University of the Pacific,"Private, nonprofit",1,5120,"Pharmacy, Pharmaceutical Sciences, and Administration.",5,Master's Degree,8.0,3.0,0,PS,PS,PS,PS,PS,PS,PS,PS,PS,PS,PS,PS,PS,889,129214,87956,170566
120883.0,1329,University of the Pacific,"Private, nonprofit",1,5120,"Pharmacy, Pharmaceutical Sciences, and Administration.",6,Doctoral Degree,8.0,6.0,0,PS,PS,PS,PS,PS,PS,PS,PS,PS,PS,PS,PS,PS,6161,136696,117606,156076
120883.0,1329,University of the Pacific,"Private, nonprofit",1,5120,"Pharmacy, Pharmaceutical Sciences, and Administration.",7,First Professional Degree,190.0,160.0,4,277,173847,267,124,179049,152,169879,89,182098,187,167498,PS,263,15557,138348,120409,158074
120883.0,1329,University of the Pacific,"Private, nonprofit",1,5122,Public Health.,3,Bachelor's Degree,1.0,5.0,,,,,,,,,,,,,,,PS,PS,PS,PS
120883.0,1329,University of the Pacific,"Private, nonprofit",1,5123,Rehabilitation and Therapeutic Professions.,3,Bachelor's Degree,13.0,14.0,1,PS,PS,PS,PS,PS,PS,PS,PS,PS,PS,PS,PS,PS,5008,55792,40044,73848
120883.0,1329,University of the Pacific,"Private, nonprofit",1,5123,Rehabilitation and Therapeutic Professions.,5,Master's Degree,5.0,10.0,PS,PS,PS,PS,PS,PS,PS,PS,PS,PS,PS,PS,PS,PS,13189,71416,53551,86212
120883.0,1329,University of the Pacific,"Private, nonprofit",1,5123,Rehabilitation and Therapeutic Professions.,6,Doctoral Degree,32.0,33.0,PS,PS,PS,PS,PS,PS,PS,PS,PS,PS,PS,PS,PS,PS,PS,PS,PS,PS
120883.0,1329,University of the Pacific,"Private, nonprofit",1,5123,Rehabilitation and Therapeutic Professions.,7,First Professional Degree,,,PS,PS,PS,PS,PS,PS,PS,PS,PS,PS,PS,PS,PS,PS,5234,81641,67036,93971
120883.0,1329,University of the Pacific,"Private, nonprofit",1,5131,Dietetics and Clinical Nutrition Services.,5,Master's Degree,6.0,10.0,,,,,,,,,,,,,,,PS,PS,PS,PS
120883.0,1329,University of the Pacific,"Private, nonprofit",1,5202,"Business Administration, Management and Operations.",3,Bachelor's Degree,98.0,99.0,10,146,84621,128,107,84456,40,86468,75,88075,72,79651,PS,127,183303,68257,47618,93584
120883.0,1329,University of the Pacific,"Private, nonprofit",1,5202,"Business Administration, Management and Operations.",5,Master's Degree,3.0,0.0,0,16,125793,16,PS,PS,PS,PS,PS,PS,PS,PS,PS,PS,122193,103485,69982,153484
120883.0,1329,University of the Pacific,"Private, nonprofit",1,5203,Accounting and Related Services.,3,Bachelor's Degree,10.0,15.0,PS,PS,PS,PS,PS,PS,PS,PS,PS,PS,PS,PS,PS,PS,PS,PS,PS,PS
120883.0,1329,University of the Pacific,"Private, nonprofit",1,5203,Accounting and Related Services.,5,Master's Degree,15.0,17.0,PS,PS,PS,PS,PS,PS,PS,PS,PS,PS,PS,PS,PS,PS,PS,PS,PS,PS
120883.0,1329,University of the Pacific,"Private, nonprofit",1,5210,Human Resources Management and Services.,3,Bachelor's Degree,16.0,8.0,0,PS,PS,PS,PS,PS,PS,PS,PS,PS,PS,PS,PS,PS,13480,68069,50156,90619
120883.0,1329,University of the Pacific,"Private, nonprofit",1,5213,Management Sciences and Quantitative Methods.,3,Bachelor's Degree,8.0,8.0,PS,PS,PS,PS,PS,PS,PS,PS,PS,PS,PS,PS,PS,PS,PS,PS,PS,PS
120883.0,1329,University of the Pacific,"Private, nonprofit",1,5213,Management Sciences and Quantitative Methods.,5,Master's Degree,5.0,0.0,PS,PS,PS,PS,PS,PS,PS,PS,PS,PS,PS,PS,PS,PS,PS,PS,PS,PS
120883.0,1329,University of the Pacific,"Private, nonprofit",1,5401,History.,3,Bachelor's Degree,6.0,5.0,2,PS,PS,PS,PS,PS,PS,PS,PS,PS,PS,PS,PS,PS,23671,50680,36330,66736
121150.0,10149,Pepperdine University,"Private, nonprofit",1,501,Area Studies.,3,Bachelor's Degree,3.0,0.0,0,PS,PS,PS,PS,PS,PS,PS,PS,PS,PS,PS,PS,PS,3737,56625,37190,78481
121150.0,10149,Pepperdine University,"Private, nonprofit",1,501,Area Studies.,5,Master's Degree,4.0,1.0,0,PS,PS,PS,PS,PS,PS,PS,PS,PS,PS,PS,PS,PS,720,68936,45626,99104
121150.0,10149,Pepperdine University,"Private, nonprofit",1,502,"Ethnic, Cultural Minority, Gender, and Group Studies.",3,Bachelor's Degree,5.0,2.0,1,PS,PS,PS,PS,PS,PS,PS,PS,PS,PS,PS,PS,PS,5420,51710,34946,68128
121150.0,10149,Pepperdine University,"Private, nonprofit",1,901,Communication and Media Studies.,3,Bachelor's Degree,12.0,17.0,0,17,66858,16,PS,PS,PS,PS,PS,PS,PS,PS,PS,PS,61357,56359,39575,76115
121150.0,10149,Pepperdine University,"Private, nonprofit",1,901,Communication and Media Studies.,5,Master's Degree,1.0,1.0,0,PS,PS,PS,PS,PS,PS,PS,PS,PS,PS,PS,PS,PS,4101,71953,51074,99548
121150.0,10149,Pepperdine University,"Private, nonprofit",1,904,Journalism.,3,Bachelor's Degree,10.0,13.0,1,PS,PS,PS,PS,PS,PS,PS,PS,PS,PS,PS,PS,PS,13928,56278,40588,73923
121150.0,10149,Pepperdine University,"Private, nonprofit",1,907,"Radio, Television, and Digital Communication.",3,Bachelor's Degree,6.0,3.0,1,19,59382,16,PS,PS,PS,PS,PS,PS,PS,PS,PS,PS,11821,50497,33717,70128
121150.0,10149,Pepperdine University,"Private, nonprofit",1,907,"Radio, Television, and Digital Communication.",5,Master's Degree,0.0,0.0,0,PS,PS,PS,PS,PS,PS,PS,PS,PS,PS,PS,PS,PS,1207,75972,53409,104151
121150.0,10149,Pepperdine University,"Private, nonprofit",1,909,"Public Relations, Advertising, and Applied Communication.",3,Bachelor's Degree,127.0,85.0,3,114,75482,96,58,78396,56,73101,22,68273,92,77412,PS,80,17967,63560,45857,83689
121150.0,10149,Pepperdine University,"Private, nonprofit",1,1110,Computer/Information Technology Administration and Management.,3,Bachelor's Degree,,,0,PS,PS,PS,PS,PS,PS,PS,PS,PS,PS,PS,PS,PS,6503,85063,59326,117649
121150.0,10149,Pepperdine University,"Private, nonprofit",1,1301,"Education, General.",5,Master's Degree,1.0,0.0,1,16,77384,16,PS,PS,PS,PS,PS,PS,PS,PS,PS,PS,22487,65824,52724,82084
121150.0,10149,Pepperdine University,"Private, nonprofit",1,1304,Educational Administration and Supervision.,5,Master's Degree,52.0,54.0,3,19,71248,PS,PS,PS,PS,PS,PS,PS,PS,PS,PS,PS,32412,71685,57739,90151
121150.0,10149,Pepperdine University,"Private, nonprofit",1,1304,Educational Administration and Supervision.,6,Doctoral Degree,57.0,54.0,4,53,119380,49,20,120030,32,115630,PS,PS,PS,PS,PS,41,7878,100573,76116,135360
121150.0,10149,Pepperdine University,"Private, nonprofit",1,1305,Educational/Instructional Media Design.,5,Master's Degree,,,1,PS,PS,PS,PS,PS,PS,PS,PS,PS,PS,PS,PS,PS,5338,70644,56435,89382
121150.0,10149,Pepperdine University,"Private, nonprofit",1,1305,Educational/Instructional Media Design.,6,Doctoral Degree,4.0,7.0,2,PS,PS,PS,PS,PS,PS,PS,PS,PS,PS,PS,PS,PS,210,89809,72076,117170
121150.0,10149,Pepperdine University,"Private, nonprofit",1,1306,"Educational Assessment, Evaluation, and Research.",5,Master's Degree,1.0,8.0,PS,PS,PS,PS,PS,PS,PS,PS,PS,PS,PS,PS,PS,PS,PS,PS,PS,PS
121150.0,10149,Pepperdine University,"Private, nonprofit",1,1312,"Teacher Education and Professional Development, Specific Levels and Methods.",5,Master's Degree,67.0,92.0,3,58,71444,54,27,71611,31,68471,16,72990,42,70295,PS,52,30920,59916,48965,72958
121150.0,10149,Pepperdine University,"Private, nonprofit",1,1313,"Teacher Education and Professional Development, Specific Subject Areas.",3,Bachelor's Degree,4.0,8.0,1,PS,PS,PS,PS,PS,PS,PS,PS,PS,PS,PS,PS,PS,22867,51389,40539,63098
121150.0,10149,Pepperdine University,"Private, nonprofit",1,1314,Teaching English or French as a Second or Foreign Language.,5,Master's Degree,15.0,16.0,0,PS,PS,PS,PS,PS,PS,PS,PS,PS,PS,PS,PS,PS,2991,65767,49386,82810
121150.0,10149,Pepperdine University,"Private, nonprofit",1,1605,"Germanic Languages, Literatures, and Linguistics.",3,Bachelor's Degree,1.0,0.0,PS,PS,PS,PS,PS,PS,PS,PS,PS,PS,PS,PS,PS,PS,PS,PS,PS,PS
121150.0,10149,Pepperdine University,"Private, nonprofit",1,1609,"Romance Languages, Literatures, and Linguistics.",3,Bachelor's Degree,2.0,2.0,0,PS,PS,PS,PS,PS,PS,PS,PS,PS,PS,PS,PS,PS,10363,55000,38411,73324
121150.0,10149,Pepperdine University,"Private, nonprofit",1,1611,"Middle/Near Eastern and Semitic Languages, Literatures, and Linguistics.",3,Bachelor's Degree,2.0,0.0,0,PS,PS,PS,PS,PS,PS,PS,PS,PS,PS,PS,PS,PS,210,67612,36518,88488
121150.0,10149,Pepperdine University,"Private, nonprofit",1,2201,Law.,6,Doctoral Degree,,,10,284,125875,271,89,117445,195,129650,143,136194,141,120230,PS,215,5584,105518,75697,161837
121150.0,10149,Pepperdine University,"Private, nonprofit",1,2201,Law.,7,First Professional Degree,174.0,159.0,PS,PS,PS,PS,PS,PS,PS,PS,PS,PS,PS,PS,PS,PS,PS,PS,PS,PS
121150.0,10149,Pepperdine University,"Private, nonprofit",1,2202,Legal Research and Advanced Professional Studies.,5,Master's Degree,129.0,118.0,PS,PS,PS,PS,PS,PS,PS,PS,PS,PS,PS,PS,PS,PS,2905,101000,62617,153946
121150.0,10149,Pepperdine University,"Private, nonprofit",1,2301,"English Language and Literature, General.",3,Bachelor's Degree,6.0,3.0,0,PS,PS,PS,PS,PS,PS,PS,PS,PS,PS,PS,PS,PS,33025,48590,33654,63810
121150.0,10149,Pepperdine University,"Private, nonprofit",1,2313,Rhetoric and Composition/Writing Studies.,3,Bachelor's Degree,10.0,13.0,0,PS,PS,PS,PS,PS,PS,PS,PS,PS,PS,PS,PS,PS,8509,48471,32167,67306
121150.0,10149,Pepperdine University,"Private, nonprofit",1,2401,"Liberal Arts and Sciences, General Studies and Humanities.",3,Bachelor's Degree,12.0,10.0,1,16,59815,PS,PS,PS,PS,PS,PS,PS,PS,PS,PS,PS,50554,53072,35750,73322
121150.0,10149,Pepperdine University,"Private, nonprofit",1,2601,"Biology, General.",3,Bachelor's Degree,63.0,49.0,0,PS,PS,PS,PS,PS,PS,PS,PS,PS,PS,PS,PS,PS,57101,57214,38929,79199
121150.0,10149,Pepperdine University,"Private, nonprofit",1,2701,Mathematics.,3,Bachelor's Degree,16.0,4.0,0,PS,PS,PS,PS,PS,PS,PS,PS,PS,PS,PS,PS,PS,15976,69562,49058,97414
121150.0,10149,Pepperdine University,"Private, nonprofit",1,2703,Applied Mathematics.,5,Master's Degree,37.0,34.0,3,PS,PS,PS,PS,PS,PS,PS,PS,PS,PS,PS,PS,PS,1088,116060,85199,161426
121150.0,10149,Pepperdine University,"Private, nonprofit",1,3000,"Multi-/Interdisciplinary Studies, General.",1,Undergraduate Certificate or Diploma,,9.0,,,,,,,,,,,,,,,PS,PS,PS,PS
121150.0,10149,Pepperdine University,"Private, nonprofit",1,3008,Mathematics and Computer Science.,3,Bachelor's Degree,15.0,16.0,0,PS,PS,PS,PS,PS,PS,PS,PS,PS,PS,PS,PS,PS,682,118943,77135,174935
121150.0,10149,Pepperdine University,"Private, nonprofit",1,3018,Natural Sciences.,3,Bachelor's Degree,1.0,7.0,PS,PS,PS,PS,PS,PS,PS,PS,PS,PS,PS,PS,PS,PS,PS,PS,PS,PS
121150.0,10149,Pepperdine University,"Private, nonprofit",1,3019,Nutrition Sciences.,3,Bachelor's Degree,9.0,4.0,0,PS,PS,PS,PS,PS,PS,PS,PS,PS,PS,PS,PS,PS,2790,60053,43153,76798
121150.0,10149,Pepperdine University,"Private, nonprofit",1,3019,Nutrition Sciences.,8,Graduate/Professional Certificate,7.0,8.0,1,PS,PS,PS,PS,PS,PS,PS,PS,PS,PS,PS,PS,PS,PS,PS,PS,PS
121150.0,10149,Pepperdine University,"Private, nonprofit",1,3020,International/Globalization Studies.,3,Bachelor's Degree,21.0,18.0,4,33,58137,28,PS,PS,PS,PS,PS,PS,PS,PS,PS,19,5436,59972,40760,82911
121150.0,10149,Pepperdine University,"Private, nonprofit",1,3028,Dispute Resolution.,1,Undergraduate Certificate or Diploma,,34.0,PS,PS,PS,PS,PS,PS,PS,PS,PS,PS,PS,PS,PS,PS,32,67844,51449,79760
121150.0,10149,Pepperdine University,"Private, nonprofit",1,3028,Dispute Resolution.,5,Master's Degree,121.0,148.0,2,PS,PS,PS,PS,PS,PS,PS,PS,PS,PS,PS,PS,PS,235,74725,46176,103289
121150.0,10149,Pepperdine University,"Private, nonprofit",1,3033,Sustainability Studies.,3,Bachelor's Degree,4.0,2.0,PS,PS,PS,PS,PS,PS,PS,PS,PS,PS,PS,PS,PS,PS,PS,PS,PS,PS
121150.0,10149,Pepperdine University,"Private, nonprofit",1,3099,"Multi/Interdisciplinary Studies, Other.",3,Bachelor's Degree,3.0,5.0,0,PS,PS,PS,PS,PS,PS,PS,PS,PS,PS,PS,PS,PS,27598,55693,40311,72165
121150.0,10149,Pepperdine University,"Private, nonprofit",1,3105,"Sports, Kinesiology, and Physical Education/Fitness.",3,Bachelor's Degree,64.0,51.0,2,33,78198,28,PS,PS,PS,PS,PS,PS,PS,PS,PS,23,48463,54562,39049,73020
121150.0,10149,Pepperdine University,"Private, nonprofit",1,3801,Philosophy.,3,Bachelor's Degree,13.0,9.0,1,PS,PS,PS,PS,PS,PS,PS,PS,PS,PS,PS,PS,PS,6085,54455,34926,78043
121150.0,10149,Pepperdine University,"Private, nonprofit",1,3802,Religion/Religious Studies.,3,Bachelor's Degree,4.0,7.0,2,PS,PS,PS,PS,PS,PS,PS,PS,PS,PS,PS,PS,PS,5310,41390,20518,65165
121150.0,10149,Pepperdine University,"Private, nonprofit",1,3802,Religion/Religious Studies.,5,Master's Degree,0.0,0.0,0,PS,PS,PS,PS,PS,PS,PS,PS,PS,PS,PS,PS,PS,PS,PS,PS,PS
121150.0,10149,Pepperdine University,"Private, nonprofit",1,3906,Theological and Ministerial Studies.,5,Master's Degree,4.0,2.0,1,PS,PS,PS,PS,PS,PS,PS,PS,PS,PS,PS,PS,PS,6997,61300,40587,91229
121150.0,10149,Pepperdine University,"Private, nonprofit",1,4005,Chemistry.,3,Bachelor's Degree,3.0,4.0,0,PS,PS,PS,PS,PS,PS,PS,PS,PS,PS,PS,PS,PS,10453,65120,48307,84018
121150.0,10149,Pepperdine University,"Private, nonprofit",1,4008,Physics.,3,Bachelor's Degree,7.0,7.0,0,PS,PS,PS,PS,PS,PS,PS,PS,PS,PS,PS,PS,PS,5602,76786,51777,102948
121150.0,10149,Pepperdine University,"Private, nonprofit",1,4201,"Psychology, General.",3,Bachelor's Degree,77.0,89.0,3,67,63882,58,38,69071,29,61874,PS,PS,PS,PS,27,38,102536,50706,35740,67229
121150.0,10149,Pepperdine University,"Private, nonprofit",1,4201,"Psychology, General.",5,Master's Degree,220.0,269.0,6,63,68070,52,33,64411,30,84279,PS,PS,PS,PS,PS,53,5527,64711,45967,86199
121150.0,10149,Pepperdine University,"Private, nonprofit",1,4228,"Clinical, Counseling and Applied Psychology.",3,Bachelor's Degree,1.0,1.0,,,,,,,,,,,,,,,PS,PS,PS,PS
121150.0,10149,Pepperdine University,"Private, nonprofit",1,4228,"Clinical, Counseling and Applied Psychology.",5,Master's Degree,636.0,674.0,20,203,70962,167,73,71578,130,70228,27,75812,176,70042,PS,186,22438,65184,47881,83770
121150.0,10149,Pepperdine University,"Private, nonprofit",1,4228,"Clinical, Counseling and Applied Psychology.",6,Doctoral Degree,,,2,27,110056,27,PS,PS,PS,PS,PS,PS,PS,PS,PS,20,5714,99878,69652,126700
121150.0,10149,Pepperdine University,"Private, nonprofit",1,4228,"Clinical, Counseling and Applied Psychology.",7,First Professional Degree,26.0,28.0,PS,PS,PS,PS,PS,PS,PS,PS,PS,PS,PS,PS,PS,PS,PS,PS,PS,PS
121150.0,10149,Pepperdine University,"Private, nonprofit",1,4405,Public Policy Analysis.,5,Master's Degree,33.0,34.0,1,43,90495,35,26,91621,17,93111,22,101891,21,74006,PS,24,2714,93020,70186,121540
121150.0,10149,Pepperdine University,"Private, nonprofit",1,4506,Economics.,3,Bachelor's Degree,51.0,31.0,1,39,83724,34,PS,PS,PS,PS,PS,PS,PS,PS,PS,23,28744,82686,58184,116323
121150.0,10149,Pepperdine University,"Private, nonprofit",1,4510,Political Science and Government.,3,Bachelor's Degree,34.0,38.0,1,23,81421,20,PS,PS,PS,PS,PS,PS,PS,PS,PS,PS,36628,63293,44760,85406
121150.0,10149,Pepperdine University,"Private, nonprofit",1,4511,Sociology.,3,Bachelor's Degree,12.0,8.0,0,PS,PS,PS,PS,PS,PS,PS,PS,PS,PS,PS,PS,PS,31848,52657,37665,69502
121150.0,10149,Pepperdine University,"Private, nonprofit",1,5005,Drama/Theatre Arts and Stagecraft.,3,Bachelor's Degree,7.0,23.0,1,17,41597,PS,PS,PS,PS,PS,PS,PS,PS,PS,PS,PS,14066,39775,25491,55399
121150.0,10149,Pepperdine University,"Private, nonprofit",1,5005,Drama/Theatre Arts and Stagecraft.,5,Master's Degree,8.0,5.0,0,PS,PS,PS,PS,PS,PS,PS,PS,PS,PS,PS,PS,PS,2137,49978,29233,69322
121150.0,10149,Pepperdine University,"Private, nonprofit",1,5006,Film/Video and Photographic Arts.,3,Bachelor's Degree,8.0,9.0,0,PS,PS,PS,PS,PS,PS,PS,PS,PS,PS,PS,PS,PS,12193,43765,25957,63381
121150.0,10149,Pepperdine University,"Private, nonprofit",1,5007,Fine and Studio Arts.,3,Bachelor's Degree,17.0,15.0,0,PS,PS,PS,PS,PS,PS,PS,PS,PS,PS,PS,PS,PS,26935,41367,26241,56653
121150.0,10149,Pepperdine University,"Private, nonprofit",1,5009,Music.,3,Bachelor's Degree,7.0,17.0,0,PS,PS,PS,PS,PS,PS,PS,PS,PS,PS,PS,PS,PS,14715,42892,26048,58755
121150.0,10149,Pepperdine University,"Private, nonprofit",1,5010,"Arts, Entertainment, and Media Management.",3,Bachelor's Degree,11.0,11.0,PS,PS,PS,PS,PS,PS,PS,PS,PS,PS,PS,PS,PS,PS,PS,PS,PS,PS
121150.0,10149,Pepperdine University,"Private, nonprofit",1,5202,"Business Administration, Management and Operations.",3,Bachelor's Degree,218.0,186.0,13,141,91408,126,83,86397,58,98800,74,96043,68,89207,32,116,183303,68257,47618,93584
121150.0,10149,Pepperdine University,"Private, nonprofit",1,5202,"Business Administration, Management and Operations.",5,Master's Degree,524.0,655.0,35,373,142013,341,182,130199,190,151825,205,152860,168,126404,PS,297,122193,103485,69982,153484
121150.0,10149,Pepperdine University,"Private, nonprofit",1,5202,"Business Administration, Management and Operations.",6,Doctoral Degree,11.0,11.0,PS,PS,PS,PS,PS,PS,PS,PS,PS,PS,PS,PS,PS,PS,PS,PS,PS,PS
121150.0,10149,Pepperdine University,"Private, nonprofit",1,5202,"Business Administration, Management and Operations.",8,Graduate/Professional Certificate,,,PS,PS,PS,PS,PS,PS,PS,PS,PS,PS,PS,PS,PS,PS,1989,94506,65091,135936
121150.0,10149,Pepperdine University,"Private, nonprofit",1,5203,Accounting and Related Services.,3,Bachelor's Degree,15.0,16.0,0,24,104343,23,PS,PS,PS,PS,PS,PS,PS,PS,PS,19,63013,76194,56205,97191
121150.0,10149,Pepperdine University,"Private, nonprofit",1,5207,Entrepreneurial and Small Business Operations.,5,Master's Degree,,,0,PS,PS,PS,PS,PS,PS,PS,PS,PS,PS,PS,PS,PS,633,97366,58036,169032
121150.0,10149,Pepperdine University,"Private, nonprofit",1,5208,Finance and Financial Management Services.,3,Bachelor's Degree,8.0,20.0,1,PS,PS,PS,PS,PS,PS,PS,PS,PS,PS,PS,PS,PS,43799,83343,60801,111527
121150.0,10149,Pepperdine University,"Private, nonprofit",1,5210,Human Resources Management and Services.,5,Master's Degree,47.0,71.0,3,PS,PS,PS,PS,PS,PS,PS,PS,PS,PS,PS,PS,PS,10576,83558,58145,115680
121150.0,10149,Pepperdine University,"Private, nonprofit",1,5211,International Business.,3,Bachelor's Degree,24.0,14.0,2,PS,PS,PS,PS,PS,PS,PS,PS,PS,PS,PS,PS,PS,5548,73201,51264,98832
121150.0,10149,Pepperdine University,"Private, nonprofit",1,5211,International Business.,5,Master's Degree,107.0,75.0,1,PS,PS,PS,PS,PS,PS,PS,PS,PS,PS,PS,PS,PS,1060,97121,64056,143157
121150.0,10149,Pepperdine University,"Private, nonprofit",1,5211,International Business.,8,Graduate/Professional Certificate,,,PS,PS,PS,PS,PS,PS,PS,PS,PS,PS,PS,PS,PS,PS,PS,PS,PS,PS
121150.0,10149,Pepperdine University,"Private, nonprofit",1,5213,Management Sciences and Quantitative Methods.,5,Master's Degree,61.0,128.0,PS,PS,PS,PS,PS,PS,PS,PS,PS,PS,PS,PS,PS,PS,5066,124807,93429,167728
121150.0,10149,Pepperdine University,"Private, nonprofit",1,5215,Real Estate.,5,Master's Degree,24.0,14.0,PS,PS,PS,PS,PS,PS,PS,PS,PS,PS,PS,PS,PS,PS,819,135104,85909,185208
121150.0,10149,Pepperdine University,"Private, nonprofit",1,5401,History.,3,Bachelor's Degree,8.0,7.0,0,PS,PS,PS,PS,PS,PS,PS,PS,PS,PS,PS,PS,PS,23671,50680,36330,66736
121257.0,1172,Pitzer College,"Private, nonprofit",1,100,"Agriculture, General.",3,Bachelor's Degree,,1.0,,,,,,,,,,,,,,,PS,PS,PS,PS
121257.0,1172,Pitzer College,"Private, nonprofit",1,301,Natural Resources Conservation and Research.,3,Bachelor's Degree,22.0,36.0,1,PS,PS,PS,PS,PS,PS,PS,PS,PS,PS,PS,PS,PS,15907,55012,39435,72794
121257.0,1172,Pitzer College,"Private, nonprofit",1,501,Area Studies.,3,Bachelor's Degree,6.0,5.0,0,PS,PS,PS,PS,PS,PS,PS,PS,PS,PS,PS,PS,PS,3737,56625,37190,78481
121257.0,1172,Pitzer College,"Private, nonprofit",1,502,"Ethnic, Cultural Minority, Gender, and Group Studies.",3,Bachelor's Degree,6.0,4.0,0,PS,PS,PS,PS,PS,PS,PS,PS,PS,PS,PS,PS,PS,5420,51710,34946,68128
121257.0,1172,Pitzer College,"Private, nonprofit",1,901,Communication and Media Studies.,3,Bachelor's Degree,18.0,20.0,1,PS,PS,PS,PS,PS,PS,PS,PS,PS,PS,PS,PS,PS,61357,56359,39575,76115
121257.0,1172,Pitzer College,"Private, nonprofit",1,1107,Computer Science.,3,Bachelor's Degree,10.0,2.0,PS,PS,PS,PS,PS,PS,PS,PS,PS,PS,PS,PS,PS,PS,28067,107009,74830,152038
121257.0,1172,Pitzer College,"Private, nonprofit",1,1304,Educational Administration and Supervision.,3,Bachelor's Degree,,1.0,,,,,,,,,,,,,,,PS,PS,PS,PS
121257.0,1172,Pitzer College,"Private, nonprofit",1,1399,"Education, Other.",3,Bachelor's Degree,1.0,,PS,PS,PS,PS,PS,PS,PS,PS,PS,PS,PS,PS,PS,PS,PS,PS,PS,PS
121257.0,1172,Pitzer College,"Private, nonprofit",1,1436,Manufacturing Engineering.,3,Bachelor's Degree,0.0,0.0,PS,PS,PS,PS,PS,PS,PS,PS,PS,PS,PS,PS,PS,PS,538,88451,72634,102217
121257.0,1172,Pitzer College,"Private, nonprofit",1,1601,"Linguistic, Comparative, and Related Language Studies and Services.",3,Bachelor's Degree,0.0,0.0,PS,PS,PS,PS,PS,PS,PS,PS,PS,PS,PS,PS,PS,PS,PS,PS,PS,PS
121257.0,1172,Pitzer College,"Private, nonprofit",1,1609,"Romance Languages, Literatures, and Linguistics.",3,Bachelor's Degree,5.0,1.0,0,PS,PS,PS,PS,PS,PS,PS,PS,PS,PS,PS,PS,PS,10363,55000,38411,73324
121257.0,1172,Pitzer College,"Private, nonprofit",1,1612,"Classics and Classical Languages, Literatures, and Linguistics.",3,Bachelor's Degree,0.0,2.0,PS,PS,PS,PS,PS,PS,PS,PS,PS,PS,PS,PS,PS,PS,813,49429,32066,67794
121257.0,1172,Pitzer College,"Private, nonprofit",1,1699,"Foreign Languages, Literatures, and Linguistics, Other.",3,Bachelor's Degree,1.0,,,,,,,,,,,,,,,,PS,PS,PS,PS
121257.0,1172,Pitzer College,"Private, nonprofit",1,2200,Non-Professional Legal Studies.,3,Bachelor's Degree,,1.0,PS,PS,PS,PS,PS,PS,PS,PS,PS,PS,PS,PS,PS,PS,PS,PS,PS,PS
121257.0,1172,Pitzer College,"Private, nonprofit",1,2301,"English Language and Literature, General.",3,Bachelor's Degree,16.0,7.0,0,PS,PS,PS,PS,PS,PS,PS,PS,PS,PS,PS,PS,PS,33025,48590,33654,63810
121257.0,1172,Pitzer College,"Private, nonprofit",1,2313,Rhetoric and Composition/Writing Studies.,3,Bachelor's Degree,,2.0,PS,PS,PS,PS,PS,PS,PS,PS,PS,PS,PS,PS,PS,PS,PS,PS,PS,PS
121257.0,1172,Pitzer College,"Private, nonprofit",1,2401,"Liberal Arts and Sciences, General Studies and Humanities.",3,Bachelor's Degree,,,0,PS,PS,PS,PS,PS,PS,PS,PS,PS,PS,PS,PS,PS,50554,53072,35750,73322
121257.0,1172,Pitzer College,"Private, nonprofit",1,2601,"Biology, General.",3,Bachelor's Degree,5.0,10.0,1,PS,PS,PS,PS,PS,PS,PS,PS,PS,PS,PS,PS,PS,57101,57214,38929,79199
121257.0,1172,Pitzer College,"Private, nonprofit",1,2602,"Biochemistry, Biophysics and Molecular Biology.",3,Bachelor's Degree,2.0,4.0,0,PS,PS,PS,PS,PS,PS,PS,PS,PS,PS,PS,PS,PS,6319,65466,44889,88432
121257.0,1172,Pitzer College,"Private, nonprofit",1,2613,"Ecology, Evolution, Systematics, and Population Biology.",3,Bachelor's Degree,1.0,2.0,1,PS,PS,PS,PS,PS,PS,PS,PS,PS,PS,PS,PS,PS,3201,48842,36007,64274
121257.0,1172,Pitzer College,"Private, nonprofit",1,2615,Neurobiology and Neurosciences.,3,Bachelor's Degree,2.0,10.0,0,PS,PS,PS,PS,PS,PS,PS,PS,PS,PS,PS,PS,PS,3745,62451,40736,88598
121257.0,1172,Pitzer College,"Private, nonprofit",1,2701,Mathematics.,3,Bachelor's Degree,21.0,8.0,1,PS,PS,PS,PS,PS,PS,PS,PS,PS,PS,PS,PS,PS,15976,69562,49058,97414
121257.0,1172,Pitzer College,"Private, nonprofit",1,3000,"Multi-/Interdisciplinary Studies, General.",3,Bachelor's Degree,,1.0,PS,PS,PS,PS,PS,PS,PS,PS,PS,PS,PS,PS,PS,PS,PS,PS,PS,PS
121257.0,1172,Pitzer College,"Private, nonprofit",1,3001,Biological and Physical Sciences.,3,Bachelor's Degree,2.0,1.0,0,PS,PS,PS,PS,PS,PS,PS,PS,PS,PS,PS,PS,PS,PS,PS,PS,PS
121257.0,1172,Pitzer College,"Private, nonprofit",1,3006,Systems Science and Theory.,3,Bachelor's Degree,5.0,3.0,PS,PS,PS,PS,PS,PS,PS,PS,PS,PS,PS,PS,PS,PS,313,88036,56212,134909
121257.0,1172,Pitzer College,"Private, nonprofit",1,3015,"Science, Technology and Society.",3,Bachelor's Degree,2.0,1.0,1,PS,PS,PS,PS,PS,PS,PS,PS,PS,PS,PS,PS,PS,PS,PS,PS,PS
121257.0,1172,Pitzer College,"Private, nonprofit",1,3020,International/Globalization Studies.,3,Bachelor's Degree,11.0,6.0,1,PS,PS,PS,PS,PS,PS,PS,PS,PS,PS,PS,PS,PS,5436,59972,40760,82911
121257.0,1172,Pitzer College,"Private, nonprofit",1,3025,Cognitive Science.,3,Bachelor's Degree,3.0,2.0,PS,PS,PS,PS,PS,PS,PS,PS,PS,PS,PS,PS,PS,PS,PS,PS,PS,PS
121257.0,1172,Pitzer College,"Private, nonprofit",1,3027,Human Biology.,3,Bachelor's Degree,6.0,14.0,0,PS,PS,PS,PS,PS,PS,PS,PS,PS,PS,PS,PS,PS,611,64732,42154,98218
121257.0,1172,Pitzer College,"Private, nonprofit",1,3033,Sustainability Studies.,3,Bachelor's Degree,,1.0,,,,,,,,,,,,,,,PS,PS,PS,PS
121257.0,1172,Pitzer College,"Private, nonprofit",1,3099,"Multi/Interdisciplinary Studies, Other.",3,Bachelor's Degree,5.0,2.0,0,PS,PS,PS,PS,PS,PS,PS,PS,PS,PS,PS,PS,PS,27598,55693,40311,72165
121257.0,1172,Pitzer College,"Private, nonprofit",1,3801,Philosophy.,3,Bachelor's Degree,6.0,7.0,0,PS,PS,PS,PS,PS,PS,PS,PS,PS,PS,PS,PS,PS,6085,54455,34926,78043
121257.0,1172,Pitzer College,"Private, nonprofit",1,3802,Religion/Religious Studies.,3,Bachelor's Degree,2.0,0.0,PS,PS,PS,PS,PS,PS,PS,PS,PS,PS,PS,PS,PS,PS,5310,41390,20518,65165
121257.0,1172,Pitzer College,"Private, nonprofit",1,4005,Chemistry.,3,Bachelor's Degree,2.0,2.0,PS,PS,PS,PS,PS,PS,PS,PS,PS,PS,PS,PS,PS,PS,PS,PS,PS,PS
121257.0,1172,Pitzer College,"Private, nonprofit",1,4006,Geological and Earth Sciences/Geosciences.,3,Bachelor's Degree,2.0,5.0,PS,PS,PS,PS,PS,PS,PS,PS,PS,PS,PS,PS,PS,PS,6193,60190,44343,77573
121257.0,1172,Pitzer College,"Private, nonprofit",1,4008,Physics.,3,Bachelor's Degree,2.0,2.0,PS,PS,PS,PS,PS,PS,PS,PS,PS,PS,PS,PS,PS,PS,PS,PS,PS,PS
121257.0,1172,Pitzer College,"Private, nonprofit",1,4201,"Psychology, General.",3,Bachelor's Degree,,,0,PS,PS,PS,PS,PS,PS,PS,PS,PS,PS,PS,PS,PS,102536,50706,35740,67229
121257.0,1172,Pitzer College,"Private, nonprofit",1,4227,Research and Experimental Psychology.,3,Bachelor's Degree,24.0,20.0,PS,PS,PS,PS,PS,PS,PS,PS,PS,PS,PS,PS,PS,PS,7947,55695,38073,76465
121257.0,1172,Pitzer College,"Private, nonprofit",1,4405,Public Policy Analysis.,3,Bachelor's Degree,,,PS,PS,PS,PS,PS,PS,PS,PS,PS,PS,PS,PS,PS,PS,1612,73721,53280,104068
121257.0,1172,Pitzer College,"Private, nonprofit",1,4502,Anthropology.,3,Bachelor's Degree,2.0,4.0,0,PS,PS,PS,PS,PS,PS,PS,PS,PS,PS,PS,PS,PS,8303,46676,32056,63905
121257.0,1172,Pitzer College,"Private, nonprofit",1,4506,Economics.,3,Bachelor's Degree,19.0,19.0,0,PS,PS,PS,PS,PS,PS,PS,PS,PS,PS,PS,PS,PS,28744,82686,58184,116323
121257.0,1172,Pitzer College,"Private, nonprofit",1,4507,Geography and Cartography.,3,Bachelor's Degree,1.0,,,,,,,,,,,,,,,,PS,PS,PS,PS
121257.0,1172,Pitzer College,"Private, nonprofit",1,4509,International Relations and National Security Studies.,3,Bachelor's Degree,0.0,,0,PS,PS,PS,PS,PS,PS,PS,PS,PS,PS,PS,PS,PS,8070,66596,46031,87798
121257.0,1172,Pitzer College,"Private, nonprofit",1,4510,Political Science and Government.,3,Bachelor's Degree,26.0,31.0,0,PS,PS,PS,PS,PS,PS,PS,PS,PS,PS,PS,PS,PS,36628,63293,44760,85406
121257.0,1172,Pitzer College,"Private, nonprofit",1,4511,Sociology.,3,Bachelor's Degree,16.0,15.0,1,PS,PS,PS,PS,PS,PS,PS,PS,PS,PS,PS,PS,PS,31848,52657,37665,69502
121257.0,1172,Pitzer College,"Private, nonprofit",1,5003,Dance.,3,Bachelor's Degree,1.0,1.0,PS,PS,PS,PS,PS,PS,PS,PS,PS,PS,PS,PS,PS,PS,PS,PS,PS,PS
121257.0,1172,Pitzer College,"Private, nonprofit",1,5005,Drama/Theatre Arts and Stagecraft.,3,Bachelor's Degree,1.0,2.0,PS,PS,PS,PS,PS,PS,PS,PS,PS,PS,PS,PS,PS,PS,14066,39775,25491,55399
121257.0,1172,Pitzer College,"Private, nonprofit",1,5007,Fine and Studio Arts.,3,Bachelor's Degree,7.0,8.0,0,PS,PS,PS,PS,PS,PS,PS,PS,PS,PS,PS,PS,PS,26935,41367,26241,56653
121257.0,1172,Pitzer College,"Private, nonprofit",1,5009,Music.,3,Bachelor's Degree,0.0,1.0,PS,PS,PS,PS,PS,PS,PS,PS,PS,PS,PS,PS,PS,PS,PS,PS,PS,PS
121257.0,1172,Pitzer College,"Private, nonprofit",1,5099,"Visual and Performing Arts, Other.",3,Bachelor's Degree,1.0,,,,,,,,,,,,,,,,PS,PS,PS,PS
121257.0,1172,Pitzer College,"Private, nonprofit",1,5122,Public Health.,3,Bachelor's Degree,3.0,2.0,PS,PS,PS,PS,PS,PS,PS,PS,PS,PS,PS,PS,PS,PS,15585,58808,41981,79154
121257.0,1172,Pitzer College,"Private, nonprofit",1,5203,Accounting and Related Services.,3,Bachelor's Degree,1.0,2.0,,,,,,,,,,,,,,,63013,76194,56205,97191
121257.0,1172,Pitzer College,"Private, nonprofit",1,5207,Entrepreneurial and Small Business Operations.,3,Bachelor's Degree,,,0,PS,PS,PS,PS,PS,PS,PS,PS,PS,PS,PS,PS,PS,3469,61027,38487,88452
121257.0,1172,Pitzer College,"Private, nonprofit",1,5210,Human Resources Management and Services.,3,Bachelor's Degree,22.0,25.0,0,PS,PS,PS,PS,PS,PS,PS,PS,PS,PS,PS,PS,PS,13480,68069,50156,90619
121257.0,1172,Pitzer College,"Private, nonprofit",1,5401,History.,3,Bachelor's Degree,4.0,9.0,0,PS,PS,PS,PS,PS,PS,PS,PS,PS,PS,PS,PS,PS,23671,50680,36330,66736
121309.0,1262,Point Loma Nazarene University,"Private, nonprofit",1,301,Natural Resources Conservation and Research.,3,Bachelor's Degree,6.0,8.0,0,PS,PS,PS,PS,PS,PS,PS,PS,PS,PS,PS,PS,PS,15907,55012,39435,72794
121309.0,1262,Point Loma Nazarene University,"Private, nonprofit",1,901,Communication and Media Studies.,3,Bachelor's Degree,22.0,21.0,1,17,50181,PS,PS,PS,PS,PS,PS,PS,PS,PS,PS,PS,61357,56359,39575,76115
121309.0,1262,Point Loma Nazarene University,"Private, nonprofit",1,904,Journalism.,3,Bachelor's Degree,7.0,3.0,0,PS,PS,PS,PS,PS,PS,PS,PS,PS,PS,PS,PS,PS,13928,56278,40588,73923
121309.0,1262,Point Loma Nazarene University,"Private, nonprofit",1,907,"Radio, Television, and Digital Communication.",3,Bachelor's Degree,,0.0,,,,,,,,,,,,,,,PS,PS,PS,PS
121309.0,1262,Point Loma Nazarene University,"Private, nonprofit",1,909,"Public Relations, Advertising, and Applied Communication.",3,Bachelor's Degree,21.0,8.0,PS,PS,PS,PS,PS,PS,PS,PS,PS,PS,PS,PS,PS,PS,PS,PS,PS,PS
121309.0,1262,Point Loma Nazarene University,"Private, nonprofit",1,1101,"Computer and Information Sciences, General.",3,Bachelor's Degree,31.0,31.0,PS,PS,PS,PS,PS,PS,PS,PS,PS,PS,PS,PS,PS,PS,41037,92374,64179,128180
121309.0,1262,Point Loma Nazarene University,"Private, nonprofit",1,1107,Computer Science.,3,Bachelor's Degree,17.0,15.0,1,PS,PS,PS,PS,PS,PS,PS,PS,PS,PS,PS,PS,PS,28067,107009,74830,152038
121309.0,1262,Point Loma Nazarene University,"Private, nonprofit",1,1301,"Education, General.",5,Master's Degree,117.0,138.0,2,62,73246,58,34,72809,27,71735,PS,PS,PS,PS,PS,52,22487,65824,52724,82084
121309.0,1262,Point Loma Nazarene University,"Private, nonprofit",1,1303,Curriculum and Instruction.,5,Master's Degree,,0.0,,,,,,,,,,,,,,,PS,PS,PS,PS
121309.0,1262,Point Loma Nazarene University,"Private, nonprofit",1,1304,Educational Administration and Supervision.,5,Master's Degree,,0.0,,,,,,,,,,,,,,,PS,PS,PS,PS
121309.0,1262,Point Loma Nazarene University,"Private, nonprofit",1,1310,Special Education and Teaching.,5,Master's Degree,20.0,15.0,0,PS,PS,PS,PS,PS,PS,PS,PS,PS,PS,PS,PS,PS,21493,64397,52390,79764
121309.0,1262,Point Loma Nazarene University,"Private, nonprofit",1,1311,Student Counseling and Personnel Services.,5,Master's Degree,,0.0,,,,,,,,,,,,,,,PS,PS,PS,PS
121309.0,1262,Point Loma Nazarene University,"Private, nonprofit",1,1312,"Teacher Education and Professional Development, Specific Levels and Methods.",3,Bachelor's Degree,59.0,38.0,0,PS,PS,PS,PS,PS,PS,PS,PS,PS,PS,PS,PS,PS,50018,47382,38431,56096
121309.0,1262,Point Loma Nazarene University,"Private, nonprofit",1,1313,"Teacher Education and Professional Development, Specific Subject Areas.",3,Bachelor's Degree,0.0,5.0,0,PS,PS,PS,PS,PS,PS,PS,PS,PS,PS,PS,PS,PS,22867,51389,40539,63098
121309.0,1262,Point Loma Nazarene University,"Private, nonprofit",1,1313,"Teacher Education and Professional Development, Specific Subject Areas.",5,Master's Degree,,,0,PS,PS,PS,PS,PS,PS,PS,PS,PS,PS,PS,PS,PS,19074,63707,51487,78905
121309.0,1262,Point Loma Nazarene University,"Private, nonprofit",1,1401,"Engineering, General.",3,Bachelor's Degree,3.0,5.0,PS,PS,PS,PS,PS,PS,PS,PS,PS,PS,PS,PS,PS,PS,PS,PS,PS,PS
121309.0,1262,Point Loma Nazarene University,"Private, nonprofit",1,1409,Computer Engineering.,3,Bachelor's Degree,,,PS,PS,PS,PS,PS,PS,PS,PS,PS,PS,PS,PS,PS,PS,10329,109015,86299,145170
121309.0,1262,Point Loma Nazarene University,"Private, nonprofit",1,1412,Engineering Physics.,3,Bachelor's Degree,5.0,2.0,1,PS,PS,PS,PS,PS,PS,PS,PS,PS,PS,PS,PS,PS,571,89154,69182,111349
121309.0,1262,Point Loma Nazarene University,"Private, nonprofit",1,1512,Computer Engineering Technologies/Technicians.,3,Bachelor's Degree,,,,,,,,,,,,,,,,,1134,83742,58477,110912
121309.0,1262,Point Loma Nazarene University,"Private, nonprofit",1,1609,"Romance Languages, Literatures, and Linguistics.",3,Bachelor's Degree,3.0,3.0,1,PS,PS,PS,PS,PS,PS,PS,PS,PS,PS,PS,PS,PS,10363,55000,38411,73324
121309.0,1262,Point Loma Nazarene University,"Private, nonprofit",1,1905,"Foods, Nutrition, and Related Services.",3,Bachelor's Degree,3.0,1.0,0,PS,PS,PS,PS,PS,PS,PS,PS,PS,PS,PS,PS,PS,3824,54945,39143,70678
121309.0,1262,Point Loma Nazarene University,"Private, nonprofit",1,1907,"Human Development, Family Studies, and Related Services.",3,Bachelor's Degree,95.0,55.0,7,23,55127,20,PS,PS,PS,PS,PS,PS,PS,PS,PS,18,15127,48568,35149,62704
121309.0,1262,Point Loma Nazarene University,"Private, nonprofit",1,2301,"English Language and Literature, General.",3,Bachelor's Degree,2.0,6.0,0,PS,PS,PS,PS,PS,PS,PS,PS,PS,PS,PS,PS,PS,33025,48590,33654,63810
121309.0,1262,Point Loma Nazarene University,"Private, nonprofit",1,2313,Rhetoric and Composition/Writing Studies.,3,Bachelor's Degree,3.0,6.0,0,PS,PS,PS,PS,PS,PS,PS,PS,PS,PS,PS,PS,PS,8509,48471,32167,67306
121309.0,1262,Point Loma Nazarene University,"Private, nonprofit",1,2313,Rhetoric and Composition/Writing Studies.,5,Master's Degree,,0.0,,,,,,,,,,,,,,,PS,PS,PS,PS
121309.0,1262,Point Loma Nazarene University,"Private, nonprofit",1,2401,"Liberal Arts and Sciences, General Studies and Humanities.",3,Bachelor's Degree,,,2,PS,PS,PS,PS,PS,PS,PS,PS,PS,PS,PS,PS,PS,50554,53072,35750,73322
121309.0,1262,Point Loma Nazarene University,"Private, nonprofit",1,2601,"Biology, General.",3,Bachelor's Degree,40.0,40.0,4,18,50216,PS,PS,PS,PS,PS,PS,PS,PS,PS,PS,PS,57101,57214,38929,79199
121309.0,1262,Point Loma Nazarene University,"Private, nonprofit",1,2601,"Biology, General.",5,Master's Degree,14.0,12.0,PS,PS,PS,PS,PS,PS,PS,PS,PS,PS,PS,PS,PS,PS,3962,69830,50928,96355
121309.0,1262,Point Loma Nazarene University,"Private, nonprofit",1,2602,"Biochemistry, Biophysics and Molecular Biology.",3,Bachelor's Degree,14.0,15.0,0,PS,PS,PS,PS,PS,PS,PS,PS,PS,PS,PS,PS,PS,6319,65466,44889,88432
121309.0,1262,Point Loma Nazarene University,"Private, nonprofit",1,2701,Mathematics.,3,Bachelor's Degree,3.0,5.0,0,PS,PS,PS,PS,PS,PS,PS,PS,PS,PS,PS,PS,PS,15976,69562,49058,97414
121309.0,1262,Point Loma Nazarene University,"Private, nonprofit",1,3020,International/Globalization Studies.,3,Bachelor's Degree,11.0,12.0,3,PS,PS,PS,PS,PS,PS,PS,PS,PS,PS,PS,PS,PS,5436,59972,40760,82911
121309.0,1262,Point Loma Nazarene University,"Private, nonprofit",1,3070,Data Science.,3,Bachelor's Degree,2.0,1.0,PS,PS,PS,PS,PS,PS,PS,PS,PS,PS,PS,PS,PS,PS,PS,PS,PS,PS
121309.0,1262,Point Loma Nazarene University,"Private, nonprofit",1,3099,"Multi/Interdisciplinary Studies, Other.",3,Bachelor's Degree,,0.0,,,,,,,,,,,,,,,PS,PS,PS,PS
121309.0,1262,Point Loma Nazarene University,"Private, nonprofit",1,3105,"Sports, Kinesiology, and Physical Education/Fitness.",3,Bachelor's Degree,26.0,17.0,0,PS,PS,PS,PS,PS,PS,PS,PS,PS,PS,PS,PS,PS,48463,54562,39049,73020
121309.0,1262,Point Loma Nazarene University,"Private, nonprofit",1,3105,"Sports, Kinesiology, and Physical Education/Fitness.",5,Master's Degree,54.0,61.0,PS,PS,PS,PS,PS,PS,PS,PS,PS,PS,PS,PS,PS,PS,9292,62033,47943,80968
121309.0,1262,Point Loma Nazarene University,"Private, nonprofit",1,3801,Philosophy.,3,Bachelor's Degree,3.0,4.0,PS,PS,PS,PS,PS,PS,PS,PS,PS,PS,PS,PS,PS,PS,6085,54455,34926,78043
121309.0,1262,Point Loma Nazarene University,"Private, nonprofit",1,3802,Religion/Religious Studies.,3,Bachelor's Degree,7.0,6.0,PS,PS,PS,PS,PS,PS,PS,PS,PS,PS,PS,PS,PS,PS,5310,41390,20518,65165
121309.0,1262,Point Loma Nazarene University,"Private, nonprofit",1,3899,"Philosophy and Religious Studies, Other.",3,Bachelor's Degree,,1.0,0,PS,PS,PS,PS,PS,PS,PS,PS,PS,PS,PS,PS,PS,172,46083,31399,63159
121309.0,1262,Point Loma Nazarene University,"Private, nonprofit",1,3902,Bible/Biblical Studies.,3,Bachelor's Degree,,,0,PS,PS,PS,PS,PS,PS,PS,PS,PS,PS,PS,PS,PS,2600,44533,29498,62259
121309.0,1262,Point Loma Nazarene University,"Private, nonprofit",1,3905,Religious Music and Worship.,3,Bachelor's Degree,0.0,0.0,0,PS,PS,PS,PS,PS,PS,PS,PS,PS,PS,PS,PS,PS,345,41456,26674,54490
121309.0,1262,Point Loma Nazarene University,"Private, nonprofit",1,3906,Theological and Ministerial Studies.,3,Bachelor's Degree,,,0,PS,PS,PS,PS,PS,PS,PS,PS,PS,PS,PS,PS,PS,1751,44535,30931,62472
121309.0,1262,Point Loma Nazarene University,"Private, nonprofit",1,3906,Theological and Ministerial Studies.,5,Master's Degree,7.0,3.0,0,PS,PS,PS,PS,PS,PS,PS,PS,PS,PS,PS,PS,PS,6997,61300,40587,91229
121309.0,1262,Point Loma Nazarene University,"Private, nonprofit",1,3907,Pastoral Counseling and Specialized Ministries.,3,Bachelor's Degree,,,PS,PS,PS,PS,PS,PS,PS,PS,PS,PS,PS,PS,PS,PS,1594,42915,29185,58127
121309.0,1262,Point Loma Nazarene University,"Private, nonprofit",1,4005,Chemistry.,3,Bachelor's Degree,8.0,5.0,0,PS,PS,PS,PS,PS,PS,PS,PS,PS,PS,PS,PS,PS,10453,65120,48307,84018
121309.0,1262,Point Loma Nazarene University,"Private, nonprofit",1,4008,Physics.,3,Bachelor's Degree,3.0,0.0,PS,PS,PS,PS,PS,PS,PS,PS,PS,PS,PS,PS,PS,PS,PS,PS,PS,PS
121309.0,1262,Point Loma Nazarene University,"Private, nonprofit",1,4201,"Psychology, General.",3,Bachelor's Degree,67.0,62.0,2,49,46959,37,28,51791,21,40042,PS,PS,PS,PS,21,35,102536,50706,35740,67229
121309.0,1262,Point Loma Nazarene University,"Private, nonprofit",1,4228,"Clinical, Counseling and Applied Psychology.",5,Master's Degree,34.0,44.0,PS,PS,PS,PS,PS,PS,PS,PS,PS,PS,PS,PS,PS,PS,22438,65184,47881,83770
121309.0,1262,Point Loma Nazarene University,"Private, nonprofit",1,4301,Criminal Justice and Corrections.,3,Bachelor's Degree,37.0,23.0,PS,PS,PS,PS,PS,PS,PS,PS,PS,PS,PS,PS,PS,PS,65120,55378,40158,74359
121309.0,1262,Point Loma Nazarene University,"Private, nonprofit",1,4404,Public Administration.,3,Bachelor's Degree,,0.0,,,,,,,,,,,,,,,PS,PS,PS,PS
121309.0,1262,Point Loma Nazarene University,"Private, nonprofit",1,4407,Social Work.,3,Bachelor's Degree,6.0,7.0,1,PS,PS,PS,PS,PS,PS,PS,PS,PS,PS,PS,PS,PS,28986,51790,39212,64160
121309.0,1262,Point Loma Nazarene University,"Private, nonprofit",1,4506,Economics.,3,Bachelor's Degree,4.0,5.0,0,PS,PS,PS,PS,PS,PS,PS,PS,PS,PS,PS,PS,PS,PS,PS,PS,PS
121309.0,1262,Point Loma Nazarene University,"Private, nonprofit",1,4510,Political Science and Government.,3,Bachelor's Degree,6.0,13.0,2,PS,PS,PS,PS,PS,PS,PS,PS,PS,PS,PS,PS,PS,36628,63293,44760,85406
121309.0,1262,Point Loma Nazarene University,"Private, nonprofit",1,4511,Sociology.,3,Bachelor's Degree,9.0,10.0,1,PS,PS,PS,PS,PS,PS,PS,PS,PS,PS,PS,PS,PS,31848,52657,37665,69502
121309.0,1262,Point Loma Nazarene University,"Private, nonprofit",1,5001,"Visual and Performing Arts, General.",3,Bachelor's Degree,4.0,7.0,0,PS,PS,PS,PS,PS,PS,PS,PS,PS,PS,PS,PS,PS,3499,41688,25771,59858
121309.0,1262,Point Loma Nazarene University,"Private, nonprofit",1,5004,Design and Applied Arts.,3,Bachelor's Degree,15.0,14.0,0,23,59941,18,PS,PS,PS,PS,PS,PS,PS,PS,PS,17,23871,51490,33006,70612
121309.0,1262,Point Loma Nazarene University,"Private, nonprofit",1,5009,Music.,3,Bachelor's Degree,12.0,6.0,0,PS,PS,PS,PS,PS,PS,PS,PS,PS,PS,PS,PS,PS,14715,42892,26048,58755
121309.0,1262,Point Loma Nazarene University,"Private, nonprofit",1,5100,"Health Services/Allied Health/Health Sciences, General.",3,Bachelor's Degree,,,1,PS,PS,PS,PS,PS,PS,PS,PS,PS,PS,PS,PS,PS,14079,61296,42849,82291
121309.0,1262,Point Loma Nazarene University,"Private, nonprofit",1,5109,"Allied Health Diagnostic, Intervention, and Treatment Professions.",3,Bachelor's Degree,42.0,42.0,1,40,67791,34,21,61658,20,77606,19,64891,22,68732,18,33,14015,70786,50919,95942
121309.0,1262,Point Loma Nazarene University,"Private, nonprofit",1,5109,"Allied Health Diagnostic, Intervention, and Treatment Professions.",5,Master's Degree,19.0,19.0,PS,PS,PS,PS,PS,PS,PS,PS,PS,PS,PS,PS,PS,PS,PS,PS,PS,PS
121309.0,1262,Point Loma Nazarene University,"Private, nonprofit",1,5123,Rehabilitation and Therapeutic Professions.,5,Master's Degree,,0.0,,,,,,,,,,,,,,,PS,PS,PS,PS
121309.0,1262,Point Loma Nazarene University,"Private, nonprofit",1,5131,Dietetics and Clinical Nutrition Services.,3,Bachelor's Degree,5.0,7.0,2,PS,PS,PS,PS,PS,PS,PS,PS,PS,PS,PS,PS,PS,3542,55753,40535,68442
121309.0,1262,Point Loma Nazarene University,"Private, nonprofit",1,5138,"Registered Nursing, Nursing Administration, Nursing Research and Clinical Nursing.",3,Bachelor's Degree,137.0,111.0,0,82,108557,80,29,93489,52,115610,PS,PS,PS,PS,PS,64,177924,88910,67853,114470
121309.0,1262,Point Loma Nazarene University,"Private, nonprofit",1,5138,"Registered Nursing, Nursing Administration, Nursing Research and Clinical Nursing.",5,Master's Degree,17.0,18.0,1,19,143553,17,PS,PS,PS,PS,PS,PS,PS,PS,PS,16,63874,120193,94642,149472
121309.0,1262,Point Loma Nazarene University,"Private, nonprofit",1,5138,"Registered Nursing, Nursing Administration, Nursing Research and Clinical Nursing.",7,First Professional Degree,2.0,4.0,PS,PS,PS,PS,PS,PS,PS,PS,PS,PS,PS,PS,PS,PS,PS,PS,PS,PS
121309.0,1262,Point Loma Nazarene University,"Private, nonprofit",1,5138,"Registered Nursing, Nursing Administration, Nursing Research and Clinical Nursing.",8,Graduate/Professional Certificate,2.0,2.0,PS,PS,PS,PS,PS,PS,PS,PS,PS,PS,PS,PS,PS,PS,PS,PS,PS,PS
121309.0,1262,Point Loma Nazarene University,"Private, nonprofit",1,5202,"Business Administration, Management and Operations.",3,Bachelor's Degree,115.0,117.0,1,33,55709,24,PS,PS,PS,PS,PS,PS,PS,PS,PS,29,183303,68257,47618,93584
121309.0,1262,Point Loma Nazarene University,"Private, nonprofit",1,5202,"Business Administration, Management and Operations.",5,Master's Degree,121.0,92.0,2,24,83749,22,PS,PS,PS,PS,PS,PS,PS,PS,PS,18,122193,103485,69982,153484
121309.0,1262,Point Loma Nazarene University,"Private, nonprofit",1,5203,Accounting and Related Services.,3,Bachelor's Degree,12.0,21.0,0,16,92989,PS,PS,PS,PS,PS,PS,PS,PS,PS,PS,PS,63013,76194,56205,97191
121309.0,1262,Point Loma Nazarene University,"Private, nonprofit",1,5203,Accounting and Related Services.,5,Master's Degree,,0.0,,,,,,,,,,,,,,,PS,PS,PS,PS
121309.0,1262,Point Loma Nazarene University,"Private, nonprofit",1,5205,Business/Corporate Communications.,3,Bachelor's Degree,,,0,28,59892,22,PS,PS,PS,PS,PS,PS,PS,PS,PS,23,1182,65784,46837,84989
121309.0,1262,Point Loma Nazarene University,"Private, nonprofit",1,5207,Entrepreneurial and Small Business Operations.,3,Bachelor's Degree,,,0,PS,PS,PS,PS,PS,PS,PS,PS,PS,PS,PS,PS,PS,3469,61027,38487,88452
121309.0,1262,Point Loma Nazarene University,"Private, nonprofit",1,5208,Finance and Financial Management Services.,3,Bachelor's Degree,28.0,37.0,1,21,116716,20,PS,PS,PS,PS,PS,PS,PS,PS,PS,PS,43799,83343,60801,111527
121309.0,1262,Point Loma Nazarene University,"Private, nonprofit",1,5212,Management Information Systems and Services.,3,Bachelor's Degree,3.0,2.0,0,PS,PS,PS,PS,PS,PS,PS,PS,PS,PS,PS,PS,PS,10427,83290,58799,111586
121309.0,1262,Point Loma Nazarene University,"Private, nonprofit",1,5213,Management Sciences and Quantitative Methods.,3,Bachelor's Degree,,,0,PS,PS,PS,PS,PS,PS,PS,PS,PS,PS,PS,PS,PS,7976,86176,61755,114719
121309.0,1262,Point Loma Nazarene University,"Private, nonprofit",1,5214,Marketing.,3,Bachelor's Degree,33.0,26.0,1,17,70128,16,PS,PS,PS,PS,PS,PS,PS,PS,PS,17,48162,69303,49728,93152
121309.0,1262,Point Loma Nazarene University,"Private, nonprofit",1,5219,"Specialized Sales, Merchandising and  Marketing Operations.",3,Bachelor's Degree,,,1,PS,PS,PS,PS,PS,PS,PS,PS,PS,PS,PS,PS,PS,4289,59631,42122,77961
121309.0,1262,Point Loma Nazarene University,"Private, nonprofit",1,5401,History.,3,Bachelor's Degree,6.0,8.0,0,PS,PS,PS,PS,PS,PS,PS,PS,PS,PS,PS,PS,PS,23671,50680,36330,66736
121345.0,1173,Pomona College,"Private, nonprofit",1,301,Natural Resources Conservation and Research.,3,Bachelor's Degree,10.0,12.0,0,PS,PS,PS,PS,PS,PS,PS,PS,PS,PS,PS,PS,PS,15907,55012,39435,72794
121345.0,1173,Pomona College,"Private, nonprofit",1,501,Area Studies.,3,Bachelor's Degree,5.0,8.0,1,PS,PS,PS,PS,PS,PS,PS,PS,PS,PS,PS,PS,PS,3737,56625,37190,78481
121345.0,1173,Pomona College,"Private, nonprofit",1,502,"Ethnic, Cultural Minority, Gender, and Group Studies.",3,Bachelor's Degree,9.0,16.0,0,PS,PS,PS,PS,PS,PS,PS,PS,PS,PS,PS,PS,PS,5420,51710,34946,68128
121345.0,1173,Pomona College,"Private, nonprofit",1,901,Communication and Media Studies.,3,Bachelor's Degree,18.0,20.0,0,PS,PS,PS,PS,PS,PS,PS,PS,PS,PS,PS,PS,PS,61357,56359,39575,76115
121345.0,1173,Pomona College,"Private, nonprofit",1,1107,Computer Science.,3,Bachelor's Degree,50.0,49.0,1,PS,PS,PS,PS,PS,PS,PS,PS,PS,PS,PS,PS,PS,28067,107009,74830,152038
121345.0,1173,Pomona College,"Private, nonprofit",1,1401,"Engineering, General.",3,Bachelor's Degree,0.0,1.0,PS,PS,PS,PS,PS,PS,PS,PS,PS,PS,PS,PS,PS,PS,PS,PS,PS,PS
121345.0,1173,Pomona College,"Private, nonprofit",1,1601,"Linguistic, Comparative, and Related Language Studies and Services.",3,Bachelor's Degree,10.0,6.0,PS,PS,PS,PS,PS,PS,PS,PS,PS,PS,PS,PS,PS,PS,4565,49984,32888,69881
121345.0,1173,Pomona College,"Private, nonprofit",1,1603,"East Asian Languages, Literatures, and Linguistics.",3,Bachelor's Degree,0.0,0.0,PS,PS,PS,PS,PS,PS,PS,PS,PS,PS,PS,PS,PS,PS,PS,PS,PS,PS
121345.0,1173,Pomona College,"Private, nonprofit",1,1604,"Slavic, Baltic and Albanian Languages, Literatures, and Linguistics.",3,Bachelor's Degree,0.0,0.0,PS,PS,PS,PS,PS,PS,PS,PS,PS,PS,PS,PS,PS,PS,352,62169,41735,85130
121345.0,1173,Pomona College,"Private, nonprofit",1,1605,"Germanic Languages, Literatures, and Linguistics.",3,Bachelor's Degree,0.0,0.0,PS,PS,PS,PS,PS,PS,PS,PS,PS,PS,PS,PS,PS,PS,PS,PS,PS,PS
121345.0,1173,Pomona College,"Private, nonprofit",1,1609,"Romance Languages, Literatures, and Linguistics.",3,Bachelor's Degree,7.0,11.0,1,PS,PS,PS,PS,PS,PS,PS,PS,PS,PS,PS,PS,PS,10363,55000,38411,73324
121345.0,1173,Pomona College,"Private, nonprofit",1,1612,"Classics and Classical Languages, Literatures, and Linguistics.",3,Bachelor's Degree,2.0,7.0,PS,PS,PS,PS,PS,PS,PS,PS,PS,PS,PS,PS,PS,PS,PS,PS,PS,PS
121345.0,1173,Pomona College,"Private, nonprofit",1,2301,"English Language and Literature, General.",3,Bachelor's Degree,10.0,22.0,2,PS,PS,PS,PS,PS,PS,PS,PS,PS,PS,PS,PS,PS,33025,48590,33654,63810
121345.0,1173,Pomona College,"Private, nonprofit",1,2601,"Biology, General.",3,Bachelor's Degree,18.0,15.0,3,PS,PS,PS,PS,PS,PS,PS,PS,PS,PS,PS,PS,PS,57101,57214,38929,79199
121345.0,1173,Pomona College,"Private, nonprofit",1,2602,"Biochemistry, Biophysics and Molecular Biology.",3,Bachelor's Degree,17.0,24.0,0,PS,PS,PS,PS,PS,PS,PS,PS,PS,PS,PS,PS,PS,6319,65466,44889,88432
121345.0,1173,Pomona College,"Private, nonprofit",1,2615,Neurobiology and Neurosciences.,3,Bachelor's Degree,18.0,26.0,1,PS,PS,PS,PS,PS,PS,PS,PS,PS,PS,PS,PS,PS,3745,62451,40736,88598
121345.0,1173,Pomona College,"Private, nonprofit",1,2701,Mathematics.,3,Bachelor's Degree,31.0,39.0,1,PS,PS,PS,PS,PS,PS,PS,PS,PS,PS,PS,PS,PS,15976,69562,49058,97414
121345.0,1173,Pomona College,"Private, nonprofit",1,3013,Medieval and Renaissance Studies.,3,Bachelor's Degree,0.0,0.0,PS,PS,PS,PS,PS,PS,PS,PS,PS,PS,PS,PS,PS,PS,PS,PS,PS,PS
121345.0,1173,Pomona College,"Private, nonprofit",1,3015,"Science, Technology and Society.",3,Bachelor's Degree,5.0,5.0,1,PS,PS,PS,PS,PS,PS,PS,PS,PS,PS,PS,PS,PS,PS,PS,PS,PS
121345.0,1173,Pomona College,"Private, nonprofit",1,3025,Cognitive Science.,3,Bachelor's Degree,7.0,9.0,PS,PS,PS,PS,PS,PS,PS,PS,PS,PS,PS,PS,PS,PS,1411,81496,53334,130402
121345.0,1173,Pomona College,"Private, nonprofit",1,3099,"Multi/Interdisciplinary Studies, Other.",3,Bachelor's Degree,11.0,17.0,PS,PS,PS,PS,PS,PS,PS,PS,PS,PS,PS,PS,PS,PS,27598,55693,40311,72165
121345.0,1173,Pomona College,"Private, nonprofit",1,3801,Philosophy.,3,Bachelor's Degree,4.0,8.0,PS,PS,PS,PS,PS,PS,PS,PS,PS,PS,PS,PS,PS,PS,6085,54455,34926,78043
121345.0,1173,Pomona College,"Private, nonprofit",1,3802,Religion/Religious Studies.,3,Bachelor's Degree,2.0,6.0,0,PS,PS,PS,PS,PS,PS,PS,PS,PS,PS,PS,PS,PS,PS,PS,PS,PS
121345.0,1173,Pomona College,"Private, nonprofit",1,4005,Chemistry.,3,Bachelor's Degree,11.0,8.0,0,PS,PS,PS,PS,PS,PS,PS,PS,PS,PS,PS,PS,PS,10453,65120,48307,84018
121345.0,1173,Pomona College,"Private, nonprofit",1,4006,Geological and Earth Sciences/Geosciences.,3,Bachelor's Degree,4.0,8.0,PS,PS,PS,PS,PS,PS,PS,PS,PS,PS,PS,PS,PS,PS,6193,60190,44343,77573
121345.0,1173,Pomona College,"Private, nonprofit",1,4008,Physics.,3,Bachelor's Degree,6.0,21.0,0,PS,PS,PS,PS,PS,PS,PS,PS,PS,PS,PS,PS,PS,5602,76786,51777,102948
121345.0,1173,Pomona College,"Private, nonprofit",1,4201,"Psychology, General.",3,Bachelor's Degree,0.0,0.0,1,PS,PS,PS,PS,PS,PS,PS,PS,PS,PS,PS,PS,PS,102536,50706,35740,67229
121345.0,1173,Pomona College,"Private, nonprofit",1,4227,Research and Experimental Psychology.,3,Bachelor's Degree,9.0,20.0,0,PS,PS,PS,PS,PS,PS,PS,PS,PS,PS,PS,PS,PS,7947,55695,38073,76465
121345.0,1173,Pomona College,"Private, nonprofit",1,4405,Public Policy Analysis.,3,Bachelor's Degree,12.0,15.0,0,PS,PS,PS,PS,PS,PS,PS,PS,PS,PS,PS,PS,PS,1612,73721,53280,104068
121345.0,1173,Pomona College,"Private, nonprofit",1,4502,Anthropology.,3,Bachelor's Degree,6.0,10.0,PS,PS,PS,PS,PS,PS,PS,PS,PS,PS,PS,PS,PS,PS,PS,PS,PS,PS
121345.0,1173,Pomona College,"Private, nonprofit",1,4506,Economics.,3,Bachelor's Degree,47.0,67.0,2,22,131742,18,PS,PS,PS,PS,PS,PS,PS,PS,PS,PS,28744,82686,58184,116323
121345.0,1173,Pomona College,"Private, nonprofit",1,4509,International Relations and National Security Studies.,3,Bachelor's Degree,16.0,16.0,1,PS,PS,PS,PS,PS,PS,PS,PS,PS,PS,PS,PS,PS,8070,66596,46031,87798
121345.0,1173,Pomona College,"Private, nonprofit",1,4510,Political Science and Government.,3,Bachelor's Degree,25.0,30.0,0,PS,PS,PS,PS,PS,PS,PS,PS,PS,PS,PS,PS,PS,36628,63293,44760,85406
121345.0,1173,Pomona College,"Private, nonprofit",1,4511,Sociology.,3,Bachelor's Degree,3.0,10.0,0,PS,PS,PS,PS,PS,PS,PS,PS,PS,PS,PS,PS,PS,31848,52657,37665,69502
121345.0,1173,Pomona College,"Private, nonprofit",1,5003,Dance.,3,Bachelor's Degree,1.0,2.0,0,PS,PS,PS,PS,PS,PS,PS,PS,PS,PS,PS,PS,PS,2823,39980,24910,57333
121345.0,1173,Pomona College,"Private, nonprofit",1,5005,Drama/Theatre Arts and Stagecraft.,3,Bachelor's Degree,8.0,4.0,0,PS,PS,PS,PS,PS,PS,PS,PS,PS,PS,PS,PS,PS,14066,39775,25491,55399
121345.0,1173,Pomona College,"Private, nonprofit",1,5007,Fine and Studio Arts.,3,Bachelor's Degree,17.0,15.0,0,PS,PS,PS,PS,PS,PS,PS,PS,PS,PS,PS,PS,PS,26935,41367,26241,56653
121345.0,1173,Pomona College,"Private, nonprofit",1,5009,Music.,3,Bachelor's Degree,10.0,3.0,0,PS,PS,PS,PS,PS,PS,PS,PS,PS,PS,PS,PS,PS,14715,42892,26048,58755
121345.0,1173,Pomona College,"Private, nonprofit",1,5401,History.,3,Bachelor's Degree,9.0,10.0,0,PS,PS,PS,PS,PS,PS,PS,PS,PS,PS,PS,PS,PS,23671,50680,36330,66736
121628.0,10441,RAND School of Public Policy,"Private, nonprofit",1,4405,Public Policy Analysis.,6,Doctoral Degree,,,0,PS,PS,PS,PS,PS,PS,PS,PS,PS,PS,PS,PS,PS,176,119220,88172,156517
121628.0,10441,RAND School of Public Policy,"Private, nonprofit",1,4506,Economics.,5,Master's Degree,20.0,24.0,PS,PS,PS,PS,PS,PS,PS,PS,PS,PS,PS,PS,PS,PS,PS,PS,PS,PS
121628.0,10441,RAND School of Public Policy,"Private, nonprofit",1,4506,Economics.,6,Doctoral Degree,21.0,16.0,PS,PS,PS,PS,PS,PS,PS,PS,PS,PS,PS,PS,PS,PS,PS,PS,PS,PS
121691.0,1322,University of Redlands,"Private, nonprofit",1,301,Natural Resources Conservation and Research.,3,Bachelor's Degree,43.0,48.0,2,33,70817,26,PS,PS,PS,PS,16,73590,18,67572,PS,21,15907,55012,39435,72794
121691.0,1322,University of Redlands,"Private, nonprofit",1,302,Environmental/Natural Resources Management and Policy.,3,Bachelor's Degree,4.0,4.0,0,PS,PS,PS,PS,PS,PS,PS,PS,PS,PS,PS,PS,PS,1553,56185,41328,74677
121691.0,1322,University of Redlands,"Private, nonprofit",1,501,Area Studies.,3,Bachelor's Degree,2.0,5.0,3,PS,PS,PS,PS,PS,PS,PS,PS,PS,PS,PS,PS,PS,3737,56625,37190,78481
121691.0,1322,University of Redlands,"Private, nonprofit",1,502,"Ethnic, Cultural Minority, Gender, and Group Studies.",1,Undergraduate Certificate or Diploma,4.0,1.0,PS,PS,PS,PS,PS,PS,PS,PS,PS,PS,PS,PS,PS,PS,PS,PS,PS,PS
121691.0,1322,University of Redlands,"Private, nonprofit",1,502,"Ethnic, Cultural Minority, Gender, and Group Studies.",3,Bachelor's Degree,13.0,13.0,0,PS,PS,PS,PS,PS,PS,PS,PS,PS,PS,PS,PS,PS,5420,51710,34946,68128
121691.0,1322,University of Redlands,"Private, nonprofit",1,1101,"Computer and Information Sciences, General.",1,Undergraduate Certificate or Diploma,1.0,0.0,,,,,,,,,,,,,,,PS,PS,PS,PS
121691.0,1322,University of Redlands,"Private, nonprofit",1,1101,"Computer and Information Sciences, General.",3,Bachelor's Degree,20.0,21.0,PS,PS,PS,PS,PS,PS,PS,PS,PS,PS,PS,PS,PS,PS,41037,92374,64179,128180
121691.0,1322,University of Redlands,"Private, nonprofit",1,1104,Information Science/Studies.,5,Master's Degree,1.0,1.0,PS,PS,PS,PS,PS,PS,PS,PS,PS,PS,PS,PS,PS,PS,3532,112705,75540,153142
121691.0,1322,University of Redlands,"Private, nonprofit",1,1301,"Education, General.",5,Master's Degree,7.0,7.0,PS,PS,PS,PS,PS,PS,PS,PS,PS,PS,PS,PS,PS,PS,PS,PS,PS,PS
121691.0,1322,University of Redlands,"Private, nonprofit",1,1301,"Education, General.",8,Graduate/Professional Certificate,0.0,0.0,PS,PS,PS,PS,PS,PS,PS,PS,PS,PS,PS,PS,PS,PS,PS,PS,PS,PS
121691.0,1322,University of Redlands,"Private, nonprofit",1,1303,Curriculum and Instruction.,5,Master's Degree,1.0,2.0,1,PS,PS,PS,PS,PS,PS,PS,PS,PS,PS,PS,PS,PS,18183,63399,51716,78118
121691.0,1322,University of Redlands,"Private, nonprofit",1,1303,Curriculum and Instruction.,8,Graduate/Professional Certificate,0.0,0.0,PS,PS,PS,PS,PS,PS,PS,PS,PS,PS,PS,PS,PS,PS,PS,PS,PS,PS
121691.0,1322,University of Redlands,"Private, nonprofit",1,1304,Educational Administration and Supervision.,5,Master's Degree,21.0,11.0,0,PS,PS,PS,PS,PS,PS,PS,PS,PS,PS,PS,PS,PS,32412,71685,57739,90151
121691.0,1322,University of Redlands,"Private, nonprofit",1,1304,Educational Administration and Supervision.,6,Doctoral Degree,8.0,12.0,0,PS,PS,PS,PS,PS,PS,PS,PS,PS,PS,PS,PS,PS,7878,100573,76116,135360
121691.0,1322,University of Redlands,"Private, nonprofit",1,1304,Educational Administration and Supervision.,8,Graduate/Professional Certificate,0.0,0.0,0,PS,PS,PS,PS,PS,PS,PS,PS,PS,PS,PS,PS,PS,3150,86288,68333,108948
121691.0,1322,University of Redlands,"Private, nonprofit",1,1304,Educational Administration and Supervision.,99,Non-Credential Program (Preparatory Coursework/Teacher Certification),,,,,,,,,,,,,,,,,514,90560,69507,117595
121691.0,1322,University of Redlands,"Private, nonprofit",1,1310,Special Education and Teaching.,1,Undergraduate Certificate or Diploma,1.0,0.0,PS,PS,PS,PS,PS,PS,PS,PS,PS,PS,PS,PS,PS,PS,PS,PS,PS,PS
121691.0,1322,University of Redlands,"Private, nonprofit",1,1310,Special Education and Teaching.,5,Master's Degree,50.0,21.0,PS,PS,PS,PS,PS,PS,PS,PS,PS,PS,PS,PS,PS,PS,21493,64397,52390,79764
121691.0,1322,University of Redlands,"Private, nonprofit",1,1310,Special Education and Teaching.,99,Non-Credential Program (Preparatory Coursework/Teacher Certification),,,,,,,,,,,,,,,,,304,70406,57253,85837
121691.0,1322,University of Redlands,"Private, nonprofit",1,1311,Student Counseling and Personnel Services.,1,Undergraduate Certificate or Diploma,1.0,0.0,,,,,,,,,,,,,,,PS,PS,PS,PS
121691.0,1322,University of Redlands,"Private, nonprofit",1,1311,Student Counseling and Personnel Services.,3,Bachelor's Degree,,,PS,PS,PS,PS,PS,PS,PS,PS,PS,PS,PS,PS,PS,PS,PS,PS,PS,PS
121691.0,1322,University of Redlands,"Private, nonprofit",1,1311,Student Counseling and Personnel Services.,5,Master's Degree,23.0,38.0,0,PS,PS,PS,PS,PS,PS,PS,PS,PS,PS,PS,PS,PS,15495,60111,48192,74890
121691.0,1322,University of Redlands,"Private, nonprofit",1,1311,Student Counseling and Personnel Services.,8,Graduate/Professional Certificate,,,PS,PS,PS,PS,PS,PS,PS,PS,PS,PS,PS,PS,PS,PS,380,64774,52462,89460
121691.0,1322,University of Redlands,"Private, nonprofit",1,1312,"Teacher Education and Professional Development, Specific Levels and Methods.",1,Undergraduate Certificate or Diploma,1.0,2.0,PS,PS,PS,PS,PS,PS,PS,PS,PS,PS,PS,PS,PS,PS,PS,PS,PS,PS
121691.0,1322,University of Redlands,"Private, nonprofit",1,1312,"Teacher Education and Professional Development, Specific Levels and Methods.",5,Master's Degree,273.0,157.0,0,46,79275,46,29,78544,17,78987,16,82204,30,76470,PS,43,30920,59916,48965,72958
121691.0,1322,University of Redlands,"Private, nonprofit",1,1312,"Teacher Education and Professional Development, Specific Levels and Methods.",99,Non-Credential Program (Preparatory Coursework/Teacher Certification),,,,,,,,,,,,,,,,,709,57802,47934,73061
121691.0,1322,University of Redlands,"Private, nonprofit",1,1313,"Teacher Education and Professional Development, Specific Subject Areas.",3,Bachelor's Degree,10.0,13.0,1,PS,PS,PS,PS,PS,PS,PS,PS,PS,PS,PS,PS,PS,22867,51389,40539,63098
121691.0,1322,University of Redlands,"Private, nonprofit",1,1313,"Teacher Education and Professional Development, Specific Subject Areas.",5,Master's Degree,0.0,0.0,PS,PS,PS,PS,PS,PS,PS,PS,PS,PS,PS,PS,PS,PS,PS,PS,PS,PS
121691.0,1322,University of Redlands,"Private, nonprofit",1,1605,"Germanic Languages, Literatures, and Linguistics.",3,Bachelor's Degree,0.0,1.0,0,PS,PS,PS,PS,PS,PS,PS,PS,PS,PS,PS,PS,PS,PS,PS,PS,PS
121691.0,1322,University of Redlands,"Private, nonprofit",1,1609,"Romance Languages, Literatures, and Linguistics.",3,Bachelor's Degree,25.0,25.0,1,20,65762,18,PS,PS,PS,PS,PS,PS,PS,PS,PS,19,10363,55000,38411,73324
121691.0,1322,University of Redlands,"Private, nonprofit",1,2301,"English Language and Literature, General.",3,Bachelor's Degree,22.0,26.0,2,25,53835,21,PS,PS,PS,PS,PS,PS,PS,PS,PS,18,33025,48590,33654,63810
121691.0,1322,University of Redlands,"Private, nonprofit",1,2313,Rhetoric and Composition/Writing Studies.,3,Bachelor's Degree,16.0,12.0,0,17,39613,PS,PS,PS,PS,PS,PS,PS,PS,PS,PS,PS,8509,48471,32167,67306
121691.0,1322,University of Redlands,"Private, nonprofit",1,2401,"Liberal Arts and Sciences, General Studies and Humanities.",3,Bachelor's Degree,18.0,12.0,8,45,40972,26,PS,PS,20,20487,16,22686,27,45640,PS,21,50554,53072,35750,73322
121691.0,1322,University of Redlands,"Private, nonprofit",1,2601,"Biology, General.",3,Bachelor's Degree,36.0,35.0,2,36,72217,30,19,72282,18,74768,PS,PS,PS,PS,17,24,57101,57214,38929,79199
121691.0,1322,University of Redlands,"Private, nonprofit",1,2602,"Biochemistry, Biophysics and Molecular Biology.",3,Bachelor's Degree,3.0,2.0,0,PS,PS,PS,PS,PS,PS,PS,PS,PS,PS,PS,PS,PS,PS,PS,PS,PS
121691.0,1322,University of Redlands,"Private, nonprofit",1,2701,Mathematics.,3,Bachelor's Degree,18.0,13.0,2,PS,PS,PS,PS,PS,PS,PS,PS,PS,PS,PS,PS,PS,15976,69562,49058,97414
121691.0,1322,University of Redlands,"Private, nonprofit",1,3033,Sustainability Studies.,5,Master's Degree,,,,,,,,,,,,,,,,,657,76897,59678,102020
121691.0,1322,University of Redlands,"Private, nonprofit",1,3099,"Multi/Interdisciplinary Studies, Other.",3,Bachelor's Degree,72.0,84.0,PS,PS,PS,PS,PS,PS,PS,PS,PS,PS,PS,PS,PS,PS,27598,55693,40311,72165
121691.0,1322,University of Redlands,"Private, nonprofit",1,3801,Philosophy.,3,Bachelor's Degree,3.0,5.0,0,PS,PS,PS,PS,PS,PS,PS,PS,PS,PS,PS,PS,PS,6085,54455,34926,78043
121691.0,1322,University of Redlands,"Private, nonprofit",1,3802,Religion/Religious Studies.,3,Bachelor's Degree,10.0,3.0,0,PS,PS,PS,PS,PS,PS,PS,PS,PS,PS,PS,PS,PS,5310,41390,20518,65165
121691.0,1322,University of Redlands,"Private, nonprofit",1,3906,Theological and Ministerial Studies.,5,Master's Degree,7.0,11.0,2,PS,PS,PS,PS,PS,PS,PS,PS,PS,PS,PS,PS,PS,6997,61300,40587,91229
121691.0,1322,University of Redlands,"Private, nonprofit",1,3906,Theological and Ministerial Studies.,6,Doctoral Degree,,,0,PS,PS,PS,PS,PS,PS,PS,PS,PS,PS,PS,PS,PS,757,71982,47428,110193
121691.0,1322,University of Redlands,"Private, nonprofit",1,3906,Theological and Ministerial Studies.,7,First Professional Degree,10.0,9.0,PS,PS,PS,PS,PS,PS,PS,PS,PS,PS,PS,PS,PS,PS,PS,PS,PS,PS
121691.0,1322,University of Redlands,"Private, nonprofit",1,3906,Theological and Ministerial Studies.,8,Graduate/Professional Certificate,1.0,0.0,PS,PS,PS,PS,PS,PS,PS,PS,PS,PS,PS,PS,PS,PS,PS,PS,PS,PS
121691.0,1322,University of Redlands,"Private, nonprofit",1,3907,Pastoral Counseling and Specialized Ministries.,1,Undergraduate Certificate or Diploma,0.0,0.0,PS,PS,PS,PS,PS,PS,PS,PS,PS,PS,PS,PS,PS,PS,PS,PS,PS,PS
121691.0,1322,University of Redlands,"Private, nonprofit",1,3999,"Theology and Religious Vocations, Other.",5,Master's Degree,0.0,0.0,0,PS,PS,PS,PS,PS,PS,PS,PS,PS,PS,PS,PS,PS,PS,PS,PS,PS
121691.0,1322,University of Redlands,"Private, nonprofit",1,3999,"Theology and Religious Vocations, Other.",8,Graduate/Professional Certificate,8.0,18.0,PS,PS,PS,PS,PS,PS,PS,PS,PS,PS,PS,PS,PS,PS,PS,PS,PS,PS
121691.0,1322,University of Redlands,"Private, nonprofit",1,4005,Chemistry.,3,Bachelor's Degree,14.0,7.0,0,PS,PS,PS,PS,PS,PS,PS,PS,PS,PS,PS,PS,PS,10453,65120,48307,84018
121691.0,1322,University of Redlands,"Private, nonprofit",1,4008,Physics.,3,Bachelor's Degree,9.0,7.0,2,PS,PS,PS,PS,PS,PS,PS,PS,PS,PS,PS,PS,PS,5602,76786,51777,102948
121691.0,1322,University of Redlands,"Private, nonprofit",1,4201,"Psychology, General.",3,Bachelor's Degree,78.0,68.0,4,62,59194,50,33,45886,29,64506,PS,PS,PS,PS,31,47,102536,50706,35740,67229
121691.0,1322,University of Redlands,"Private, nonprofit",1,4228,"Clinical, Counseling and Applied Psychology.",8,Graduate/Professional Certificate,1.0,7.0,PS,PS,PS,PS,PS,PS,PS,PS,PS,PS,PS,PS,PS,PS,PS,PS,PS,PS
121691.0,1322,University of Redlands,"Private, nonprofit",1,4405,Public Policy Analysis.,3,Bachelor's Degree,21.0,17.0,0,PS,PS,PS,PS,PS,PS,PS,PS,PS,PS,PS,PS,PS,1612,73721,53280,104068
121691.0,1322,University of Redlands,"Private, nonprofit",1,4506,Economics.,3,Bachelor's Degree,18.0,10.0,2,PS,PS,PS,PS,PS,PS,PS,PS,PS,PS,PS,PS,PS,28744,82686,58184,116323
121691.0,1322,University of Redlands,"Private, nonprofit",1,4507,Geography and Cartography.,5,Master's Degree,14.0,21.0,0,PS,PS,PS,PS,PS,PS,PS,PS,PS,PS,PS,PS,PS,1089,79784,61240,104635
121691.0,1322,University of Redlands,"Private, nonprofit",1,4507,Geography and Cartography.,8,Graduate/Professional Certificate,1.0,0.0,PS,PS,PS,PS,PS,PS,PS,PS,PS,PS,PS,PS,PS,PS,PS,PS,PS,PS
121691.0,1322,University of Redlands,"Private, nonprofit",1,4509,International Relations and National Security Studies.,3,Bachelor's Degree,8.0,11.0,1,PS,PS,PS,PS,PS,PS,PS,PS,PS,PS,PS,PS,PS,8070,66596,46031,87798
121691.0,1322,University of Redlands,"Private, nonprofit",1,4510,Political Science and Government.,3,Bachelor's Degree,31.0,22.0,0,PS,PS,PS,PS,PS,PS,PS,PS,PS,PS,PS,PS,PS,36628,63293,44760,85406
121691.0,1322,University of Redlands,"Private, nonprofit",1,4511,Sociology.,3,Bachelor's Degree,22.0,22.0,1,26,46405,18,PS,PS,PS,PS,PS,PS,PS,PS,PS,20,31848,52657,37665,69502
121691.0,1322,University of Redlands,"Private, nonprofit",1,5004,Design and Applied Arts.,3,Bachelor's Degree,22.0,20.0,1,PS,PS,PS,PS,PS,PS,PS,PS,PS,PS,PS,PS,PS,23871,51490,33006,70612
121691.0,1322,University of Redlands,"Private, nonprofit",1,5005,Drama/Theatre Arts and Stagecraft.,3,Bachelor's Degree,5.0,6.0,0,PS,PS,PS,PS,PS,PS,PS,PS,PS,PS,PS,PS,PS,14066,39775,25491,55399
121691.0,1322,University of Redlands,"Private, nonprofit",1,5007,Fine and Studio Arts.,3,Bachelor's Degree,22.0,20.0,2,28,53394,22,PS,PS,PS,PS,PS,PS,PS,PS,PS,20,26935,41367,26241,56653
121691.0,1322,University of Redlands,"Private, nonprofit",1,5009,Music.,3,Bachelor's Degree,26.0,24.0,1,PS,PS,PS,PS,PS,PS,PS,PS,PS,PS,PS,PS,PS,14715,42892,26048,58755
121691.0,1322,University of Redlands,"Private, nonprofit",1,5009,Music.,5,Master's Degree,18.0,14.0,0,PS,PS,PS,PS,PS,PS,PS,PS,PS,PS,PS,PS,PS,5004,48285,28079,65736
121691.0,1322,University of Redlands,"Private, nonprofit",1,5009,Music.,8,Graduate/Professional Certificate,1.0,2.0,PS,PS,PS,PS,PS,PS,PS,PS,PS,PS,PS,PS,PS,PS,PS,PS,PS,PS
121691.0,1322,University of Redlands,"Private, nonprofit",1,5010,"Arts, Entertainment, and Media Management.",3,Bachelor's Degree,6.0,3.0,PS,PS,PS,PS,PS,PS,PS,PS,PS,PS,PS,PS,PS,PS,3476,48240,31627,64853
121691.0,1322,University of Redlands,"Private, nonprofit",1,5102,Communication Disorders Sciences and Services.,3,Bachelor's Degree,51.0,42.0,2,55,68187,46,24,64123,31,73096,PS,PS,PS,PS,37,43,11257,58928,44993,73005
121691.0,1322,University of Redlands,"Private, nonprofit",1,5102,Communication Disorders Sciences and Services.,5,Master's Degree,24.0,32.0,0,30,89677,29,PS,PS,PS,PS,PS,PS,PS,PS,PS,26,11787,67030,53057,82358
121691.0,1322,University of Redlands,"Private, nonprofit",1,5107,Health and Medical Administrative Services.,1,Undergraduate Certificate or Diploma,0.0,0.0,PS,PS,PS,PS,PS,PS,PS,PS,PS,PS,PS,PS,PS,PS,PS,PS,PS,PS
121691.0,1322,University of Redlands,"Private, nonprofit",1,5107,Health and Medical Administrative Services.,99,Non-Credential Program (Preparatory Coursework/Teacher Certification),,,,,,,,,,,,,,,,,114,41452,28505,53650
121691.0,1322,University of Redlands,"Private, nonprofit",1,5115,Mental and Social Health Services and Allied Professions.,5,Master's Degree,5.0,9.0,0,PS,PS,PS,PS,PS,PS,PS,PS,PS,PS,PS,PS,PS,15919,59571,41812,76123
121691.0,1322,University of Redlands,"Private, nonprofit",1,5201,"Business/Commerce, General.",3,Bachelor's Degree,126.0,120.0,5,104,84188,97,73,82676,29,110285,45,97622,59,81241,34,91,27865,68407,48204,94571
121691.0,1322,University of Redlands,"Private, nonprofit",1,5201,"Business/Commerce, General.",5,Master's Degree,0.0,0.0,8,154,91517,143,85,83825,69,95143,69,112870,85,76039,PS,138,8991,125988,83879,189086
121691.0,1322,University of Redlands,"Private, nonprofit",1,5202,"Business Administration, Management and Operations.",1,Undergraduate Certificate or Diploma,11.0,11.0,PS,PS,PS,PS,PS,PS,PS,PS,PS,PS,PS,PS,PS,PS,PS,PS,PS,PS
121691.0,1322,University of Redlands,"Private, nonprofit",1,5202,"Business Administration, Management and Operations.",3,Bachelor's Degree,105.0,118.0,5,137,80923,125,64,72129,73,84467,62,82901,75,78789,24,113,183303,68257,47618,93584
121691.0,1322,University of Redlands,"Private, nonprofit",1,5202,"Business Administration, Management and Operations.",5,Master's Degree,322.0,241.0,22,251,102523,229,134,100522,118,103231,139,111907,113,96339,PS,211,122193,103485,69982,153484
121691.0,1322,University of Redlands,"Private, nonprofit",1,5202,"Business Administration, Management and Operations.",6,Doctoral Degree,,,PS,PS,PS,PS,PS,PS,PS,PS,PS,PS,PS,PS,PS,PS,2226,113566,70833,164979
121691.0,1322,University of Redlands,"Private, nonprofit",1,5202,"Business Administration, Management and Operations.",8,Graduate/Professional Certificate,0.0,0.0,PS,PS,PS,PS,PS,PS,PS,PS,PS,PS,PS,PS,PS,PS,PS,PS,PS,PS
121691.0,1322,University of Redlands,"Private, nonprofit",1,5202,"Business Administration, Management and Operations.",99,Non-Credential Program (Preparatory Coursework/Teacher Certification),,,,,,,,,,,,,,,,,708,62426,37750,88220
121691.0,1322,University of Redlands,"Private, nonprofit",1,5203,Accounting and Related Services.,1,Undergraduate Certificate or Diploma,1.0,0.0,,,,,,,,,,,,,,,PS,PS,PS,PS
121691.0,1322,University of Redlands,"Private, nonprofit",1,5203,Accounting and Related Services.,3,Bachelor's Degree,16.0,6.0,0,28,100799,28,PS,PS,PS,PS,PS,PS,PS,PS,PS,22,63013,76194,56205,97191
121691.0,1322,University of Redlands,"Private, nonprofit",1,5206,Business/Managerial Economics.,3,Bachelor's Degree,0.0,6.0,2,PS,PS,PS,PS,PS,PS,PS,PS,PS,PS,PS,PS,PS,5426,77981,55058,106683
121691.0,1322,University of Redlands,"Private, nonprofit",1,5208,Finance and Financial Management Services.,99,Non-Credential Program (Preparatory Coursework/Teacher Certification),,,,,,,,,,,,,,,,,18,124217,PS,PS
121691.0,1322,University of Redlands,"Private, nonprofit",1,5210,Human Resources Management and Services.,1,Undergraduate Certificate or Diploma,5.0,2.0,PS,PS,PS,PS,PS,PS,PS,PS,PS,PS,PS,PS,PS,PS,PS,PS,PS,PS
121691.0,1322,University of Redlands,"Private, nonprofit",1,5210,Human Resources Management and Services.,99,Non-Credential Program (Preparatory Coursework/Teacher Certification),,,,,,,,,,,,,,,,,97,65711,47391,91264
121691.0,1322,University of Redlands,"Private, nonprofit",1,5211,International Business.,3,Bachelor's Degree,16.0,23.0,1,PS,PS,PS,PS,PS,PS,PS,PS,PS,PS,PS,PS,PS,5548,73201,51264,98832
121691.0,1322,University of Redlands,"Private, nonprofit",1,5211,International Business.,8,Graduate/Professional Certificate,0.0,0.0,PS,PS,PS,PS,PS,PS,PS,PS,PS,PS,PS,PS,PS,PS,PS,PS,PS,PS
121691.0,1322,University of Redlands,"Private, nonprofit",1,5212,Management Information Systems and Services.,3,Bachelor's Degree,1.0,0.0,,,,,,,,,,,,,,,PS,PS,PS,PS
121691.0,1322,University of Redlands,"Private, nonprofit",1,5213,Management Sciences and Quantitative Methods.,5,Master's Degree,6.0,20.0,,,,,,,,,,,,,,,PS,PS,PS,PS
121691.0,1322,University of Redlands,"Private, nonprofit",1,5214,Marketing.,1,Undergraduate Certificate or Diploma,,1.0,,,,,,,,,,,,,,,PS,PS,PS,PS
121691.0,1322,University of Redlands,"Private, nonprofit",1,5214,Marketing.,99,Non-Credential Program (Preparatory Coursework/Teacher Certification),,,,,,,,,,,,,,,,,71,65915,47681,99468
121691.0,1322,University of Redlands,"Private, nonprofit",1,5401,History.,3,Bachelor's Degree,12.0,21.0,0,PS,PS,PS,PS,PS,PS,PS,PS,PS,PS,PS,PS,PS,23671,50680,36330,66736
122296.0,7012,Samuel Merritt University,"Private, nonprofit",1,5109,"Allied Health Diagnostic, Intervention, and Treatment Professions.",5,Master's Degree,48.0,38.0,0,38,132340,37,PS,PS,PS,PS,PS,PS,PS,PS,PS,22,15912,127347,103242,152756
122296.0,7012,Samuel Merritt University,"Private, nonprofit",1,5112,Medicine.,6,Doctoral Degree,,,3,65,172271,63,26,163483,38,170534,39,179898,24,161098,PS,44,6056,118504,77695,219037
122296.0,7012,Samuel Merritt University,"Private, nonprofit",1,5112,Medicine.,7,First Professional Degree,45.0,39.0,PS,PS,PS,PS,PS,PS,PS,PS,PS,PS,PS,PS,PS,PS,PS,PS,PS,PS
122296.0,7012,Samuel Merritt University,"Private, nonprofit",1,5123,Rehabilitation and Therapeutic Professions.,5,Master's Degree,10.0,9.0,2,32,85038,29,PS,PS,PS,PS,PS,PS,PS,PS,PS,28,13189,71416,53551,86212
122296.0,7012,Samuel Merritt University,"Private, nonprofit",1,5123,Rehabilitation and Therapeutic Professions.,6,Doctoral Degree,,,0,PS,PS,PS,PS,PS,PS,PS,PS,PS,PS,PS,PS,PS,13052,82893,68836,95078
122296.0,7012,Samuel Merritt University,"Private, nonprofit",1,5123,Rehabilitation and Therapeutic Professions.,7,First Professional Degree,89.0,79.0,PS,PS,PS,PS,PS,PS,PS,PS,PS,PS,PS,PS,PS,PS,PS,PS,PS,PS
122296.0,7012,Samuel Merritt University,"Private, nonprofit",1,5138,"Registered Nursing, Nursing Administration, Nursing Research and Clinical Nursing.",3,Bachelor's Degree,508.0,511.0,9,460,148857,448,244,150836,216,146996,84,164528,376,144529,PS,426,177924,88910,67853,114470
122296.0,7012,Samuel Merritt University,"Private, nonprofit",1,5138,"Registered Nursing, Nursing Administration, Nursing Research and Clinical Nursing.",4,Post-baccalaureate Certificate,,,PS,PS,PS,PS,PS,PS,PS,PS,PS,PS,PS,PS,PS,PS,373,131346,93931,169917
122296.0,7012,Samuel Merritt University,"Private, nonprofit",1,5138,"Registered Nursing, Nursing Administration, Nursing Research and Clinical Nursing.",5,Master's Degree,236.0,224.0,0,147,172868,141,65,167632,81,175600,28,188040,120,167864,PS,133,63874,120193,94642,149472
122296.0,7012,Samuel Merritt University,"Private, nonprofit",1,5138,"Registered Nursing, Nursing Administration, Nursing Research and Clinical Nursing.",6,Doctoral Degree,,,0,PS,PS,PS,PS,PS,PS,PS,PS,PS,PS,PS,PS,PS,8559,138131,106294,185434
122296.0,7012,Samuel Merritt University,"Private, nonprofit",1,5138,"Registered Nursing, Nursing Administration, Nursing Research and Clinical Nursing.",7,First Professional Degree,21.0,33.0,PS,PS,PS,PS,PS,PS,PS,PS,PS,PS,PS,PS,PS,PS,PS,PS,PS,PS
122296.0,7012,Samuel Merritt University,"Private, nonprofit",1,5138,"Registered Nursing, Nursing Administration, Nursing Research and Clinical Nursing.",8,Graduate/Professional Certificate,7.0,1.0,PS,PS,PS,PS,PS,PS,PS,PS,PS,PS,PS,PS,PS,PS,2025,126911,95167,159903
122409.0,1151,San Diego State University,Public,1,301,Natural Resources Conservation and Research.,3,Bachelor's Degree,119.0,102.0,1,22,58289,19,PS,PS,PS,PS,PS,PS,PS,PS,PS,18,15907,55012,39435,72794
122409.0,1151,San Diego State University,Public,1,301,Natural Resources Conservation and Research.,8,Graduate/Professional Certificate,0.0,0.0,PS,PS,PS,PS,PS,PS,PS,PS,PS,PS,PS,PS,PS,PS,PS,PS,PS,PS
122409.0,1151,San Diego State University,Public,1,403,"City/Urban, Community, and Regional Planning.",5,Master's Degree,18.0,21.0,0,PS,PS,PS,PS,PS,PS,PS,PS,PS,PS,PS,PS,PS,1584,79665,64057,98223
122409.0,1151,San Diego State University,Public,1,501,Area Studies.,3,Bachelor's Degree,10.0,4.0,1,PS,PS,PS,PS,PS,PS,PS,PS,PS,PS,PS,PS,PS,3737,56625,37190,78481
122409.0,1151,San Diego State University,Public,1,501,Area Studies.,5,Master's Degree,1.0,1.0,PS,PS,PS,PS,PS,PS,PS,PS,PS,PS,PS,PS,PS,PS,PS,PS,PS,PS
122409.0,1151,San Diego State University,Public,1,502,"Ethnic, Cultural Minority, Gender, and Group Studies.",3,Bachelor's Degree,54.0,44.0,1,16,44417,PS,PS,PS,PS,PS,PS,PS,PS,PS,PS,PS,5420,51710,34946,68128
122409.0,1151,San Diego State University,Public,1,502,"Ethnic, Cultural Minority, Gender, and Group Studies.",5,Master's Degree,10.0,5.0,0,PS,PS,PS,PS,PS,PS,PS,PS,PS,PS,PS,PS,PS,465,62705,43158,81176
122409.0,1151,San Diego State University,Public,1,502,"Ethnic, Cultural Minority, Gender, and Group Studies.",8,Graduate/Professional Certificate,1.0,2.0,PS,PS,PS,PS,PS,PS,PS,PS,PS,PS,PS,PS,PS,PS,PS,PS,PS,PS
122409.0,1151,San Diego State University,Public,1,599,"Area, Ethnic, Cultural, Gender, and Group Studies, Other.",8,Graduate/Professional Certificate,2.0,1.0,,,,,,,,,,,,,,,PS,PS,PS,PS
122409.0,1151,San Diego State University,Public,1,901,Communication and Media Studies.,3,Bachelor's Degree,290.0,261.0,9,135,59719,107,97,57000,38,66072,36,64868,98,57558,PS,113,61357,56359,39575,76115
122409.0,1151,San Diego State University,Public,1,901,Communication and Media Studies.,5,Master's Degree,40.0,34.0,0,23,81064,21,PS,PS,PS,PS,PS,PS,PS,PS,PS,PS,4101,71953,51074,99548
122409.0,1151,San Diego State University,Public,1,904,Journalism.,3,Bachelor's Degree,145.0,167.0,0,PS,PS,PS,PS,PS,PS,PS,PS,PS,PS,PS,PS,PS,13928,56278,40588,73923
122409.0,1151,San Diego State University,Public,1,907,"Radio, Television, and Digital Communication.",3,Bachelor's Degree,84.0,95.0,10,57,53045,46,PS,PS,PS,PS,34,54509,22,42754,PS,46,11821,50497,33717,70128
122409.0,1151,San Diego State University,Public,1,907,"Radio, Television, and Digital Communication.",5,Master's Degree,0.0,0.0,0,PS,PS,PS,PS,PS,PS,PS,PS,PS,PS,PS,PS,PS,PS,PS,PS,PS
122409.0,1151,San Diego State University,Public,1,909,"Public Relations, Advertising, and Applied Communication.",3,Bachelor's Degree,41.0,34.0,2,59,69123,58,36,66955,24,71409,PS,PS,PS,PS,PS,47,17967,63560,45857,83689
122409.0,1151,San Diego State University,Public,1,909,"Public Relations, Advertising, and Applied Communication.",8,Graduate/Professional Certificate,0.0,0.0,PS,PS,PS,PS,PS,PS,PS,PS,PS,PS,PS,PS,PS,PS,PS,PS,PS,PS
122409.0,1151,San Diego State University,Public,1,1101,"Computer and Information Sciences, General.",3,Bachelor's Degree,,,2,48,87236,46,PS,PS,PS,PS,PS,PS,PS,PS,PS,39,41037,92374,64179,128180
122409.0,1151,San Diego State University,Public,1,1101,"Computer and Information Sciences, General.",5,Master's Degree,0.0,0.0,0,PS,PS,PS,PS,PS,PS,PS,PS,PS,PS,PS,PS,PS,5870,124201,87810,176258
122409.0,1151,San Diego State University,Public,1,1104,Information Science/Studies.,3,Bachelor's Degree,0.0,0.0,PS,PS,PS,PS,PS,PS,PS,PS,PS,PS,PS,PS,PS,PS,PS,PS,PS,PS
122409.0,1151,San Diego State University,Public,1,1107,Computer Science.,3,Bachelor's Degree,259.0,206.0,4,52,114373,49,PS,PS,PS,PS,PS,PS,PS,PS,PS,50,28067,107009,74830,152038
122409.0,1151,San Diego State University,Public,1,1107,Computer Science.,5,Master's Degree,29.0,64.0,0,PS,PS,PS,PS,PS,PS,PS,PS,PS,PS,PS,PS,PS,2450,145571,108475,208641
122409.0,1151,San Diego State University,Public,1,1108,Computer Software and Media Applications.,8,Graduate/Professional Certificate,11.0,11.0,PS,PS,PS,PS,PS,PS,PS,PS,PS,PS,PS,PS,PS,PS,PS,PS,PS,PS
122409.0,1151,San Diego State University,Public,1,1110,Computer/Information Technology Administration and Management.,5,Master's Degree,2.0,4.0,PS,PS,PS,PS,PS,PS,PS,PS,PS,PS,PS,PS,PS,PS,PS,PS,PS,PS
122409.0,1151,San Diego State University,Public,1,1301,"Education, General.",5,Master's Degree,237.0,164.0,PS,PS,PS,PS,PS,PS,PS,PS,PS,PS,PS,PS,PS,PS,PS,PS,PS,PS
122409.0,1151,San Diego State University,Public,1,1301,"Education, General.",6,Doctoral Degree,8.0,8.0,0,PS,PS,PS,PS,PS,PS,PS,PS,PS,PS,PS,PS,PS,2686,87373,65101,115386
122409.0,1151,San Diego State University,Public,1,1302,"Bilingual, Multilingual, and Multicultural Education.",5,Master's Degree,,,0,PS,PS,PS,PS,PS,PS,PS,PS,PS,PS,PS,PS,PS,491,71241,58002,86216
122409.0,1151,San Diego State University,Public,1,1302,"Bilingual, Multilingual, and Multicultural Education.",8,Graduate/Professional Certificate,10.0,25.0,PS,PS,PS,PS,PS,PS,PS,PS,PS,PS,PS,PS,PS,PS,PS,PS,PS,PS
122409.0,1151,San Diego State University,Public,1,1303,Curriculum and Instruction.,6,Doctoral Degree,0.0,0.0,PS,PS,PS,PS,PS,PS,PS,PS,PS,PS,PS,PS,PS,PS,PS,PS,PS,PS
122409.0,1151,San Diego State University,Public,1,1304,Educational Administration and Supervision.,5,Master's Degree,,46.0,1,43,82932,42,23,83949,20,88541,PS,PS,PS,PS,PS,38,32412,71685,57739,90151
122409.0,1151,San Diego State University,Public,1,1304,Educational Administration and Supervision.,6,Doctoral Degree,36.0,39.0,0,PS,PS,PS,PS,PS,PS,PS,PS,PS,PS,PS,PS,PS,7878,100573,76116,135360
122409.0,1151,San Diego State University,Public,1,1304,Educational Administration and Supervision.,8,Graduate/Professional Certificate,0.0,0.0,PS,PS,PS,PS,PS,PS,PS,PS,PS,PS,PS,PS,PS,PS,PS,PS,PS,PS
122409.0,1151,San Diego State University,Public,1,1305,Educational/Instructional Media Design.,5,Master's Degree,,15.0,0,PS,PS,PS,PS,PS,PS,PS,PS,PS,PS,PS,PS,PS,5338,70644,56435,89382
122409.0,1151,San Diego State University,Public,1,1305,Educational/Instructional Media Design.,8,Graduate/Professional Certificate,0.0,0.0,PS,PS,PS,PS,PS,PS,PS,PS,PS,PS,PS,PS,PS,PS,PS,PS,PS,PS
122409.0,1151,San Diego State University,Public,1,1310,Special Education and Teaching.,5,Master's Degree,,,2,23,88685,23,PS,PS,PS,PS,PS,PS,PS,PS,PS,21,21493,64397,52390,79764
122409.0,1151,San Diego State University,Public,1,1310,Special Education and Teaching.,8,Graduate/Professional Certificate,3.0,1.0,PS,PS,PS,PS,PS,PS,PS,PS,PS,PS,PS,PS,PS,PS,PS,PS,PS,PS
122409.0,1151,San Diego State University,Public,1,1310,Special Education and Teaching.,99,Non-Credential Program (Preparatory Coursework/Teacher Certification),,,,,,,,,,,,,,,,,304,70406,57253,85837
122409.0,1151,San Diego State University,Public,1,1311,Student Counseling and Personnel Services.,5,Master's Degree,84.0,60.0,2,71,73724,65,PS,PS,PS,PS,19,62525,53,75525,PS,69,15495,60111,48192,74890
122409.0,1151,San Diego State University,Public,1,1312,"Teacher Education and Professional Development, Specific Levels and Methods.",3,Bachelor's Degree,142.0,139.0,7,76,45763,55,PS,PS,PS,PS,PS,PS,PS,PS,18,62,50018,47382,38431,56096
122409.0,1151,San Diego State University,Public,1,1312,"Teacher Education and Professional Development, Specific Levels and Methods.",5,Master's Degree,193.0,249.0,1,17,48300,PS,PS,PS,PS,PS,PS,PS,PS,PS,PS,17,30920,59916,48965,72958
122409.0,1151,San Diego State University,Public,1,1312,"Teacher Education and Professional Development, Specific Levels and Methods.",8,Graduate/Professional Certificate,12.0,13.0,PS,PS,PS,PS,PS,PS,PS,PS,PS,PS,PS,PS,PS,PS,568,63709,48452,79492
122409.0,1151,San Diego State University,Public,1,1312,"Teacher Education and Professional Development, Specific Levels and Methods.",99,Non-Credential Program (Preparatory Coursework/Teacher Certification),,,,,,,,,,,,,,,,,709,57802,47934,73061
122409.0,1151,San Diego State University,Public,1,1313,"Teacher Education and Professional Development, Specific Subject Areas.",3,Bachelor's Degree,0.0,0.0,PS,PS,PS,PS,PS,PS,PS,PS,PS,PS,PS,PS,PS,PS,PS,PS,PS,PS
122409.0,1151,San Diego State University,Public,1,1313,"Teacher Education and Professional Development, Specific Subject Areas.",5,Master's Degree,0.0,0.0,1,20,76325,17,PS,PS,PS,PS,PS,PS,PS,PS,PS,18,19074,63707,51487,78905
122409.0,1151,San Diego State University,Public,1,1313,"Teacher Education and Professional Development, Specific Subject Areas.",6,Doctoral Degree,4.0,0.0,0,PS,PS,PS,PS,PS,PS,PS,PS,PS,PS,PS,PS,PS,584,85168,66696,111241
122409.0,1151,San Diego State University,Public,1,1314,Teaching English or French as a Second or Foreign Language.,8,Graduate/Professional Certificate,8.0,3.0,PS,PS,PS,PS,PS,PS,PS,PS,PS,PS,PS,PS,PS,PS,PS,PS,PS,PS
122409.0,1151,San Diego State University,Public,1,1399,"Education, Other.",5,Master's Degree,0.0,0.0,PS,PS,PS,PS,PS,PS,PS,PS,PS,PS,PS,PS,PS,PS,PS,PS,PS,PS
122409.0,1151,San Diego State University,Public,1,1402,"Aerospace, Aeronautical, and Astronautical/Space Engineering.",3,Bachelor's Degree,70.0,111.0,1,18,93649,17,PS,PS,PS,PS,PS,PS,PS,PS,PS,PS,3795,98207,81638,115917
122409.0,1151,San Diego State University,Public,1,1402,"Aerospace, Aeronautical, and Astronautical/Space Engineering.",5,Master's Degree,8.0,3.0,0,PS,PS,PS,PS,PS,PS,PS,PS,PS,PS,PS,PS,PS,1079,122434,103582,146717
122409.0,1151,San Diego State University,Public,1,1405,Biomedical/Medical Engineering.,3,Bachelor's Degree,0.0,0.0,PS,PS,PS,PS,PS,PS,PS,PS,PS,PS,PS,PS,PS,PS,PS,PS,PS,PS
122409.0,1151,San Diego State University,Public,1,1405,Biomedical/Medical Engineering.,5,Master's Degree,0.0,2.0,0,PS,PS,PS,PS,PS,PS,PS,PS,PS,PS,PS,PS,PS,1704,106375,84793,130445
122409.0,1151,San Diego State University,Public,1,1405,Biomedical/Medical Engineering.,6,Doctoral Degree,2.0,0.0,PS,PS,PS,PS,PS,PS,PS,PS,PS,PS,PS,PS,PS,PS,590,131848,93154,174349
122409.0,1151,San Diego State University,Public,1,1408,Civil Engineering.,3,Bachelor's Degree,227.0,142.0,0,70,96325,68,51,96461,19,86225,PS,PS,PS,PS,PS,59,15798,86517,73883,101174
122409.0,1151,San Diego State University,Public,1,1408,Civil Engineering.,5,Master's Degree,20.0,18.0,1,PS,PS,PS,PS,PS,PS,PS,PS,PS,PS,PS,PS,PS,3258,98323,84186,116108
122409.0,1151,San Diego State University,Public,1,1408,Civil Engineering.,6,Doctoral Degree,1.0,0.0,PS,PS,PS,PS,PS,PS,PS,PS,PS,PS,PS,PS,PS,PS,PS,PS,PS,PS
122409.0,1151,San Diego State University,Public,1,1409,Computer Engineering.,3,Bachelor's Degree,116.0,122.0,1,PS,PS,PS,PS,PS,PS,PS,PS,PS,PS,PS,PS,PS,10329,109015,86299,145170
122409.0,1151,San Diego State University,Public,1,1409,Computer Engineering.,6,Doctoral Degree,1.0,2.0,PS,PS,PS,PS,PS,PS,PS,PS,PS,PS,PS,PS,PS,PS,PS,PS,PS,PS
122409.0,1151,San Diego State University,Public,1,1409,Computer Engineering.,8,Graduate/Professional Certificate,1.0,1.0,PS,PS,PS,PS,PS,PS,PS,PS,PS,PS,PS,PS,PS,PS,PS,PS,PS,PS
122409.0,1151,San Diego State University,Public,1,1410,"Electrical, Electronics, and Communications Engineering.",3,Bachelor's Degree,106.0,101.0,3,39,100171,34,PS,PS,PS,PS,PS,PS,PS,PS,PS,31,16532,100647,84635,122440
122409.0,1151,San Diego State University,Public,1,1410,"Electrical, Electronics, and Communications Engineering.",5,Master's Degree,19.0,24.0,0,PS,PS,PS,PS,PS,PS,PS,PS,PS,PS,PS,PS,PS,3090,133654,107420,171817
122409.0,1151,San Diego State University,Public,1,1414,Environmental/Environmental Health Engineering.,3,Bachelor's Degree,38.0,36.0,1,PS,PS,PS,PS,PS,PS,PS,PS,PS,PS,PS,PS,PS,1579,81171,68911,95232
122409.0,1151,San Diego State University,Public,1,1414,Environmental/Environmental Health Engineering.,5,Master's Degree,0.0,0.0,0,PS,PS,PS,PS,PS,PS,PS,PS,PS,PS,PS,PS,PS,536,92629,80359,115950
122409.0,1151,San Diego State University,Public,1,1419,Mechanical Engineering.,3,Bachelor's Degree,244.0,259.0,1,93,99279,90,70,99371,23,97630,PS,PS,PS,PS,PS,73,36057,92135,77715,109121
122409.0,1151,San Diego State University,Public,1,1419,Mechanical Engineering.,5,Master's Degree,20.0,14.0,0,PS,PS,PS,PS,PS,PS,PS,PS,PS,PS,PS,PS,PS,3775,115974,97429,140629
122409.0,1151,San Diego State University,Public,1,1436,Manufacturing Engineering.,5,Master's Degree,1.0,2.0,0,PS,PS,PS,PS,PS,PS,PS,PS,PS,PS,PS,PS,PS,192,122873,97388,146213
122409.0,1151,San Diego State University,Public,1,1499,"Engineering, Other.",6,Doctoral Degree,6.0,5.0,PS,PS,PS,PS,PS,PS,PS,PS,PS,PS,PS,PS,PS,PS,PS,PS,PS,PS
122409.0,1151,San Diego State University,Public,1,1507,Quality Control and Safety Technologies/Technicians.,5,Master's Degree,0.0,0.0,PS,PS,PS,PS,PS,PS,PS,PS,PS,PS,PS,PS,PS,PS,PS,PS,PS,PS
122409.0,1151,San Diego State University,Public,1,1510,Construction Engineering Technology/Technician.,3,Bachelor's Degree,39.0,16.0,0,PS,PS,PS,PS,PS,PS,PS,PS,PS,PS,PS,PS,PS,2681,93843,77403,111740
122409.0,1151,San Diego State University,Public,1,1601,"Linguistic, Comparative, and Related Language Studies and Services.",1,Undergraduate Certificate or Diploma,,,,,,,,,,,,,,,,,291,45242,32190,64750
122409.0,1151,San Diego State University,Public,1,1601,"Linguistic, Comparative, and Related Language Studies and Services.",3,Bachelor's Degree,32.0,26.0,2,PS,PS,PS,PS,PS,PS,PS,PS,PS,PS,PS,PS,PS,4565,49984,32888,69881
122409.0,1151,San Diego State University,Public,1,1601,"Linguistic, Comparative, and Related Language Studies and Services.",5,Master's Degree,10.0,7.0,0,PS,PS,PS,PS,PS,PS,PS,PS,PS,PS,PS,PS,PS,640,58093,39746,79896
122409.0,1151,San Diego State University,Public,1,1601,"Linguistic, Comparative, and Related Language Studies and Services.",8,Graduate/Professional Certificate,2.0,0.0,PS,PS,PS,PS,PS,PS,PS,PS,PS,PS,PS,PS,PS,PS,PS,PS,PS,PS
122409.0,1151,San Diego State University,Public,1,1603,"East Asian Languages, Literatures, and Linguistics.",3,Bachelor's Degree,10.0,4.0,4,PS,PS,PS,PS,PS,PS,PS,PS,PS,PS,PS,PS,PS,1249,51642,32068,74398
122409.0,1151,San Diego State University,Public,1,1604,"Slavic, Baltic and Albanian Languages, Literatures, and Linguistics.",3,Bachelor's Degree,1.0,0.0,0,PS,PS,PS,PS,PS,PS,PS,PS,PS,PS,PS,PS,PS,352,62169,41735,85130
122409.0,1151,San Diego State University,Public,1,1605,"Germanic Languages, Literatures, and Linguistics.",3,Bachelor's Degree,0.0,2.0,0,PS,PS,PS,PS,PS,PS,PS,PS,PS,PS,PS,PS,PS,925,55459,36860,80954
122409.0,1151,San Diego State University,Public,1,1609,"Romance Languages, Literatures, and Linguistics.",3,Bachelor's Degree,93.0,73.0,10,62,43905,44,PS,PS,PS,PS,PS,PS,PS,PS,PS,58,10363,55000,38411,73324
122409.0,1151,San Diego State University,Public,1,1609,"Romance Languages, Literatures, and Linguistics.",5,Master's Degree,17.0,11.0,0,PS,PS,PS,PS,PS,PS,PS,PS,PS,PS,PS,PS,PS,654,60728,46427,78882
122409.0,1151,San Diego State University,Public,1,1612,"Classics and Classical Languages, Literatures, and Linguistics.",3,Bachelor's Degree,0.0,3.0,PS,PS,PS,PS,PS,PS,PS,PS,PS,PS,PS,PS,PS,PS,813,49429,32066,67794
122409.0,1151,San Diego State University,Public,1,1906,Housing and Human Environments.,8,Graduate/Professional Certificate,0.0,0.0,PS,PS,PS,PS,PS,PS,PS,PS,PS,PS,PS,PS,PS,PS,PS,PS,PS,PS
122409.0,1151,San Diego State University,Public,1,1907,"Human Development, Family Studies, and Related Services.",8,Graduate/Professional Certificate,0.0,0.0,PS,PS,PS,PS,PS,PS,PS,PS,PS,PS,PS,PS,PS,PS,PS,PS,PS,PS
122409.0,1151,San Diego State University,Public,1,2301,"English Language and Literature, General.",3,Bachelor's Degree,116.0,108.0,4,51,50504,40,PS,PS,PS,PS,23,38292,28,58264,PS,41,33025,48590,33654,63810
122409.0,1151,San Diego State University,Public,1,2301,"English Language and Literature, General.",5,Master's Degree,13.0,13.0,1,PS,PS,PS,PS,PS,PS,PS,PS,PS,PS,PS,PS,PS,3708,55512,39177,72721
122409.0,1151,San Diego State University,Public,1,2313,Rhetoric and Composition/Writing Studies.,1,Undergraduate Certificate or Diploma,,,,,,,,,,,,,,,,,279,55975,39580,84002
122409.0,1151,San Diego State University,Public,1,2313,Rhetoric and Composition/Writing Studies.,3,Bachelor's Degree,14.0,6.0,1,PS,PS,PS,PS,PS,PS,PS,PS,PS,PS,PS,PS,PS,8509,48471,32167,67306
122409.0,1151,San Diego State University,Public,1,2313,Rhetoric and Composition/Writing Studies.,5,Master's Degree,23.0,30.0,1,PS,PS,PS,PS,PS,PS,PS,PS,PS,PS,PS,PS,PS,3795,55035,32717,77712
122409.0,1151,San Diego State University,Public,1,2313,Rhetoric and Composition/Writing Studies.,8,Graduate/Professional Certificate,1.0,0.0,PS,PS,PS,PS,PS,PS,PS,PS,PS,PS,PS,PS,PS,PS,PS,PS,PS,PS
122409.0,1151,San Diego State University,Public,1,2314,Literature.,8,Graduate/Professional Certificate,,1.0,,,,,,,,,,,,,,,PS,PS,PS,PS
122409.0,1151,San Diego State University,Public,1,2401,"Liberal Arts and Sciences, General Studies and Humanities.",3,Bachelor's Degree,232.0,227.0,6,82,58202,72,60,55560,24,67133,PS,PS,PS,PS,26,72,50554,53072,35750,73322
122409.0,1151,San Diego State University,Public,1,2401,"Liberal Arts and Sciences, General Studies and Humanities.",5,Master's Degree,6.0,16.0,0,PS,PS,PS,PS,PS,PS,PS,PS,PS,PS,PS,PS,PS,2419,65716,45452,93350
122409.0,1151,San Diego State University,Public,1,2401,"Liberal Arts and Sciences, General Studies and Humanities.",8,Graduate/Professional Certificate,1.0,0.0,PS,PS,PS,PS,PS,PS,PS,PS,PS,PS,PS,PS,PS,PS,302,65226,46757,87474
122409.0,1151,San Diego State University,Public,1,2401,"Liberal Arts and Sciences, General Studies and Humanities.",99,Non-Credential Program (Preparatory Coursework/Teacher Certification),,,,,,,,,,,,,,,,,2539,56308,37516,77402
122409.0,1151,San Diego State University,Public,1,2601,"Biology, General.",3,Bachelor's Degree,285.0,276.0,7,91,70169,78,68,71263,22,63866,32,78942,58,62553,24,65,57101,57214,38929,79199
122409.0,1151,San Diego State University,Public,1,2601,"Biology, General.",5,Master's Degree,17.0,18.0,PS,PS,PS,PS,PS,PS,PS,PS,PS,PS,PS,PS,PS,PS,PS,PS,PS,PS
122409.0,1151,San Diego State University,Public,1,2601,"Biology, General.",6,Doctoral Degree,8.0,1.0,0,PS,PS,PS,PS,PS,PS,PS,PS,PS,PS,PS,PS,PS,1183,92983,66390,139917
122409.0,1151,San Diego State University,Public,1,2602,"Biochemistry, Biophysics and Molecular Biology.",5,Master's Degree,,,0,PS,PS,PS,PS,PS,PS,PS,PS,PS,PS,PS,PS,PS,492,80271,61566,113681
122409.0,1151,San Diego State University,Public,1,2605,Microbiological Sciences and Immunology.,3,Bachelor's Degree,25.0,28.0,0,PS,PS,PS,PS,PS,PS,PS,PS,PS,PS,PS,PS,PS,2108,62582,44047,83205
122409.0,1151,San Diego State University,Public,1,2605,Microbiological Sciences and Immunology.,5,Master's Degree,0.0,1.0,0,PS,PS,PS,PS,PS,PS,PS,PS,PS,PS,PS,PS,PS,392,84750,60140,109387
122409.0,1151,San Diego State University,Public,1,2607,Zoology/Animal Biology.,5,Master's Degree,,,,,,,,,,,,,,,,,228,60772,47782,80218
122409.0,1151,San Diego State University,Public,1,2609,"Physiology, Pathology and Related Sciences.",5,Master's Degree,7.0,7.0,0,PS,PS,PS,PS,PS,PS,PS,PS,PS,PS,PS,PS,PS,PS,PS,PS,PS
122409.0,1151,San Diego State University,Public,1,2611,"Biomathematics, Bioinformatics, and Computational Biology.",5,Master's Degree,9.0,7.0,0,PS,PS,PS,PS,PS,PS,PS,PS,PS,PS,PS,PS,PS,630,110121,83634,151267
122409.0,1151,San Diego State University,Public,1,2613,"Ecology, Evolution, Systematics, and Population Biology.",5,Master's Degree,,1.0,PS,PS,PS,PS,PS,PS,PS,PS,PS,PS,PS,PS,PS,PS,1666,82527,62410,110761
122409.0,1151,San Diego State University,Public,1,2613,"Ecology, Evolution, Systematics, and Population Biology.",6,Doctoral Degree,8.0,7.0,0,PS,PS,PS,PS,PS,PS,PS,PS,PS,PS,PS,PS,PS,699,97173,69290,126513
122409.0,1151,San Diego State University,Public,1,2701,Mathematics.,3,Bachelor's Degree,37.0,27.0,2,PS,PS,PS,PS,PS,PS,PS,PS,PS,PS,PS,PS,PS,15976,69562,49058,97414
122409.0,1151,San Diego State University,Public,1,2701,Mathematics.,5,Master's Degree,9.0,11.0,0,PS,PS,PS,PS,PS,PS,PS,PS,PS,PS,PS,PS,PS,1525,72654,54453,100369
122409.0,1151,San Diego State University,Public,1,2703,Applied Mathematics.,3,Bachelor's Degree,42.0,39.0,1,PS,PS,PS,PS,PS,PS,PS,PS,PS,PS,PS,PS,PS,2680,91532,63368,127252
122409.0,1151,San Diego State University,Public,1,2703,Applied Mathematics.,5,Master's Degree,11.0,8.0,0,PS,PS,PS,PS,PS,PS,PS,PS,PS,PS,PS,PS,PS,1088,116060,85199,161426
122409.0,1151,San Diego State University,Public,1,2705,Statistics.,3,Bachelor's Degree,38.0,41.0,1,PS,PS,PS,PS,PS,PS,PS,PS,PS,PS,PS,PS,PS,2476,92425,64564,125467
122409.0,1151,San Diego State University,Public,1,2705,Statistics.,5,Master's Degree,20.0,16.0,0,PS,PS,PS,PS,PS,PS,PS,PS,PS,PS,PS,PS,PS,1073,123816,89177,164755
122409.0,1151,San Diego State University,Public,1,3008,Mathematics and Computer Science.,5,Master's Degree,0.0,0.0,0,PS,PS,PS,PS,PS,PS,PS,PS,PS,PS,PS,PS,PS,56,138309,107348,172724
122409.0,1151,San Diego State University,Public,1,3008,Mathematics and Computer Science.,6,Doctoral Degree,0.0,0.0,0,PS,PS,PS,PS,PS,PS,PS,PS,PS,PS,PS,PS,PS,PS,PS,PS,PS
122409.0,1151,San Diego State University,Public,1,3011,Gerontology.,3,Bachelor's Degree,6.0,10.0,0,PS,PS,PS,PS,PS,PS,PS,PS,PS,PS,PS,PS,PS,378,54051,39369,71812
122409.0,1151,San Diego State University,Public,1,3011,Gerontology.,5,Master's Degree,0.0,0.0,PS,PS,PS,PS,PS,PS,PS,PS,PS,PS,PS,PS,PS,PS,PS,PS,PS,PS
122409.0,1151,San Diego State University,Public,1,3019,Nutrition Sciences.,3,Bachelor's Degree,110.0,84.0,PS,PS,PS,PS,PS,PS,PS,PS,PS,PS,PS,PS,PS,PS,2790,60053,43153,76798
122409.0,1151,San Diego State University,Public,1,3019,Nutrition Sciences.,5,Master's Degree,15.0,13.0,PS,PS,PS,PS,PS,PS,PS,PS,PS,PS,PS,PS,PS,PS,1044,67126,52768,85484
122409.0,1151,San Diego State University,Public,1,3020,International/Globalization Studies.,3,Bachelor's Degree,3.0,18.0,PS,PS,PS,PS,PS,PS,PS,PS,PS,PS,PS,PS,PS,PS,PS,PS,PS,PS
122409.0,1151,San Diego State University,Public,1,3030,Computational Science.,5,Master's Degree,2.0,5.0,,,,,,,,,,,,,,,PS,PS,PS,PS
122409.0,1151,San Diego State University,Public,1,3030,Computational Science.,6,Doctoral Degree,4.0,6.0,,,,,,,,,,,,,,,PS,PS,PS,PS
122409.0,1151,San Diego State University,Public,1,3030,Computational Science.,8,Graduate/Professional Certificate,1.0,1.0,PS,PS,PS,PS,PS,PS,PS,PS,PS,PS,PS,PS,PS,PS,PS,PS,PS,PS
122409.0,1151,San Diego State University,Public,1,3047,Linguistics and Anthropology.,3,Bachelor's Degree,4.0,1.0,PS,PS,PS,PS,PS,PS,PS,PS,PS,PS,PS,PS,PS,PS,PS,PS,PS,PS
122409.0,1151,San Diego State University,Public,1,3047,Linguistics and Anthropology.,8,Graduate/Professional Certificate,1.0,0.0,,,,,,,,,,,,,,,PS,PS,PS,PS
122409.0,1151,San Diego State University,Public,1,3099,"Multi/Interdisciplinary Studies, Other.",3,Bachelor's Degree,356.0,244.0,5,35,47974,25,PS,PS,PS,PS,PS,PS,PS,PS,PS,31,27598,55693,40311,72165
122409.0,1151,San Diego State University,Public,1,3099,"Multi/Interdisciplinary Studies, Other.",5,Master's Degree,0.0,0.0,PS,PS,PS,PS,PS,PS,PS,PS,PS,PS,PS,PS,PS,PS,1342,75122,51610,109074
122409.0,1151,San Diego State University,Public,1,3101,"Parks, Recreation, and Leisure Studies.",3,Bachelor's Degree,19.0,18.0,0,23,62734,21,PS,PS,PS,PS,PS,PS,PS,PS,PS,16,3198,50983,37138,67192
122409.0,1151,San Diego State University,Public,1,3105,"Sports, Kinesiology, and Physical Education/Fitness.",3,Bachelor's Degree,406.0,354.0,7,115,64740,96,74,65454,41,66703,51,75564,64,59203,46,84,48463,54562,39049,73020
122409.0,1151,San Diego State University,Public,1,3105,"Sports, Kinesiology, and Physical Education/Fitness.",5,Master's Degree,2.0,6.0,2,PS,PS,PS,PS,PS,PS,PS,PS,PS,PS,PS,PS,PS,9292,62033,47943,80968
122409.0,1151,San Diego State University,Public,1,3801,Philosophy.,3,Bachelor's Degree,29.0,32.0,1,PS,PS,PS,PS,PS,PS,PS,PS,PS,PS,PS,PS,PS,6085,54455,34926,78043
122409.0,1151,San Diego State University,Public,1,3801,Philosophy.,5,Master's Degree,7.0,5.0,0,PS,PS,PS,PS,PS,PS,PS,PS,PS,PS,PS,PS,PS,381,60272,35130,84227
122409.0,1151,San Diego State University,Public,1,3802,Religion/Religious Studies.,3,Bachelor's Degree,9.0,9.0,0,PS,PS,PS,PS,PS,PS,PS,PS,PS,PS,PS,PS,PS,5310,41390,20518,65165
122409.0,1151,San Diego State University,Public,1,4001,"Physical Sciences, General.",3,Bachelor's Degree,0.0,3.0,PS,PS,PS,PS,PS,PS,PS,PS,PS,PS,PS,PS,PS,PS,PS,PS,PS,PS
122409.0,1151,San Diego State University,Public,1,4002,Astronomy and Astrophysics.,3,Bachelor's Degree,4.0,3.0,0,PS,PS,PS,PS,PS,PS,PS,PS,PS,PS,PS,PS,PS,404,68333,44049,98743
122409.0,1151,San Diego State University,Public,1,4002,Astronomy and Astrophysics.,5,Master's Degree,6.0,5.0,PS,PS,PS,PS,PS,PS,PS,PS,PS,PS,PS,PS,PS,PS,58,76398,59034,PS
122409.0,1151,San Diego State University,Public,1,4005,Chemistry.,3,Bachelor's Degree,114.0,95.0,1,17,67059,16,PS,PS,PS,PS,PS,PS,PS,PS,PS,PS,10453,65120,48307,84018
122409.0,1151,San Diego State University,Public,1,4005,Chemistry.,5,Master's Degree,10.0,4.0,0,PS,PS,PS,PS,PS,PS,PS,PS,PS,PS,PS,PS,PS,1187,82937,60941,109811
122409.0,1151,San Diego State University,Public,1,4005,Chemistry.,6,Doctoral Degree,5.0,2.0,1,PS,PS,PS,PS,PS,PS,PS,PS,PS,PS,PS,PS,PS,1894,115386,83589,152460
122409.0,1151,San Diego State University,Public,1,4006,Geological and Earth Sciences/Geosciences.,3,Bachelor's Degree,21.0,8.0,0,PS,PS,PS,PS,PS,PS,PS,PS,PS,PS,PS,PS,PS,6193,60190,44343,77573
122409.0,1151,San Diego State University,Public,1,4006,Geological and Earth Sciences/Geosciences.,5,Master's Degree,5.0,3.0,0,PS,PS,PS,PS,PS,PS,PS,PS,PS,PS,PS,PS,PS,1356,79463,59785,103530
122409.0,1151,San Diego State University,Public,1,4006,Geological and Earth Sciences/Geosciences.,6,Doctoral Degree,1.0,2.0,0,PS,PS,PS,PS,PS,PS,PS,PS,PS,PS,PS,PS,PS,PS,PS,PS,PS
122409.0,1151,San Diego State University,Public,1,4008,Physics.,3,Bachelor's Degree,16.0,20.0,0,PS,PS,PS,PS,PS,PS,PS,PS,PS,PS,PS,PS,PS,5602,76786,51777,102948
122409.0,1151,San Diego State University,Public,1,4008,Physics.,5,Master's Degree,4.0,7.0,0,PS,PS,PS,PS,PS,PS,PS,PS,PS,PS,PS,PS,PS,722,96478,63485,130121
122409.0,1151,San Diego State University,Public,1,4201,"Psychology, General.",3,Bachelor's Degree,699.0,646.0,18,258,46082,196,216,45620,42,50446,56,46171,201,46060,65,219,102536,50706,35740,67229
122409.0,1151,San Diego State University,Public,1,4201,"Psychology, General.",5,Master's Degree,25.0,23.0,0,PS,PS,PS,PS,PS,PS,PS,PS,PS,PS,PS,PS,PS,5527,64711,45967,86199
122409.0,1151,San Diego State University,Public,1,4228,"Clinical, Counseling and Applied Psychology.",5,Master's Degree,11.0,20.0,0,PS,PS,PS,PS,PS,PS,PS,PS,PS,PS,PS,PS,PS,22438,65184,47881,83770
122409.0,1151,San Diego State University,Public,1,4228,"Clinical, Counseling and Applied Psychology.",6,Doctoral Degree,8.0,14.0,0,PS,PS,PS,PS,PS,PS,PS,PS,PS,PS,PS,PS,PS,5714,99878,69652,126700
122409.0,1151,San Diego State University,Public,1,4228,"Clinical, Counseling and Applied Psychology.",8,Graduate/Professional Certificate,0.0,0.0,PS,PS,PS,PS,PS,PS,PS,PS,PS,PS,PS,PS,PS,PS,PS,PS,PS,PS
122409.0,1151,San Diego State University,Public,1,4301,Criminal Justice and Corrections.,3,Bachelor's Degree,417.0,415.0,9,193,55637,164,168,54406,25,69017,84,68819,110,52292,23,176,65120,55378,40158,74359
122409.0,1151,San Diego State University,Public,1,4301,Criminal Justice and Corrections.,8,Graduate/Professional Certificate,1.0,0.0,PS,PS,PS,PS,PS,PS,PS,PS,PS,PS,PS,PS,PS,PS,PS,PS,PS,PS
122409.0,1151,San Diego State University,Public,1,4304,Security Science and Technology.,8,Graduate/Professional Certificate,,2.0,,,,,,,,,,,,,,,PS,PS,PS,PS
122409.0,1151,San Diego State University,Public,1,4404,Public Administration.,3,Bachelor's Degree,76.0,56.0,5,73,50842,58,PS,PS,PS,PS,32,59145,41,47666,PS,69,3271,65093,47237,86663
122409.0,1151,San Diego State University,Public,1,4404,Public Administration.,5,Master's Degree,18.0,61.0,0,PS,PS,PS,PS,PS,PS,PS,PS,PS,PS,PS,PS,PS,13451,81408,60052,109056
122409.0,1151,San Diego State University,Public,1,4405,Public Policy Analysis.,8,Graduate/Professional Certificate,,1.0,,,,,,,,,,,,,,,PS,PS,PS,PS
122409.0,1151,San Diego State University,Public,1,4407,Social Work.,3,Bachelor's Degree,105.0,123.0,5,65,53843,50,PS,PS,PS,PS,PS,PS,PS,PS,19,53,28986,51790,39212,64160
122409.0,1151,San Diego State University,Public,1,4407,Social Work.,5,Master's Degree,107.0,110.0,2,80,76958,75,43,78749,37,75772,18,79069,60,75896,PS,67,44463,65123,51662,79737
122409.0,1151,San Diego State University,Public,1,4407,Social Work.,8,Graduate/Professional Certificate,2.0,0.0,PS,PS,PS,PS,PS,PS,PS,PS,PS,PS,PS,PS,PS,PS,PS,PS,PS,PS
122409.0,1151,San Diego State University,Public,1,4499,"Public Administration and Social Service Professions, Other.",5,Master's Degree,0.0,1.0,PS,PS,PS,PS,PS,PS,PS,PS,PS,PS,PS,PS,PS,PS,PS,PS,PS,PS
122409.0,1151,San Diego State University,Public,1,4501,"Social Sciences, General.",3,Bachelor's Degree,54.0,41.0,2,32,31866,19,PS,PS,PS,PS,16,36793,16,26964,PS,25,6624,53366,36590,72257
122409.0,1151,San Diego State University,Public,1,4502,Anthropology.,3,Bachelor's Degree,32.0,49.0,2,PS,PS,PS,PS,PS,PS,PS,PS,PS,PS,PS,PS,PS,8303,46676,32056,63905
122409.0,1151,San Diego State University,Public,1,4502,Anthropology.,5,Master's Degree,5.0,3.0,0,PS,PS,PS,PS,PS,PS,PS,PS,PS,PS,PS,PS,PS,787,61276,45133,79162
122409.0,1151,San Diego State University,Public,1,4504,Criminology.,5,Master's Degree,10.0,16.0,1,PS,PS,PS,PS,PS,PS,PS,PS,PS,PS,PS,PS,PS,936,67647,50732,92593
122409.0,1151,San Diego State University,Public,1,4506,Economics.,3,Bachelor's Degree,177.0,197.0,11,83,77568,78,61,72636,23,79380,60,79439,23,63796,PS,72,28744,82686,58184,116323
122409.0,1151,San Diego State University,Public,1,4506,Economics.,5,Master's Degree,8.0,6.0,0,PS,PS,PS,PS,PS,PS,PS,PS,PS,PS,PS,PS,PS,1664,100743,74382,133995
122409.0,1151,San Diego State University,Public,1,4507,Geography and Cartography.,3,Bachelor's Degree,29.0,42.0,0,PS,PS,PS,PS,PS,PS,PS,PS,PS,PS,PS,PS,PS,4640,57853,42482,75644
122409.0,1151,San Diego State University,Public,1,4507,Geography and Cartography.,5,Master's Degree,7.0,9.0,0,PS,PS,PS,PS,PS,PS,PS,PS,PS,PS,PS,PS,PS,1089,79784,61240,104635
122409.0,1151,San Diego State University,Public,1,4507,Geography and Cartography.,6,Doctoral Degree,1.0,6.0,PS,PS,PS,PS,PS,PS,PS,PS,PS,PS,PS,PS,PS,PS,208,86469,68140,110033
122409.0,1151,San Diego State University,Public,1,4509,International Relations and National Security Studies.,3,Bachelor's Degree,52.0,49.0,1,29,67020,23,PS,PS,PS,PS,PS,PS,PS,PS,PS,23,8070,66596,46031,87798
122409.0,1151,San Diego State University,Public,1,4509,International Relations and National Security Studies.,5,Master's Degree,39.0,35.0,1,PS,PS,PS,PS,PS,PS,PS,PS,PS,PS,PS,PS,PS,4177,95627,68941,122748
122409.0,1151,San Diego State University,Public,1,4510,Political Science and Government.,3,Bachelor's Degree,136.0,169.0,4,63,70987,58,PS,PS,PS,PS,36,71444,27,65202,18,44,36628,63293,44760,85406
122409.0,1151,San Diego State University,Public,1,4510,Political Science and Government.,5,Master's Degree,7.0,7.0,1,PS,PS,PS,PS,PS,PS,PS,PS,PS,PS,PS,PS,PS,1501,78850,57200,106611
122409.0,1151,San Diego State University,Public,1,4510,Political Science and Government.,8,Graduate/Professional Certificate,,5.0,,,,,,,,,,,,,,,PS,PS,PS,PS
122409.0,1151,San Diego State University,Public,1,4511,Sociology.,3,Bachelor's Degree,162.0,169.0,3,88,50363,67,PS,PS,PS,PS,25,48625,63,52258,18,79,31848,52657,37665,69502
122409.0,1151,San Diego State University,Public,1,4511,Sociology.,5,Master's Degree,12.0,6.0,0,PS,PS,PS,PS,PS,PS,PS,PS,PS,PS,PS,PS,PS,989,63330,46335,84688
122409.0,1151,San Diego State University,Public,1,4512,Urban Studies/Affairs.,3,Bachelor's Degree,17.0,18.0,0,PS,PS,PS,PS,PS,PS,PS,PS,PS,PS,PS,PS,PS,999,62532,43623,81699
122409.0,1151,San Diego State University,Public,1,4599,"Social Sciences, Other.",6,Doctoral Degree,1.0,3.0,PS,PS,PS,PS,PS,PS,PS,PS,PS,PS,PS,PS,PS,PS,PS,PS,PS,PS
122409.0,1151,San Diego State University,Public,1,4604,"Building/Construction Finishing, Management, and Inspection.",8,Graduate/Professional Certificate,0.0,0.0,PS,PS,PS,PS,PS,PS,PS,PS,PS,PS,PS,PS,PS,PS,PS,PS,PS,PS
122409.0,1151,San Diego State University,Public,1,5003,Dance.,3,Bachelor's Degree,5.0,8.0,0,PS,PS,PS,PS,PS,PS,PS,PS,PS,PS,PS,PS,PS,2823,39980,24910,57333
122409.0,1151,San Diego State University,Public,1,5004,Design and Applied Arts.,3,Bachelor's Degree,,,4,57,56904,48,34,53466,23,58785,19,51980,38,64076,PS,52,23871,51490,33006,70612
122409.0,1151,San Diego State University,Public,1,5005,Drama/Theatre Arts and Stagecraft.,3,Bachelor's Degree,42.0,49.0,1,25,28363,PS,PS,PS,PS,PS,PS,PS,PS,PS,PS,23,14066,39775,25491,55399
122409.0,1151,San Diego State University,Public,1,5005,Drama/Theatre Arts and Stagecraft.,5,Master's Degree,12.0,8.0,0,PS,PS,PS,PS,PS,PS,PS,PS,PS,PS,PS,PS,PS,2137,49978,29233,69322
122409.0,1151,San Diego State University,Public,1,5006,Film/Video and Photographic Arts.,5,Master's Degree,7.0,9.0,PS,PS,PS,PS,PS,PS,PS,PS,PS,PS,PS,PS,PS,PS,1639,51486,27165,77049
122409.0,1151,San Diego State University,Public,1,5007,Fine and Studio Arts.,3,Bachelor's Degree,247.0,254.0,6,21,40935,PS,PS,PS,PS,PS,PS,PS,PS,PS,PS,21,26935,41367,26241,56653
122409.0,1151,San Diego State University,Public,1,5007,Fine and Studio Arts.,5,Master's Degree,10.0,6.0,0,PS,PS,PS,PS,PS,PS,PS,PS,PS,PS,PS,PS,PS,3268,49079,29496,66541
122409.0,1151,San Diego State University,Public,1,5009,Music.,3,Bachelor's Degree,55.0,47.0,0,17,34258,PS,PS,PS,PS,PS,PS,PS,PS,PS,PS,PS,14715,42892,26048,58755
122409.0,1151,San Diego State University,Public,1,5009,Music.,5,Master's Degree,10.0,9.0,0,PS,PS,PS,PS,PS,PS,PS,PS,PS,PS,PS,PS,PS,5004,48285,28079,65736
122409.0,1151,San Diego State University,Public,1,5009,Music.,8,Graduate/Professional Certificate,2.0,0.0,PS,PS,PS,PS,PS,PS,PS,PS,PS,PS,PS,PS,PS,PS,PS,PS,PS,PS
122409.0,1151,San Diego State University,Public,1,5010,"Arts, Entertainment, and Media Management.",8,Graduate/Professional Certificate,0.0,0.0,PS,PS,PS,PS,PS,PS,PS,PS,PS,PS,PS,PS,PS,PS,PS,PS,PS,PS
122409.0,1151,San Diego State University,Public,1,5100,"Health Services/Allied Health/Health Sciences, General.",3,Bachelor's Degree,0.0,0.0,4,70,62278,63,PS,PS,PS,PS,PS,PS,PS,PS,27,63,14079,61296,42849,82291
122409.0,1151,San Diego State University,Public,1,5102,Communication Disorders Sciences and Services.,3,Bachelor's Degree,154.0,160.0,4,40,75255,34,PS,PS,PS,PS,PS,PS,PS,PS,23,36,11257,58928,44993,73005
122409.0,1151,San Diego State University,Public,1,5102,Communication Disorders Sciences and Services.,5,Master's Degree,43.0,44.0,1,21,83644,21,PS,PS,PS,PS,PS,PS,PS,PS,PS,20,11787,67030,53057,82358
122409.0,1151,San Diego State University,Public,1,5102,Communication Disorders Sciences and Services.,6,Doctoral Degree,0.0,16.0,0,PS,PS,PS,PS,PS,PS,PS,PS,PS,PS,PS,PS,PS,1063,88343,75184,105210
122409.0,1151,San Diego State University,Public,1,5102,Communication Disorders Sciences and Services.,7,First Professional Degree,13.0,0.0,PS,PS,PS,PS,PS,PS,PS,PS,PS,PS,PS,PS,PS,PS,PS,PS,PS,PS
122409.0,1151,San Diego State University,Public,1,5102,Communication Disorders Sciences and Services.,8,Graduate/Professional Certificate,11.0,12.0,PS,PS,PS,PS,PS,PS,PS,PS,PS,PS,PS,PS,PS,PS,PS,PS,PS,PS
122409.0,1151,San Diego State University,Public,1,5109,"Allied Health Diagnostic, Intervention, and Treatment Professions.",3,Bachelor's Degree,27.0,1.0,1,PS,PS,PS,PS,PS,PS,PS,PS,PS,PS,PS,PS,PS,14015,70786,50919,95942
122409.0,1151,San Diego State University,Public,1,5109,"Allied Health Diagnostic, Intervention, and Treatment Professions.",8,Graduate/Professional Certificate,2.0,0.0,PS,PS,PS,PS,PS,PS,PS,PS,PS,PS,PS,PS,PS,PS,PS,PS,PS,PS
122409.0,1151,San Diego State University,Public,1,5115,Mental and Social Health Services and Allied Professions.,8,Graduate/Professional Certificate,68.0,78.0,PS,PS,PS,PS,PS,PS,PS,PS,PS,PS,PS,PS,PS,PS,743,60655,44355,76093
122409.0,1151,San Diego State University,Public,1,5120,"Pharmacy, Pharmaceutical Sciences, and Administration.",8,Graduate/Professional Certificate,6.0,1.0,PS,PS,PS,PS,PS,PS,PS,PS,PS,PS,PS,PS,PS,PS,47,109930,69437,170339
122409.0,1151,San Diego State University,Public,1,5122,Public Health.,3,Bachelor's Degree,162.0,169.0,PS,PS,PS,PS,PS,PS,PS,PS,PS,PS,PS,PS,PS,PS,15585,58808,41981,79154
122409.0,1151,San Diego State University,Public,1,5122,Public Health.,5,Master's Degree,112.0,131.0,1,50,91167,48,19,85310,30,92068,19,87579,31,91156,PS,37,15061,82751,61518,113501
122409.0,1151,San Diego State University,Public,1,5122,Public Health.,6,Doctoral Degree,12.0,12.0,0,PS,PS,PS,PS,PS,PS,PS,PS,PS,PS,PS,PS,PS,870,108962,85957,147308
122409.0,1151,San Diego State University,Public,1,5122,Public Health.,8,Graduate/Professional Certificate,0.0,0.0,PS,PS,PS,PS,PS,PS,PS,PS,PS,PS,PS,PS,PS,PS,PS,PS,PS,PS
122409.0,1151,San Diego State University,Public,1,5123,Rehabilitation and Therapeutic Professions.,5,Master's Degree,54.0,23.0,1,PS,PS,PS,PS,PS,PS,PS,PS,PS,PS,PS,PS,PS,13189,71416,53551,86212
122409.0,1151,San Diego State University,Public,1,5123,Rehabilitation and Therapeutic Professions.,6,Doctoral Degree,0.0,0.0,1,25,82604,22,PS,PS,PS,PS,PS,PS,PS,PS,PS,20,13052,82893,68836,95078
122409.0,1151,San Diego State University,Public,1,5123,Rehabilitation and Therapeutic Professions.,7,First Professional Degree,38.0,37.0,PS,PS,PS,PS,PS,PS,PS,PS,PS,PS,PS,PS,PS,PS,PS,PS,PS,PS
122409.0,1151,San Diego State University,Public,1,5123,Rehabilitation and Therapeutic Professions.,8,Graduate/Professional Certificate,5.0,17.0,PS,PS,PS,PS,PS,PS,PS,PS,PS,PS,PS,PS,PS,PS,PS,PS,PS,PS
122409.0,1151,San Diego State University,Public,1,5131,Dietetics and Clinical Nutrition Services.,3,Bachelor's Degree,0.0,0.0,9,60,56624,50,PS,PS,PS,PS,PS,PS,PS,PS,PS,51,3542,55753,40535,68442
122409.0,1151,San Diego State University,Public,1,5131,Dietetics and Clinical Nutrition Services.,5,Master's Degree,0.0,0.0,0,PS,PS,PS,PS,PS,PS,PS,PS,PS,PS,PS,PS,PS,1640,62269,43111,78063
122409.0,1151,San Diego State University,Public,1,5138,"Registered Nursing, Nursing Administration, Nursing Research and Clinical Nursing.",3,Bachelor's Degree,212.0,195.0,2,114,109894,108,85,108720,29,119242,30,111287,84,109659,PS,102,177924,88910,67853,114470
122409.0,1151,San Diego State University,Public,1,5138,"Registered Nursing, Nursing Administration, Nursing Research and Clinical Nursing.",5,Master's Degree,17.0,17.0,0,PS,PS,PS,PS,PS,PS,PS,PS,PS,PS,PS,PS,PS,63874,120193,94642,149472
122409.0,1151,San Diego State University,Public,1,5202,"Business Administration, Management and Operations.",3,Bachelor's Degree,1875.0,2008.0,10,149,74342,131,110,72468,39,78464,78,74457,71,74276,PS,117,183303,68257,47618,93584
122409.0,1151,San Diego State University,Public,1,5202,"Business Administration, Management and Operations.",5,Master's Degree,85.0,203.0,2,39,108004,38,16,105850,PS,PS,PS,PS,PS,PS,PS,28,122193,103485,69982,153484
122409.0,1151,San Diego State University,Public,1,5203,Accounting and Related Services.,3,Bachelor's Degree,0.0,0.0,4,102,96719,99,75,95562,25,101525,52,105584,50,85963,PS,89,63013,76194,56205,97191
122409.0,1151,San Diego State University,Public,1,5203,Accounting and Related Services.,5,Master's Degree,25.0,25.0,0,19,117624,19,PS,PS,PS,PS,PS,PS,PS,PS,PS,17,21288,95833,74491,118338
122409.0,1151,San Diego State University,Public,1,5203,Accounting and Related Services.,8,Graduate/Professional Certificate,0.0,0.0,PS,PS,PS,PS,PS,PS,PS,PS,PS,PS,PS,PS,PS,PS,PS,PS,PS,PS
122409.0,1151,San Diego State University,Public,1,5208,Finance and Financial Management Services.,3,Bachelor's Degree,,,9,102,70355,81,70,67991,32,84533,68,68916,34,74414,PS,92,43799,83343,60801,111527
122409.0,1151,San Diego State University,Public,1,5208,Finance and Financial Management Services.,5,Master's Degree,,,0,PS,PS,PS,PS,PS,PS,PS,PS,PS,PS,PS,PS,PS,3403,110694,75597,157777
122409.0,1151,San Diego State University,Public,1,5208,Finance and Financial Management Services.,8,Graduate/Professional Certificate,12.0,0.0,PS,PS,PS,PS,PS,PS,PS,PS,PS,PS,PS,PS,PS,PS,149,118893,86926,169326
122409.0,1151,San Diego State University,Public,1,5209,Hospitality Administration/Management.,3,Bachelor's Degree,64.0,53.0,2,25,58612,20,PS,PS,PS,PS,PS,PS,PS,PS,PS,16,11706,56726,40953,73841
122409.0,1151,San Diego State University,Public,1,5209,Hospitality Administration/Management.,5,Master's Degree,44.0,45.0,0,PS,PS,PS,PS,PS,PS,PS,PS,PS,PS,PS,PS,PS,560,74856,55128,97905
122409.0,1151,San Diego State University,Public,1,5210,Human Resources Management and Services.,8,Graduate/Professional Certificate,0.0,0.0,PS,PS,PS,PS,PS,PS,PS,PS,PS,PS,PS,PS,PS,PS,PS,PS,PS,PS
122409.0,1151,San Diego State University,Public,1,5211,International Business.,3,Bachelor's Degree,97.0,106.0,1,37,62849,30,PS,PS,PS,PS,PS,PS,PS,PS,PS,31,5548,73201,51264,98832
122409.0,1151,San Diego State University,Public,1,5211,International Business.,5,Master's Degree,0.0,0.0,0,PS,PS,PS,PS,PS,PS,PS,PS,PS,PS,PS,PS,PS,1060,97121,64056,143157
122409.0,1151,San Diego State University,Public,1,5213,Management Sciences and Quantitative Methods.,5,Master's Degree,15.0,41.0,PS,PS,PS,PS,PS,PS,PS,PS,PS,PS,PS,PS,PS,PS,PS,PS,PS,PS
122409.0,1151,San Diego State University,Public,1,5214,Marketing.,3,Bachelor's Degree,,,6,135,79506,117,85,75456,50,85532,45,90448,90,76781,PS,115,48162,69303,49728,93152
122409.0,1151,San Diego State University,Public,1,5214,Marketing.,5,Master's Degree,,,0,PS,PS,PS,PS,PS,PS,PS,PS,PS,PS,PS,PS,PS,2348,79106,52679,116591
122409.0,1151,San Diego State University,Public,1,5215,Real Estate.,3,Bachelor's Degree,,,0,PS,PS,PS,PS,PS,PS,PS,PS,PS,PS,PS,PS,PS,1155,84821,55645,120670
122409.0,1151,San Diego State University,Public,1,5299,"Business, Management, Marketing, and Related Support Services, Other.",5,Master's Degree,11.0,18.0,0,PS,PS,PS,PS,PS,PS,PS,PS,PS,PS,PS,PS,PS,917,96656,68660,143554
122409.0,1151,San Diego State University,Public,1,5401,History.,3,Bachelor's Degree,67.0,81.0,1,19,45688,16,PS,PS,PS,PS,PS,PS,PS,PS,PS,PS,23671,50680,36330,66736
122409.0,1151,San Diego State University,Public,1,5401,History.,5,Master's Degree,17.0,13.0,0,PS,PS,PS,PS,PS,PS,PS,PS,PS,PS,PS,PS,PS,2810,55360,40544,73546
122409.0,1151,San Diego State University,Public,1,5401,History.,8,Graduate/Professional Certificate,,2.0,,,,,,,,,,,,,,,PS,PS,PS,PS
122436.0,10395,University of San Diego,"Private, nonprofit",1,301,Natural Resources Conservation and Research.,3,Bachelor's Degree,53.0,30.0,2,21,58500,17,PS,PS,PS,PS,PS,PS,PS,PS,PS,PS,15907,55012,39435,72794
122436.0,10395,University of San Diego,"Private, nonprofit",1,301,Natural Resources Conservation and Research.,5,Master's Degree,2.0,5.0,PS,PS,PS,PS,PS,PS,PS,PS,PS,PS,PS,PS,PS,PS,PS,PS,PS,PS
122436.0,10395,University of San Diego,"Private, nonprofit",1,408,"Architectural History, Criticism, and Conservation.",3,Bachelor's Degree,17.0,21.0,2,PS,PS,PS,PS,PS,PS,PS,PS,PS,PS,PS,PS,PS,89,65003,45413,78925
122436.0,10395,University of San Diego,"Private, nonprofit",1,501,Area Studies.,3,Bachelor's Degree,5.0,2.0,0,PS,PS,PS,PS,PS,PS,PS,PS,PS,PS,PS,PS,PS,3737,56625,37190,78481
122436.0,10395,University of San Diego,"Private, nonprofit",1,502,"Ethnic, Cultural Minority, Gender, and Group Studies.",3,Bachelor's Degree,9.0,3.0,1,PS,PS,PS,PS,PS,PS,PS,PS,PS,PS,PS,PS,PS,5420,51710,34946,68128
122436.0,10395,University of San Diego,"Private, nonprofit",1,901,Communication and Media Studies.,3,Bachelor's Degree,74.0,92.0,6,94,64852,81,33,51494,61,72182,PS,PS,76,66458,PS,67,61357,56359,39575,76115
122436.0,10395,University of San Diego,"Private, nonprofit",1,1101,"Computer and Information Sciences, General.",5,Master's Degree,0.0,35.0,PS,PS,PS,PS,PS,PS,PS,PS,PS,PS,PS,PS,PS,PS,PS,PS,PS,PS
122436.0,10395,University of San Diego,"Private, nonprofit",1,1107,Computer Science.,3,Bachelor's Degree,29.0,44.0,0,PS,PS,PS,PS,PS,PS,PS,PS,PS,PS,PS,PS,PS,28067,107009,74830,152038
122436.0,10395,University of San Diego,"Private, nonprofit",1,1110,Computer/Information Technology Administration and Management.,5,Master's Degree,59.0,57.0,PS,PS,PS,PS,PS,PS,PS,PS,PS,PS,PS,PS,PS,PS,4049,121855,87003,163279
122436.0,10395,University of San Diego,"Private, nonprofit",1,1301,"Education, General.",5,Master's Degree,72.0,62.0,2,48,87081,47,27,86549,21,78949,PS,PS,PS,PS,PS,31,22487,65824,52724,82084
122436.0,10395,University of San Diego,"Private, nonprofit",1,1303,Curriculum and Instruction.,5,Master's Degree,57.0,64.0,6,36,72457,35,PS,PS,PS,PS,PS,PS,PS,PS,PS,31,18183,63399,51716,78118
122436.0,10395,University of San Diego,"Private, nonprofit",1,1304,Educational Administration and Supervision.,3,Bachelor's Degree,,,0,PS,PS,PS,PS,PS,PS,PS,PS,PS,PS,PS,PS,PS,883,47433,35940,59678
122436.0,10395,University of San Diego,"Private, nonprofit",1,1304,Educational Administration and Supervision.,5,Master's Degree,76.0,44.0,0,60,65612,55,23,63151,36,67619,19,60953,41,66897,PS,43,32412,71685,57739,90151
122436.0,10395,University of San Diego,"Private, nonprofit",1,1304,Educational Administration and Supervision.,6,Doctoral Degree,24.0,19.0,1,PS,PS,PS,PS,PS,PS,PS,PS,PS,PS,PS,PS,PS,7878,100573,76116,135360
122436.0,10395,University of San Diego,"Private, nonprofit",1,1305,Educational/Instructional Media Design.,5,Master's Degree,0.0,8.0,PS,PS,PS,PS,PS,PS,PS,PS,PS,PS,PS,PS,PS,PS,PS,PS,PS,PS
122436.0,10395,University of San Diego,"Private, nonprofit",1,1310,Special Education and Teaching.,5,Master's Degree,1.0,0.0,1,PS,PS,PS,PS,PS,PS,PS,PS,PS,PS,PS,PS,PS,21493,64397,52390,79764
122436.0,10395,University of San Diego,"Private, nonprofit",1,1311,Student Counseling and Personnel Services.,5,Master's Degree,,,3,53,74222,46,21,77290,31,74367,PS,PS,PS,PS,PS,39,15495,60111,48192,74890
122436.0,10395,University of San Diego,"Private, nonprofit",1,1312,"Teacher Education and Professional Development, Specific Levels and Methods.",3,Bachelor's Degree,,,0,PS,PS,PS,PS,PS,PS,PS,PS,PS,PS,PS,PS,PS,50018,47382,38431,56096
122436.0,10395,University of San Diego,"Private, nonprofit",1,1312,"Teacher Education and Professional Development, Specific Levels and Methods.",5,Master's Degree,,,4,PS,PS,PS,PS,PS,PS,PS,PS,PS,PS,PS,PS,PS,30920,59916,48965,72958
122436.0,10395,University of San Diego,"Private, nonprofit",1,1313,"Teacher Education and Professional Development, Specific Subject Areas.",5,Master's Degree,,,0,PS,PS,PS,PS,PS,PS,PS,PS,PS,PS,PS,PS,PS,19074,63707,51487,78905
122436.0,10395,University of San Diego,"Private, nonprofit",1,1314,Teaching English or French as a Second or Foreign Language.,5,Master's Degree,7.0,8.0,1,PS,PS,PS,PS,PS,PS,PS,PS,PS,PS,PS,PS,PS,2991,65767,49386,82810
122436.0,10395,University of San Diego,"Private, nonprofit",1,1314,Teaching English or French as a Second or Foreign Language.,8,Graduate/Professional Certificate,7.0,0.0,PS,PS,PS,PS,PS,PS,PS,PS,PS,PS,PS,PS,PS,PS,PS,PS,PS,PS
122436.0,10395,University of San Diego,"Private, nonprofit",1,1399,"Education, Other.",6,Doctoral Degree,0.0,7.0,PS,PS,PS,PS,PS,PS,PS,PS,PS,PS,PS,PS,PS,PS,PS,PS,PS,PS
122436.0,10395,University of San Diego,"Private, nonprofit",1,1399,"Education, Other.",8,Graduate/Professional Certificate,0.0,0.0,PS,PS,PS,PS,PS,PS,PS,PS,PS,PS,PS,PS,PS,PS,PS,PS,PS,PS
122436.0,10395,University of San Diego,"Private, nonprofit",1,1401,"Engineering, General.",3,Bachelor's Degree,18.0,16.0,PS,PS,PS,PS,PS,PS,PS,PS,PS,PS,PS,PS,PS,PS,3262,89359,73449,108835
122436.0,10395,University of San Diego,"Private, nonprofit",1,1410,"Electrical, Electronics, and Communications Engineering.",3,Bachelor's Degree,23.0,28.0,2,22,118396,21,PS,PS,PS,PS,PS,PS,PS,PS,PS,17,16532,100647,84635,122440
122436.0,10395,University of San Diego,"Private, nonprofit",1,1414,Environmental/Environmental Health Engineering.,5,Master's Degree,,0.0,,,,,,,,,,,,,,,PS,PS,PS,PS
122436.0,10395,University of San Diego,"Private, nonprofit",1,1419,Mechanical Engineering.,3,Bachelor's Degree,61.0,62.0,3,37,97127,35,PS,PS,PS,PS,PS,PS,PS,PS,PS,23,36057,92135,77715,109121
122436.0,10395,University of San Diego,"Private, nonprofit",1,1435,Industrial Engineering.,3,Bachelor's Degree,38.0,39.0,0,PS,PS,PS,PS,PS,PS,PS,PS,PS,PS,PS,PS,PS,4636,98442,81158,121691
122436.0,10395,University of San Diego,"Private, nonprofit",1,1609,"Romance Languages, Literatures, and Linguistics.",3,Bachelor's Degree,14.0,18.0,0,24,69974,22,PS,PS,PS,PS,PS,PS,PS,PS,PS,17,10363,55000,38411,73324
122436.0,10395,University of San Diego,"Private, nonprofit",1,2201,Law.,7,First Professional Degree,248.0,223.0,16,341,130132,320,108,124714,233,133385,158,136942,183,125924,PS,288,40183,107773,75568,176111
122436.0,10395,University of San Diego,"Private, nonprofit",1,2202,Legal Research and Advanced Professional Studies.,5,Master's Degree,38.0,31.0,2,50,130361,43,18,138602,32,121571,25,136879,24,125310,PS,40,2905,101000,62617,153946
122436.0,10395,University of San Diego,"Private, nonprofit",1,2202,Legal Research and Advanced Professional Studies.,7,First Professional Degree,,,0,PS,PS,PS,PS,PS,PS,PS,PS,PS,PS,PS,PS,PS,212,106836,70638,171229
122436.0,10395,University of San Diego,"Private, nonprofit",1,2203,Legal Support Services.,4,Post-baccalaureate Certificate,,,1,PS,PS,PS,PS,PS,PS,PS,PS,PS,PS,PS,PS,PS,318,55073,38287,71965
122436.0,10395,University of San Diego,"Private, nonprofit",1,2203,Legal Support Services.,8,Graduate/Professional Certificate,106.0,119.0,1,92,64466,81,50,64477,42,58714,19,54055,73,65891,PS,72,109,69929,52021,91001
122436.0,10395,University of San Diego,"Private, nonprofit",1,2299,"Legal Professions and Studies, Other.",5,Master's Degree,3.0,7.0,1,PS,PS,PS,PS,PS,PS,PS,PS,PS,PS,PS,PS,PS,827,101855,64845,203081
122436.0,10395,University of San Diego,"Private, nonprofit",1,2301,"English Language and Literature, General.",3,Bachelor's Degree,25.0,30.0,6,28,56908,22,PS,PS,PS,PS,PS,PS,PS,PS,PS,17,33025,48590,33654,63810
122436.0,10395,University of San Diego,"Private, nonprofit",1,2401,"Liberal Arts and Sciences, General Studies and Humanities.",3,Bachelor's Degree,26.0,17.0,1,PS,PS,PS,PS,PS,PS,PS,PS,PS,PS,PS,PS,PS,50554,53072,35750,73322
122436.0,10395,University of San Diego,"Private, nonprofit",1,2601,"Biology, General.",3,Bachelor's Degree,65.0,79.0,3,42,68950,36,PS,PS,PS,PS,17,92510,25,61985,PS,26,57101,57214,38929,79199
122436.0,10395,University of San Diego,"Private, nonprofit",1,2602,"Biochemistry, Biophysics and Molecular Biology.",3,Bachelor's Degree,26.0,25.0,2,24,84844,22,PS,PS,PS,PS,PS,PS,PS,PS,PS,16,6319,65466,44889,88432
122436.0,10395,University of San Diego,"Private, nonprofit",1,2613,"Ecology, Evolution, Systematics, and Population Biology.",3,Bachelor's Degree,,,0,PS,PS,PS,PS,PS,PS,PS,PS,PS,PS,PS,PS,PS,3201,48842,36007,64274
122436.0,10395,University of San Diego,"Private, nonprofit",1,2613,"Ecology, Evolution, Systematics, and Population Biology.",5,Master's Degree,,1.0,0,PS,PS,PS,PS,PS,PS,PS,PS,PS,PS,PS,PS,PS,1666,82527,62410,110761
122436.0,10395,University of San Diego,"Private, nonprofit",1,2615,Neurobiology and Neurosciences.,3,Bachelor's Degree,100.0,67.0,5,32,84851,27,PS,PS,PS,PS,PS,PS,PS,PS,PS,22,3745,62451,40736,88598
122436.0,10395,University of San Diego,"Private, nonprofit",1,2701,Mathematics.,3,Bachelor's Degree,18.0,15.0,1,PS,PS,PS,PS,PS,PS,PS,PS,PS,PS,PS,PS,PS,15976,69562,49058,97414
122436.0,10395,University of San Diego,"Private, nonprofit",1,2703,Applied Mathematics.,5,Master's Degree,23.0,40.0,PS,PS,PS,PS,PS,PS,PS,PS,PS,PS,PS,PS,PS,PS,1088,116060,85199,161426
122436.0,10395,University of San Diego,"Private, nonprofit",1,3005,Peace Studies and Conflict Resolution.,5,Master's Degree,30.0,41.0,1,PS,PS,PS,PS,PS,PS,PS,PS,PS,PS,PS,PS,PS,577,70267,49057,94650
122436.0,10395,University of San Diego,"Private, nonprofit",1,3070,Data Science.,5,Master's Degree,0.0,56.0,PS,PS,PS,PS,PS,PS,PS,PS,PS,PS,PS,PS,PS,PS,PS,PS,PS,PS
122436.0,10395,University of San Diego,"Private, nonprofit",1,3071,Data Analytics.,3,Bachelor's Degree,13.0,24.0,,,,,,,,,,,,,,,PS,PS,PS,PS
122436.0,10395,University of San Diego,"Private, nonprofit",1,3071,Data Analytics.,5,Master's Degree,21.0,22.0,PS,PS,PS,PS,PS,PS,PS,PS,PS,PS,PS,PS,PS,PS,PS,PS,PS,PS
122436.0,10395,University of San Diego,"Private, nonprofit",1,3801,Philosophy.,3,Bachelor's Degree,12.0,14.0,1,PS,PS,PS,PS,PS,PS,PS,PS,PS,PS,PS,PS,PS,6085,54455,34926,78043
122436.0,10395,University of San Diego,"Private, nonprofit",1,3802,Religion/Religious Studies.,3,Bachelor's Degree,7.0,0.0,1,PS,PS,PS,PS,PS,PS,PS,PS,PS,PS,PS,PS,PS,5310,41390,20518,65165
122436.0,10395,University of San Diego,"Private, nonprofit",1,4005,Chemistry.,3,Bachelor's Degree,10.0,10.0,0,PS,PS,PS,PS,PS,PS,PS,PS,PS,PS,PS,PS,PS,10453,65120,48307,84018
122436.0,10395,University of San Diego,"Private, nonprofit",1,4008,Physics.,3,Bachelor's Degree,8.0,15.0,1,PS,PS,PS,PS,PS,PS,PS,PS,PS,PS,PS,PS,PS,5602,76786,51777,102948
122436.0,10395,University of San Diego,"Private, nonprofit",1,4201,"Psychology, General.",3,Bachelor's Degree,123.0,111.0,3,49,68458,40,27,60456,PS,PS,PS,PS,PS,PS,19,39,102536,50706,35740,67229
122436.0,10395,University of San Diego,"Private, nonprofit",1,4228,"Clinical, Counseling and Applied Psychology.",3,Bachelor's Degree,,,,,,,,,,,,,,,,,3881,50523,35237,66891
122436.0,10395,University of San Diego,"Private, nonprofit",1,4228,"Clinical, Counseling and Applied Psychology.",5,Master's Degree,74.0,59.0,PS,PS,PS,PS,PS,PS,PS,PS,PS,PS,PS,PS,PS,PS,22438,65184,47881,83770
122436.0,10395,University of San Diego,"Private, nonprofit",1,4301,Criminal Justice and Corrections.,5,Master's Degree,161.0,138.0,PS,PS,PS,PS,PS,PS,PS,PS,PS,PS,PS,PS,PS,PS,7364,66714,48346,93005
122436.0,10395,University of San Diego,"Private, nonprofit",1,4303,Homeland Security.,5,Master's Degree,,0.0,,,,,,,,,,,,,,,PS,PS,PS,PS
122436.0,10395,University of San Diego,"Private, nonprofit",1,4304,Security Science and Technology.,5,Master's Degree,69.0,56.0,PS,PS,PS,PS,PS,PS,PS,PS,PS,PS,PS,PS,PS,PS,1383,82399,62177,114337
122436.0,10395,University of San Diego,"Private, nonprofit",1,4400,"Human Services, General.",5,Master's Degree,22.0,22.0,PS,PS,PS,PS,PS,PS,PS,PS,PS,PS,PS,PS,PS,PS,1619,57050,43407,73575
122436.0,10395,University of San Diego,"Private, nonprofit",1,4502,Anthropology.,3,Bachelor's Degree,4.0,8.0,2,PS,PS,PS,PS,PS,PS,PS,PS,PS,PS,PS,PS,PS,8303,46676,32056,63905
122436.0,10395,University of San Diego,"Private, nonprofit",1,4506,Economics.,3,Bachelor's Degree,37.0,32.0,1,17,70256,PS,PS,PS,PS,PS,PS,PS,PS,PS,PS,PS,28744,82686,58184,116323
122436.0,10395,University of San Diego,"Private, nonprofit",1,4509,International Relations and National Security Studies.,3,Bachelor's Degree,31.0,33.0,3,28,68437,22,PS,PS,PS,PS,PS,PS,PS,PS,PS,16,8070,66596,46031,87798
122436.0,10395,University of San Diego,"Private, nonprofit",1,4509,International Relations and National Security Studies.,5,Master's Degree,13.0,22.0,1,PS,PS,PS,PS,PS,PS,PS,PS,PS,PS,PS,PS,PS,4177,95627,68941,122748
122436.0,10395,University of San Diego,"Private, nonprofit",1,4510,Political Science and Government.,3,Bachelor's Degree,66.0,71.0,4,45,71534,39,26,69510,19,97112,PS,PS,26,72168,PS,26,36628,63293,44760,85406
122436.0,10395,University of San Diego,"Private, nonprofit",1,4511,Sociology.,3,Bachelor's Degree,42.0,31.0,0,32,59681,27,PS,PS,PS,PS,PS,PS,PS,PS,PS,27,31848,52657,37665,69502
122436.0,10395,University of San Diego,"Private, nonprofit",1,5005,Drama/Theatre Arts and Stagecraft.,3,Bachelor's Degree,7.0,5.0,0,PS,PS,PS,PS,PS,PS,PS,PS,PS,PS,PS,PS,PS,14066,39775,25491,55399
122436.0,10395,University of San Diego,"Private, nonprofit",1,5005,Drama/Theatre Arts and Stagecraft.,5,Master's Degree,7.0,6.0,0,PS,PS,PS,PS,PS,PS,PS,PS,PS,PS,PS,PS,PS,2137,49978,29233,69322
122436.0,10395,University of San Diego,"Private, nonprofit",1,5007,Fine and Studio Arts.,3,Bachelor's Degree,15.0,11.0,2,PS,PS,PS,PS,PS,PS,PS,PS,PS,PS,PS,PS,PS,26935,41367,26241,56653
122436.0,10395,University of San Diego,"Private, nonprofit",1,5009,Music.,3,Bachelor's Degree,5.0,3.0,0,PS,PS,PS,PS,PS,PS,PS,PS,PS,PS,PS,PS,PS,14715,42892,26048,58755
122436.0,10395,University of San Diego,"Private, nonprofit",1,5115,Mental and Social Health Services and Allied Professions.,5,Master's Degree,37.0,36.0,0,27,71961,22,PS,PS,PS,PS,PS,PS,PS,PS,PS,20,15919,59571,41812,76123
122436.0,10395,University of San Diego,"Private, nonprofit",1,5127,Medical Illustration and Informatics.,5,Master's Degree,84.0,73.0,1,PS,PS,PS,PS,PS,PS,PS,PS,PS,PS,PS,PS,PS,1239,101441,77716,136744
122436.0,10395,University of San Diego,"Private, nonprofit",1,5138,"Registered Nursing, Nursing Administration, Nursing Research and Clinical Nursing.",5,Master's Degree,23.0,95.0,7,111,119023,107,39,118635,72,118890,PS,PS,PS,PS,PS,92,63874,120193,94642,149472
122436.0,10395,University of San Diego,"Private, nonprofit",1,5138,"Registered Nursing, Nursing Administration, Nursing Research and Clinical Nursing.",6,Doctoral Degree,16.0,11.0,4,44,144258,40,PS,PS,PS,PS,PS,PS,PS,PS,PS,35,8559,138131,106294,185434
122436.0,10395,University of San Diego,"Private, nonprofit",1,5138,"Registered Nursing, Nursing Administration, Nursing Research and Clinical Nursing.",7,First Professional Degree,42.0,45.0,PS,PS,PS,PS,PS,PS,PS,PS,PS,PS,PS,PS,PS,PS,1672,133099,107508,174772
122436.0,10395,University of San Diego,"Private, nonprofit",1,5202,"Business Administration, Management and Operations.",3,Bachelor's Degree,166.0,162.0,5,96,84779,89,34,83183,62,85127,46,82448,50,86180,PS,74,183303,68257,47618,93584
122436.0,10395,University of San Diego,"Private, nonprofit",1,5202,"Business Administration, Management and Operations.",5,Master's Degree,87.0,113.0,11,119,128241,112,41,117106,79,139701,78,143254,41,114789,PS,79,122193,103485,69982,153484
122436.0,10395,University of San Diego,"Private, nonprofit",1,5203,Accounting and Related Services.,3,Bachelor's Degree,62.0,57.0,8,108,109018,106,46,109184,62,108245,53,110458,55,108699,16,81,63013,76194,56205,97191
122436.0,10395,University of San Diego,"Private, nonprofit",1,5203,Accounting and Related Services.,5,Master's Degree,14.0,13.0,0,PS,PS,PS,PS,PS,PS,PS,PS,PS,PS,PS,PS,PS,21288,95833,74491,118338
122436.0,10395,University of San Diego,"Private, nonprofit",1,5206,Business/Managerial Economics.,3,Bachelor's Degree,,,1,PS,PS,PS,PS,PS,PS,PS,PS,PS,PS,PS,PS,PS,5426,77981,55058,106683
122436.0,10395,University of San Diego,"Private, nonprofit",1,5208,Finance and Financial Management Services.,3,Bachelor's Degree,204.0,175.0,11,123,107544,114,50,108052,73,106309,91,105994,34,106100,PS,81,43799,83343,60801,111527
122436.0,10395,University of San Diego,"Private, nonprofit",1,5208,Finance and Financial Management Services.,5,Master's Degree,0.0,,3,PS,PS,PS,PS,PS,PS,PS,PS,PS,PS,PS,PS,PS,3403,110694,75597,157777
122436.0,10395,University of San Diego,"Private, nonprofit",1,5211,International Business.,3,Bachelor's Degree,37.0,50.0,3,35,95368,33,17,75152,18,99576,16,86622,19,96752,PS,28,5548,73201,51264,98832
122436.0,10395,University of San Diego,"Private, nonprofit",1,5211,International Business.,5,Master's Degree,,,1,PS,PS,PS,PS,PS,PS,PS,PS,PS,PS,PS,PS,PS,1060,97121,64056,143157
122436.0,10395,University of San Diego,"Private, nonprofit",1,5214,Marketing.,3,Bachelor's Degree,116.0,93.0,3,80,80998,71,30,65024,50,84689,36,93931,44,74771,PS,59,48162,69303,49728,93152
122436.0,10395,University of San Diego,"Private, nonprofit",1,5215,Real Estate.,3,Bachelor's Degree,107.0,125.0,1,PS,PS,PS,PS,PS,PS,PS,PS,PS,PS,PS,PS,PS,1155,84821,55645,120670
122436.0,10395,University of San Diego,"Private, nonprofit",1,5215,Real Estate.,5,Master's Degree,24.0,18.0,4,PS,PS,PS,PS,PS,PS,PS,PS,PS,PS,PS,PS,PS,819,135104,85909,185208
122436.0,10395,University of San Diego,"Private, nonprofit",1,5216,Taxation.,5,Master's Degree,8.0,3.0,0,PS,PS,PS,PS,PS,PS,PS,PS,PS,PS,PS,PS,PS,1531,114810,87970,148860
122436.0,10395,University of San Diego,"Private, nonprofit",1,5401,History.,3,Bachelor's Degree,15.0,19.0,1,PS,PS,PS,PS,PS,PS,PS,PS,PS,PS,PS,PS,PS,23671,50680,36330,66736
122436.0,10395,University of San Diego,"Private, nonprofit",1,5401,History.,5,Master's Degree,0.0,,0,PS,PS,PS,PS,PS,PS,PS,PS,PS,PS,PS,PS,PS,PS,PS,PS,PS
122506.0,1278,San Francisco Conservatory of Music,"Private, nonprofit",1,5009,Music.,1,Undergraduate Certificate or Diploma,0.0,0.0,0,PS,PS,PS,PS,PS,PS,PS,PS,PS,PS,PS,PS,PS,330,33318,17479,48525
122506.0,1278,San Francisco Conservatory of Music,"Private, nonprofit",1,5009,Music.,3,Bachelor's Degree,46.0,51.0,6,25,27321,PS,PS,PS,PS,PS,PS,PS,PS,PS,PS,PS,14715,42892,26048,58755
122506.0,1278,San Francisco Conservatory of Music,"Private, nonprofit",1,5009,Music.,5,Master's Degree,56.0,104.0,5,87,38448,50,35,31742,52,43819,39,40251,48,36280,PS,40,5004,48285,28079,65736
122506.0,1278,San Francisco Conservatory of Music,"Private, nonprofit",1,5009,Music.,8,Graduate/Professional Certificate,32.0,31.0,0,PS,PS,PS,PS,PS,PS,PS,PS,PS,PS,PS,PS,PS,138,40504,19679,62396
122597.0,1154,San Francisco State University,Public,1,301,Natural Resources Conservation and Research.,3,Bachelor's Degree,49.0,49.0,3,30,61590,23,PS,PS,PS,PS,PS,PS,PS,PS,PS,25,15907,55012,39435,72794
122597.0,1154,San Francisco State University,Public,1,301,Natural Resources Conservation and Research.,8,Graduate/Professional Certificate,12.0,0.0,,,,,,,,,,,,,,,PS,PS,PS,PS
122597.0,1154,San Francisco State University,Public,1,501,Area Studies.,3,Bachelor's Degree,2.0,1.0,0,PS,PS,PS,PS,PS,PS,PS,PS,PS,PS,PS,PS,PS,3737,56625,37190,78481
122597.0,1154,San Francisco State University,Public,1,502,"Ethnic, Cultural Minority, Gender, and Group Studies.",3,Bachelor's Degree,117.0,83.0,11,95,55308,71,74,52965,21,63718,25,68556,70,52843,PS,87,5420,51710,34946,68128
122597.0,1154,San Francisco State University,Public,1,502,"Ethnic, Cultural Minority, Gender, and Group Studies.",5,Master's Degree,21.0,20.0,0,16,66934,PS,PS,PS,PS,PS,PS,PS,PS,PS,PS,PS,465,62705,43158,81176
122597.0,1154,San Francisco State University,Public,1,502,"Ethnic, Cultural Minority, Gender, and Group Studies.",8,Graduate/Professional Certificate,14.0,0.0,PS,PS,PS,PS,PS,PS,PS,PS,PS,PS,PS,PS,PS,PS,PS,PS,PS,PS
122597.0,1154,San Francisco State University,Public,1,901,Communication and Media Studies.,3,Bachelor's Degree,264.0,229.0,16,209,69437,175,151,67649,58,75630,76,70155,133,68951,PS,188,61357,56359,39575,76115
122597.0,1154,San Francisco State University,Public,1,901,Communication and Media Studies.,5,Master's Degree,9.0,9.0,0,PS,PS,PS,PS,PS,PS,PS,PS,PS,PS,PS,PS,PS,4101,71953,51074,99548
122597.0,1154,San Francisco State University,Public,1,901,Communication and Media Studies.,8,Graduate/Professional Certificate,50.0,0.0,,,,,,,,,,,,,,,PS,PS,PS,PS
122597.0,1154,San Francisco State University,Public,1,904,Journalism.,3,Bachelor's Degree,42.0,32.0,4,54,65760,46,PS,PS,PS,PS,18,63629,37,68785,PS,43,13928,56278,40588,73923
122597.0,1154,San Francisco State University,Public,1,907,"Radio, Television, and Digital Communication.",1,Undergraduate Certificate or Diploma,,,PS,PS,PS,PS,PS,PS,PS,PS,PS,PS,PS,PS,PS,PS,2039,33711,19198,48494
122597.0,1154,San Francisco State University,Public,1,907,"Radio, Television, and Digital Communication.",3,Bachelor's Degree,157.0,129.0,19,199,62463,154,142,59277,56,65635,96,58183,103,68403,PS,171,11821,50497,33717,70128
122597.0,1154,San Francisco State University,Public,1,907,"Radio, Television, and Digital Communication.",5,Master's Degree,5.0,5.0,0,PS,PS,PS,PS,PS,PS,PS,PS,PS,PS,PS,PS,PS,1207,75972,53409,104151
122597.0,1154,San Francisco State University,Public,1,907,"Radio, Television, and Digital Communication.",8,Graduate/Professional Certificate,15.0,0.0,,,,,,,,,,,,,,,PS,PS,PS,PS
122597.0,1154,San Francisco State University,Public,1,1002,Audiovisual Communications Technologies/Technicians.,1,Undergraduate Certificate or Diploma,,,,,,,,,,,,,,,,,2511,33223,17256,49724
122597.0,1154,San Francisco State University,Public,1,1101,"Computer and Information Sciences, General.",3,Bachelor's Degree,,,6,72,82648,64,PS,PS,PS,PS,56,79453,16,85802,PS,63,41037,92374,64179,128180
122597.0,1154,San Francisco State University,Public,1,1107,Computer Science.,3,Bachelor's Degree,293.0,307.0,6,88,112049,77,PS,PS,PS,PS,PS,PS,PS,PS,PS,74,28067,107009,74830,152038
122597.0,1154,San Francisco State University,Public,1,1107,Computer Science.,5,Master's Degree,27.0,29.0,0,PS,PS,PS,PS,PS,PS,PS,PS,PS,PS,PS,PS,PS,2450,145571,108475,208641
122597.0,1154,San Francisco State University,Public,1,1107,Computer Science.,8,Graduate/Professional Certificate,33.0,0.0,,,,,,,,,,,,,,,PS,PS,PS,PS
122597.0,1154,San Francisco State University,Public,1,1301,"Education, General.",5,Master's Degree,131.0,123.0,4,40,84045,37,23,84618,16,78844,PS,PS,PS,PS,PS,36,22487,65824,52724,82084
122597.0,1154,San Francisco State University,Public,1,1301,"Education, General.",6,Doctoral Degree,0.0,0.0,PS,PS,PS,PS,PS,PS,PS,PS,PS,PS,PS,PS,PS,PS,PS,PS,PS,PS
122597.0,1154,San Francisco State University,Public,1,1301,"Education, General.",8,Graduate/Professional Certificate,9.0,0.0,,,,,,,,,,,,,,,PS,PS,PS,PS
122597.0,1154,San Francisco State University,Public,1,1303,Curriculum and Instruction.,5,Master's Degree,7.0,34.0,,,,,,,,,,,,,,,PS,PS,PS,PS
122597.0,1154,San Francisco State University,Public,1,1303,Curriculum and Instruction.,8,Graduate/Professional Certificate,0.0,0.0,PS,PS,PS,PS,PS,PS,PS,PS,PS,PS,PS,PS,PS,PS,PS,PS,PS,PS
122597.0,1154,San Francisco State University,Public,1,1304,Educational Administration and Supervision.,5,Master's Degree,0.0,0.0,0,22,115737,22,PS,PS,PS,PS,PS,PS,PS,PS,PS,20,32412,71685,57739,90151
122597.0,1154,San Francisco State University,Public,1,1304,Educational Administration and Supervision.,6,Doctoral Degree,23.0,25.0,0,PS,PS,PS,PS,PS,PS,PS,PS,PS,PS,PS,PS,PS,7878,100573,76116,135360
122597.0,1154,San Francisco State University,Public,1,1304,Educational Administration and Supervision.,8,Graduate/Professional Certificate,12.0,0.0,,,,,,,,,,,,,,,PS,PS,PS,PS
122597.0,1154,San Francisco State University,Public,1,1305,Educational/Instructional Media Design.,5,Master's Degree,,0.0,0,PS,PS,PS,PS,PS,PS,PS,PS,PS,PS,PS,PS,PS,5338,70644,56435,89382
122597.0,1154,San Francisco State University,Public,1,1310,Special Education and Teaching.,3,Bachelor's Degree,,,PS,PS,PS,PS,PS,PS,PS,PS,PS,PS,PS,PS,PS,PS,9845,50499,41442,60070
122597.0,1154,San Francisco State University,Public,1,1310,Special Education and Teaching.,4,Post-baccalaureate Certificate,,,0,PS,PS,PS,PS,PS,PS,PS,PS,PS,PS,PS,PS,PS,343,63623,51615,75642
122597.0,1154,San Francisco State University,Public,1,1310,Special Education and Teaching.,5,Master's Degree,64.0,60.0,0,53,75494,47,24,76800,28,75854,PS,PS,PS,PS,PS,48,21493,64397,52390,79764
122597.0,1154,San Francisco State University,Public,1,1310,Special Education and Teaching.,8,Graduate/Professional Certificate,0.0,0.0,PS,PS,PS,PS,PS,PS,PS,PS,PS,PS,PS,PS,PS,PS,PS,PS,PS,PS
122597.0,1154,San Francisco State University,Public,1,1311,Student Counseling and Personnel Services.,5,Master's Degree,27.0,36.0,0,24,86391,22,PS,PS,PS,PS,PS,PS,PS,PS,PS,22,15495,60111,48192,74890
122597.0,1154,San Francisco State University,Public,1,1311,Student Counseling and Personnel Services.,8,Graduate/Professional Certificate,3.0,0.0,,,,,,,,,,,,,,,PS,PS,PS,PS
122597.0,1154,San Francisco State University,Public,1,1312,"Teacher Education and Professional Development, Specific Levels and Methods.",3,Bachelor's Degree,258.0,241.0,18,131,58169,103,113,58461,19,58513,PS,PS,PS,PS,23,123,50018,47382,38431,56096
122597.0,1154,San Francisco State University,Public,1,1312,"Teacher Education and Professional Development, Specific Levels and Methods.",4,Post-baccalaureate Certificate,,,PS,PS,PS,PS,PS,PS,PS,PS,PS,PS,PS,PS,PS,PS,311,58414,46801,76227
122597.0,1154,San Francisco State University,Public,1,1312,"Teacher Education and Professional Development, Specific Levels and Methods.",5,Master's Degree,,,1,PS,PS,PS,PS,PS,PS,PS,PS,PS,PS,PS,PS,PS,30920,59916,48965,72958
122597.0,1154,San Francisco State University,Public,1,1312,"Teacher Education and Professional Development, Specific Levels and Methods.",8,Graduate/Professional Certificate,26.0,0.0,PS,PS,PS,PS,PS,PS,PS,PS,PS,PS,PS,PS,PS,PS,PS,PS,PS,PS
122597.0,1154,San Francisco State University,Public,1,1313,"Teacher Education and Professional Development, Specific Subject Areas.",3,Bachelor's Degree,1.0,0.0,3,31,65728,26,PS,PS,PS,PS,PS,PS,PS,PS,PS,26,22867,51389,40539,63098
122597.0,1154,San Francisco State University,Public,1,1313,"Teacher Education and Professional Development, Specific Subject Areas.",4,Post-baccalaureate Certificate,,,,,,,,,,,,,,,,,352,60439,48476,75274
122597.0,1154,San Francisco State University,Public,1,1313,"Teacher Education and Professional Development, Specific Subject Areas.",5,Master's Degree,0.0,0.0,0,PS,PS,PS,PS,PS,PS,PS,PS,PS,PS,PS,PS,PS,19074,63707,51487,78905
122597.0,1154,San Francisco State University,Public,1,1313,"Teacher Education and Professional Development, Specific Subject Areas.",8,Graduate/Professional Certificate,0.0,0.0,PS,PS,PS,PS,PS,PS,PS,PS,PS,PS,PS,PS,PS,PS,PS,PS,PS,PS
122597.0,1154,San Francisco State University,Public,1,1399,"Education, Other.",5,Master's Degree,,,0,PS,PS,PS,PS,PS,PS,PS,PS,PS,PS,PS,PS,PS,2556,65348,52547,79994
122597.0,1154,San Francisco State University,Public,1,1401,"Engineering, General.",5,Master's Degree,26.0,28.0,0,PS,PS,PS,PS,PS,PS,PS,PS,PS,PS,PS,PS,PS,1455,120215,97333,152041
122597.0,1154,San Francisco State University,Public,1,1401,"Engineering, General.",8,Graduate/Professional Certificate,2.0,0.0,,,,,,,,,,,,,,,PS,PS,PS,PS
122597.0,1154,San Francisco State University,Public,1,1408,Civil Engineering.,3,Bachelor's Degree,65.0,53.0,5,55,100807,53,PS,PS,PS,PS,PS,PS,PS,PS,PS,47,15798,86517,73883,101174
122597.0,1154,San Francisco State University,Public,1,1408,Civil Engineering.,5,Master's Degree,,2.0,,,,,,,,,,,,,,,PS,PS,PS,PS
122597.0,1154,San Francisco State University,Public,1,1408,Civil Engineering.,8,Graduate/Professional Certificate,5.0,0.0,,,,,,,,,,,,,,,PS,PS,PS,PS
122597.0,1154,San Francisco State University,Public,1,1409,Computer Engineering.,3,Bachelor's Degree,38.0,30.0,0,17,111112,18,PS,PS,PS,PS,PS,PS,PS,PS,PS,16,10329,109015,86299,145170
122597.0,1154,San Francisco State University,Public,1,1409,Computer Engineering.,5,Master's Degree,,4.0,,,,,,,,,,,,,,,PS,PS,PS,PS
122597.0,1154,San Francisco State University,Public,1,1409,Computer Engineering.,8,Graduate/Professional Certificate,1.0,0.0,,,,,,,,,,,,,,,PS,PS,PS,PS
122597.0,1154,San Francisco State University,Public,1,1410,"Electrical, Electronics, and Communications Engineering.",3,Bachelor's Degree,38.0,32.0,1,27,99534,23,PS,PS,PS,PS,PS,PS,PS,PS,PS,25,16532,100647,84635,122440
122597.0,1154,San Francisco State University,Public,1,1410,"Electrical, Electronics, and Communications Engineering.",8,Graduate/Professional Certificate,3.0,0.0,,,,,,,,,,,,,,,PS,PS,PS,PS
122597.0,1154,San Francisco State University,Public,1,1419,Mechanical Engineering.,3,Bachelor's Degree,75.0,70.0,2,42,99619,39,PS,PS,PS,PS,PS,PS,PS,PS,PS,37,36057,92135,77715,109121
122597.0,1154,San Francisco State University,Public,1,1427,Systems Engineering.,5,Master's Degree,,,0,PS,PS,PS,PS,PS,PS,PS,PS,PS,PS,PS,PS,PS,1290,144565,117436,177515
122597.0,1154,San Francisco State University,Public,1,1506,Industrial Production Technologies/Technicians.,3,Bachelor's Degree,0.0,0.0,PS,PS,PS,PS,PS,PS,PS,PS,PS,PS,PS,PS,PS,PS,PS,PS,PS,PS
122597.0,1154,San Francisco State University,Public,1,1601,"Linguistic, Comparative, and Related Language Studies and Services.",1,Undergraduate Certificate or Diploma,,,,,,,,,,,,,,,,,291,45242,32190,64750
122597.0,1154,San Francisco State University,Public,1,1601,"Linguistic, Comparative, and Related Language Studies and Services.",3,Bachelor's Degree,6.0,10.0,6,PS,PS,PS,PS,PS,PS,PS,PS,PS,PS,PS,PS,PS,4565,49984,32888,69881
122597.0,1154,San Francisco State University,Public,1,1601,"Linguistic, Comparative, and Related Language Studies and Services.",5,Master's Degree,3.0,4.0,0,PS,PS,PS,PS,PS,PS,PS,PS,PS,PS,PS,PS,PS,640,58093,39746,79896
122597.0,1154,San Francisco State University,Public,1,1603,"East Asian Languages, Literatures, and Linguistics.",3,Bachelor's Degree,29.0,28.0,10,32,50651,23,PS,PS,PS,PS,PS,PS,PS,PS,PS,29,1249,51642,32068,74398
122597.0,1154,San Francisco State University,Public,1,1603,"East Asian Languages, Literatures, and Linguistics.",5,Master's Degree,2.0,7.0,1,PS,PS,PS,PS,PS,PS,PS,PS,PS,PS,PS,PS,PS,44,62871,PS,72283
122597.0,1154,San Francisco State University,Public,1,1603,"East Asian Languages, Literatures, and Linguistics.",8,Graduate/Professional Certificate,1.0,0.0,,,,,,,,,,,,,,,PS,PS,PS,PS
122597.0,1154,San Francisco State University,Public,1,1605,"Germanic Languages, Literatures, and Linguistics.",3,Bachelor's Degree,3.0,2.0,1,PS,PS,PS,PS,PS,PS,PS,PS,PS,PS,PS,PS,PS,925,55459,36860,80954
122597.0,1154,San Francisco State University,Public,1,1605,"Germanic Languages, Literatures, and Linguistics.",5,Master's Degree,0.0,0.0,PS,PS,PS,PS,PS,PS,PS,PS,PS,PS,PS,PS,PS,PS,PS,PS,PS,PS
122597.0,1154,San Francisco State University,Public,1,1609,"Romance Languages, Literatures, and Linguistics.",3,Bachelor's Degree,18.0,14.0,4,PS,PS,PS,PS,PS,PS,PS,PS,PS,PS,PS,PS,PS,10363,55000,38411,73324
122597.0,1154,San Francisco State University,Public,1,1609,"Romance Languages, Literatures, and Linguistics.",5,Master's Degree,2.0,2.0,2,PS,PS,PS,PS,PS,PS,PS,PS,PS,PS,PS,PS,PS,654,60728,46427,78882
122597.0,1154,San Francisco State University,Public,1,1612,"Classics and Classical Languages, Literatures, and Linguistics.",3,Bachelor's Degree,6.0,1.0,1,PS,PS,PS,PS,PS,PS,PS,PS,PS,PS,PS,PS,PS,813,49429,32066,67794
122597.0,1154,San Francisco State University,Public,1,1612,"Classics and Classical Languages, Literatures, and Linguistics.",5,Master's Degree,2.0,1.0,PS,PS,PS,PS,PS,PS,PS,PS,PS,PS,PS,PS,PS,PS,PS,PS,PS,PS
122597.0,1154,San Francisco State University,Public,1,1612,"Classics and Classical Languages, Literatures, and Linguistics.",8,Graduate/Professional Certificate,1.0,0.0,,,,,,,,,,,,,,,PS,PS,PS,PS
122597.0,1154,San Francisco State University,Public,1,1901,"Family and Consumer Sciences/Human Sciences, General.",3,Bachelor's Degree,5.0,4.0,3,39,54183,31,PS,PS,PS,PS,PS,PS,PS,PS,PS,35,3828,48460,34712,63003
122597.0,1154,San Francisco State University,Public,1,1901,"Family and Consumer Sciences/Human Sciences, General.",5,Master's Degree,2.0,1.0,0,PS,PS,PS,PS,PS,PS,PS,PS,PS,PS,PS,PS,PS,PS,PS,PS,PS
122597.0,1154,San Francisco State University,Public,1,1901,"Family and Consumer Sciences/Human Sciences, General.",8,Graduate/Professional Certificate,1.0,0.0,,,,,,,,,,,,,,,PS,PS,PS,PS
122597.0,1154,San Francisco State University,Public,1,1905,"Foods, Nutrition, and Related Services.",4,Post-baccalaureate Certificate,,,1,PS,PS,PS,PS,PS,PS,PS,PS,PS,PS,PS,PS,PS,25,69384,57486,83535
122597.0,1154,San Francisco State University,Public,1,1909,Apparel and Textiles.,3,Bachelor's Degree,57.0,62.0,6,65,65412,55,PS,PS,PS,PS,PS,PS,PS,PS,PS,58,3190,57640,40599,75931
122597.0,1154,San Francisco State University,Public,1,1909,Apparel and Textiles.,8,Graduate/Professional Certificate,9.0,0.0,,,,,,,,,,,,,,,PS,PS,PS,PS
122597.0,1154,San Francisco State University,Public,1,2203,Legal Support Services.,1,Undergraduate Certificate or Diploma,,,0,PS,PS,PS,PS,PS,PS,PS,PS,PS,PS,PS,PS,PS,2324,49747,32310,67299
122597.0,1154,San Francisco State University,Public,1,2203,Legal Support Services.,4,Post-baccalaureate Certificate,,,0,PS,PS,PS,PS,PS,PS,PS,PS,PS,PS,PS,PS,PS,318,55073,38287,71965
122597.0,1154,San Francisco State University,Public,1,2301,"English Language and Literature, General.",3,Bachelor's Degree,143.0,117.0,3,54,46692,36,PS,PS,PS,PS,16,44900,37,49615,PS,45,33025,48590,33654,63810
122597.0,1154,San Francisco State University,Public,1,2301,"English Language and Literature, General.",5,Master's Degree,46.0,50.0,1,PS,PS,PS,PS,PS,PS,PS,PS,PS,PS,PS,PS,PS,3708,55512,39177,72721
122597.0,1154,San Francisco State University,Public,1,2301,"English Language and Literature, General.",8,Graduate/Professional Certificate,20.0,0.0,,,,,,,,,,,,,,,PS,PS,PS,PS
122597.0,1154,San Francisco State University,Public,1,2313,Rhetoric and Composition/Writing Studies.,3,Bachelor's Degree,1.0,16.0,6,67,43400,46,PS,PS,PS,PS,29,43305,38,42092,PS,55,8509,48471,32167,67306
122597.0,1154,San Francisco State University,Public,1,2313,Rhetoric and Composition/Writing Studies.,5,Master's Degree,25.0,23.0,5,27,52477,19,PS,PS,PS,PS,PS,PS,PS,PS,PS,21,3795,55035,32717,77712
122597.0,1154,San Francisco State University,Public,1,2313,Rhetoric and Composition/Writing Studies.,8,Graduate/Professional Certificate,1.0,0.0,,,,,,,,,,,,,,,PS,PS,PS,PS
122597.0,1154,San Francisco State University,Public,1,2401,"Liberal Arts and Sciences, General Studies and Humanities.",3,Bachelor's Degree,97.0,51.0,15,129,61526,106,92,57540,36,65237,30,52110,97,63143,19,117,50554,53072,35750,73322
122597.0,1154,San Francisco State University,Public,1,2401,"Liberal Arts and Sciences, General Studies and Humanities.",5,Master's Degree,5.0,1.0,0,PS,PS,PS,PS,PS,PS,PS,PS,PS,PS,PS,PS,PS,2419,65716,45452,93350
122597.0,1154,San Francisco State University,Public,1,2401,"Liberal Arts and Sciences, General Studies and Humanities.",8,Graduate/Professional Certificate,1.0,0.0,,,,,,,,,,,,,,,PS,PS,PS,PS
122597.0,1154,San Francisco State University,Public,1,2601,"Biology, General.",3,Bachelor's Degree,362.0,369.0,1,50,67380,46,PS,PS,PS,PS,PS,PS,PS,PS,PS,41,57101,57214,38929,79199
122597.0,1154,San Francisco State University,Public,1,2601,"Biology, General.",5,Master's Degree,53.0,58.0,1,PS,PS,PS,PS,PS,PS,PS,PS,PS,PS,PS,PS,PS,3962,69830,50928,96355
122597.0,1154,San Francisco State University,Public,1,2601,"Biology, General.",8,Graduate/Professional Certificate,64.0,0.0,,,,,,,,,,,,,,,PS,PS,PS,PS
122597.0,1154,San Francisco State University,Public,1,2602,"Biochemistry, Biophysics and Molecular Biology.",3,Bachelor's Degree,41.0,40.0,4,53,80520,44,PS,PS,PS,PS,22,82367,31,79935,PS,47,6319,65466,44889,88432
122597.0,1154,San Francisco State University,Public,1,2602,"Biochemistry, Biophysics and Molecular Biology.",8,Graduate/Professional Certificate,1.0,0.0,,,,,,,,,,,,,,,PS,PS,PS,PS
122597.0,1154,San Francisco State University,Public,1,2603,Botany/Plant Biology.,3,Bachelor's Degree,,,1,PS,PS,PS,PS,PS,PS,PS,PS,PS,PS,PS,PS,PS,244,49245,35017,64200
122597.0,1154,San Francisco State University,Public,1,2604,Cell/Cellular Biology and Anatomical Sciences.,3,Bachelor's Degree,,,7,47,78780,38,PS,PS,PS,PS,26,84441,21,68448,PS,43,1769,66697,44784,93441
122597.0,1154,San Francisco State University,Public,1,2604,Cell/Cellular Biology and Anatomical Sciences.,5,Master's Degree,,,0,PS,PS,PS,PS,PS,PS,PS,PS,PS,PS,PS,PS,PS,279,76837,54764,112183
122597.0,1154,San Francisco State University,Public,1,2605,Microbiological Sciences and Immunology.,3,Bachelor's Degree,,,2,38,87999,33,PS,PS,PS,PS,PS,PS,PS,PS,PS,35,2108,62582,44047,83205
122597.0,1154,San Francisco State University,Public,1,2607,Zoology/Animal Biology.,3,Bachelor's Degree,,,1,28,59685,21,PS,PS,PS,PS,PS,PS,PS,PS,PS,21,2187,44055,32942,58785
122597.0,1154,San Francisco State University,Public,1,2609,"Physiology, Pathology and Related Sciences.",3,Bachelor's Degree,,,12,88,77726,74,71,77788,PS,PS,38,72523,50,79452,19,82,4191,62172,41546,83514
122597.0,1154,San Francisco State University,Public,1,2609,"Physiology, Pathology and Related Sciences.",5,Master's Degree,,,PS,PS,PS,PS,PS,PS,PS,PS,PS,PS,PS,PS,PS,PS,1041,67681,50007,91805
122597.0,1154,San Francisco State University,Public,1,2613,"Ecology, Evolution, Systematics, and Population Biology.",3,Bachelor's Degree,,,0,PS,PS,PS,PS,PS,PS,PS,PS,PS,PS,PS,PS,PS,3201,48842,36007,64274
122597.0,1154,San Francisco State University,Public,1,2613,"Ecology, Evolution, Systematics, and Population Biology.",5,Master's Degree,,,0,PS,PS,PS,PS,PS,PS,PS,PS,PS,PS,PS,PS,PS,1666,82527,62410,110761
122597.0,1154,San Francisco State University,Public,1,2701,Mathematics.,3,Bachelor's Degree,22.0,25.0,1,23,75911,20,PS,PS,PS,PS,PS,PS,PS,PS,PS,21,15976,69562,49058,97414
122597.0,1154,San Francisco State University,Public,1,2701,Mathematics.,5,Master's Degree,12.0,18.0,1,PS,PS,PS,PS,PS,PS,PS,PS,PS,PS,PS,PS,PS,1525,72654,54453,100369
122597.0,1154,San Francisco State University,Public,1,2703,Applied Mathematics.,3,Bachelor's Degree,12.0,9.0,2,PS,PS,PS,PS,PS,PS,PS,PS,PS,PS,PS,PS,PS,2680,91532,63368,127252
122597.0,1154,San Francisco State University,Public,1,2703,Applied Mathematics.,8,Graduate/Professional Certificate,1.0,0.0,,,,,,,,,,,,,,,PS,PS,PS,PS
122597.0,1154,San Francisco State University,Public,1,2705,Statistics.,3,Bachelor's Degree,9.0,9.0,0,PS,PS,PS,PS,PS,PS,PS,PS,PS,PS,PS,PS,PS,2476,92425,64564,125467
122597.0,1154,San Francisco State University,Public,1,2705,Statistics.,5,Master's Degree,4.0,5.0,PS,PS,PS,PS,PS,PS,PS,PS,PS,PS,PS,PS,PS,PS,PS,PS,PS,PS
122597.0,1154,San Francisco State University,Public,1,3011,Gerontology.,5,Master's Degree,10.0,9.0,0,PS,PS,PS,PS,PS,PS,PS,PS,PS,PS,PS,PS,PS,382,67618,48150,89284
122597.0,1154,San Francisco State University,Public,1,3014,Museology/Museum Studies.,5,Master's Degree,13.0,9.0,1,PS,PS,PS,PS,PS,PS,PS,PS,PS,PS,PS,PS,PS,678,53692,42033,67713
122597.0,1154,San Francisco State University,Public,1,3015,"Science, Technology and Society.",8,Graduate/Professional Certificate,0.0,0.0,PS,PS,PS,PS,PS,PS,PS,PS,PS,PS,PS,PS,PS,PS,PS,PS,PS,PS
122597.0,1154,San Francisco State University,Public,1,3017,Behavioral Sciences.,5,Master's Degree,4.0,7.0,2,PS,PS,PS,PS,PS,PS,PS,PS,PS,PS,PS,PS,PS,545,65111,45947,82691
122597.0,1154,San Francisco State University,Public,1,3018,Natural Sciences.,3,Bachelor's Degree,0.0,0.0,PS,PS,PS,PS,PS,PS,PS,PS,PS,PS,PS,PS,PS,PS,PS,PS,PS,PS
122597.0,1154,San Francisco State University,Public,1,3019,Nutrition Sciences.,3,Bachelor's Degree,110.0,81.0,PS,PS,PS,PS,PS,PS,PS,PS,PS,PS,PS,PS,PS,PS,2790,60053,43153,76798
122597.0,1154,San Francisco State University,Public,1,3019,Nutrition Sciences.,8,Graduate/Professional Certificate,6.0,0.0,,,,,,,,,,,,,,,PS,PS,PS,PS
122597.0,1154,San Francisco State University,Public,1,3032,Marine Sciences.,5,Master's Degree,11.0,5.0,0,PS,PS,PS,PS,PS,PS,PS,PS,PS,PS,PS,PS,PS,43,66840,48886,85437
122597.0,1154,San Francisco State University,Public,1,3099,"Multi/Interdisciplinary Studies, Other.",3,Bachelor's Degree,1.0,1.0,0,PS,PS,PS,PS,PS,PS,PS,PS,PS,PS,PS,PS,PS,PS,PS,PS,PS
122597.0,1154,San Francisco State University,Public,1,3099,"Multi/Interdisciplinary Studies, Other.",5,Master's Degree,0.0,0.0,PS,PS,PS,PS,PS,PS,PS,PS,PS,PS,PS,PS,PS,PS,PS,PS,PS,PS
122597.0,1154,San Francisco State University,Public,1,3101,"Parks, Recreation, and Leisure Studies.",3,Bachelor's Degree,28.0,18.0,2,51,49799,39,PS,PS,PS,PS,PS,PS,PS,PS,PS,44,3198,50983,37138,67192
122597.0,1154,San Francisco State University,Public,1,3101,"Parks, Recreation, and Leisure Studies.",5,Master's Degree,0.0,2.0,PS,PS,PS,PS,PS,PS,PS,PS,PS,PS,PS,PS,PS,PS,208,56313,43725,70986
122597.0,1154,San Francisco State University,Public,1,3105,"Sports, Kinesiology, and Physical Education/Fitness.",3,Bachelor's Degree,186.0,173.0,17,171,62316,139,138,60201,33,66384,105,59939,65,65179,23,152,48463,54562,39049,73020
122597.0,1154,San Francisco State University,Public,1,3105,"Sports, Kinesiology, and Physical Education/Fitness.",5,Master's Degree,12.0,16.0,0,PS,PS,PS,PS,PS,PS,PS,PS,PS,PS,PS,PS,PS,9292,62033,47943,80968
122597.0,1154,San Francisco State University,Public,1,3105,"Sports, Kinesiology, and Physical Education/Fitness.",8,Graduate/Professional Certificate,1.0,0.0,PS,PS,PS,PS,PS,PS,PS,PS,PS,PS,PS,PS,PS,PS,PS,PS,PS,PS
122597.0,1154,San Francisco State University,Public,1,3401,Health-Related Knowledge and Skills.,3,Bachelor's Degree,,,PS,PS,PS,PS,PS,PS,PS,PS,PS,PS,PS,PS,PS,PS,215,55086,39360,76116
122597.0,1154,San Francisco State University,Public,1,3801,Philosophy.,3,Bachelor's Degree,41.0,34.0,2,39,55124,27,PS,PS,PS,PS,PS,PS,PS,PS,PS,27,6085,54455,34926,78043
122597.0,1154,San Francisco State University,Public,1,3801,Philosophy.,5,Master's Degree,12.0,25.0,2,PS,PS,PS,PS,PS,PS,PS,PS,PS,PS,PS,PS,PS,381,60272,35130,84227
122597.0,1154,San Francisco State University,Public,1,3802,Religion/Religious Studies.,3,Bachelor's Degree,2.0,0.0,PS,PS,PS,PS,PS,PS,PS,PS,PS,PS,PS,PS,PS,PS,5310,41390,20518,65165
122597.0,1154,San Francisco State University,Public,1,3899,"Philosophy and Religious Studies, Other.",3,Bachelor's Degree,3.0,3.0,0,PS,PS,PS,PS,PS,PS,PS,PS,PS,PS,PS,PS,PS,172,46083,31399,63159
122597.0,1154,San Francisco State University,Public,1,4001,"Physical Sciences, General.",3,Bachelor's Degree,0.0,0.0,PS,PS,PS,PS,PS,PS,PS,PS,PS,PS,PS,PS,PS,PS,PS,PS,PS,PS
122597.0,1154,San Francisco State University,Public,1,4002,Astronomy and Astrophysics.,3,Bachelor's Degree,,,2,PS,PS,PS,PS,PS,PS,PS,PS,PS,PS,PS,PS,PS,404,68333,44049,98743
122597.0,1154,San Francisco State University,Public,1,4002,Astronomy and Astrophysics.,5,Master's Degree,,2.0,0,PS,PS,PS,PS,PS,PS,PS,PS,PS,PS,PS,PS,PS,PS,PS,PS,PS
122597.0,1154,San Francisco State University,Public,1,4005,Chemistry.,3,Bachelor's Degree,16.0,20.0,0,21,94846,18,PS,PS,PS,PS,PS,PS,PS,PS,PS,20,10453,65120,48307,84018
122597.0,1154,San Francisco State University,Public,1,4005,Chemistry.,5,Master's Degree,5.0,10.0,1,PS,PS,PS,PS,PS,PS,PS,PS,PS,PS,PS,PS,PS,1187,82937,60941,109811
122597.0,1154,San Francisco State University,Public,1,4005,Chemistry.,8,Graduate/Professional Certificate,2.0,0.0,,,,,,,,,,,,,,,PS,PS,PS,PS
122597.0,1154,San Francisco State University,Public,1,4006,Geological and Earth Sciences/Geosciences.,3,Bachelor's Degree,8.0,4.0,2,PS,PS,PS,PS,PS,PS,PS,PS,PS,PS,PS,PS,PS,6193,60190,44343,77573
122597.0,1154,San Francisco State University,Public,1,4006,Geological and Earth Sciences/Geosciences.,5,Master's Degree,3.0,2.0,0,PS,PS,PS,PS,PS,PS,PS,PS,PS,PS,PS,PS,PS,1356,79463,59785,103530
122597.0,1154,San Francisco State University,Public,1,4006,Geological and Earth Sciences/Geosciences.,8,Graduate/Professional Certificate,6.0,0.0,,,,,,,,,,,,,,,PS,PS,PS,PS
122597.0,1154,San Francisco State University,Public,1,4008,Physics.,3,Bachelor's Degree,16.0,20.0,2,PS,PS,PS,PS,PS,PS,PS,PS,PS,PS,PS,PS,PS,5602,76786,51777,102948
122597.0,1154,San Francisco State University,Public,1,4008,Physics.,5,Master's Degree,10.0,14.0,0,PS,PS,PS,PS,PS,PS,PS,PS,PS,PS,PS,PS,PS,PS,PS,PS,PS
122597.0,1154,San Francisco State University,Public,1,4201,"Psychology, General.",3,Bachelor's Degree,398.0,479.0,28,231,60290,186,185,58602,46,64844,58,66134,173,57041,47,205,102536,50706,35740,67229
122597.0,1154,San Francisco State University,Public,1,4201,"Psychology, General.",5,Master's Degree,46.0,38.0,0,PS,PS,PS,PS,PS,PS,PS,PS,PS,PS,PS,PS,PS,5527,64711,45967,86199
122597.0,1154,San Francisco State University,Public,1,4227,Research and Experimental Psychology.,5,Master's Degree,1.0,2.0,0,PS,PS,PS,PS,PS,PS,PS,PS,PS,PS,PS,PS,PS,845,63216,45622,88293
122597.0,1154,San Francisco State University,Public,1,4228,"Clinical, Counseling and Applied Psychology.",5,Master's Degree,,14.0,1,34,112862,29,17,114198,16,101466,PS,PS,PS,PS,PS,26,22438,65184,47881,83770
122597.0,1154,San Francisco State University,Public,1,4301,Criminal Justice and Corrections.,3,Bachelor's Degree,266.0,204.0,21,232,64458,194,200,64124,32,67596,109,63339,123,66021,PS,225,65120,55378,40158,74359
122597.0,1154,San Francisco State University,Public,1,4301,Criminal Justice and Corrections.,8,Graduate/Professional Certificate,37.0,0.0,,,,,,,,,,,,,,,PS,PS,PS,PS
122597.0,1154,San Francisco State University,Public,1,4404,Public Administration.,5,Master's Degree,29.0,32.0,3,43,111238,42,26,107141,17,112808,PS,PS,PS,PS,PS,37,13451,81408,60052,109056
122597.0,1154,San Francisco State University,Public,1,4407,Social Work.,3,Bachelor's Degree,28.0,24.0,1,28,66675,25,PS,PS,PS,PS,PS,PS,PS,PS,PS,26,28986,51790,39212,64160
122597.0,1154,San Francisco State University,Public,1,4407,Social Work.,5,Master's Degree,35.0,37.0,1,46,90439,44,26,90757,20,87957,PS,PS,PS,PS,PS,42,44463,65123,51662,79737
122597.0,1154,San Francisco State University,Public,1,4501,"Social Sciences, General.",3,Bachelor's Degree,0.0,0.0,PS,PS,PS,PS,PS,PS,PS,PS,PS,PS,PS,PS,PS,PS,PS,PS,PS,PS
122597.0,1154,San Francisco State University,Public,1,4501,"Social Sciences, General.",5,Master's Degree,0.0,0.0,PS,PS,PS,PS,PS,PS,PS,PS,PS,PS,PS,PS,PS,PS,PS,PS,PS,PS
122597.0,1154,San Francisco State University,Public,1,4502,Anthropology.,3,Bachelor's Degree,37.0,23.0,8,55,50064,39,PS,PS,PS,PS,18,57781,37,49207,PS,49,8303,46676,32056,63905
122597.0,1154,San Francisco State University,Public,1,4502,Anthropology.,5,Master's Degree,3.0,5.0,1,PS,PS,PS,PS,PS,PS,PS,PS,PS,PS,PS,PS,PS,787,61276,45133,79162
122597.0,1154,San Francisco State University,Public,1,4502,Anthropology.,8,Graduate/Professional Certificate,6.0,0.0,,,,,,,,,,,,,,,PS,PS,PS,PS
122597.0,1154,San Francisco State University,Public,1,4506,Economics.,3,Bachelor's Degree,58.0,43.0,6,50,76801,43,PS,PS,PS,PS,PS,PS,PS,PS,PS,42,28744,82686,58184,116323
122597.0,1154,San Francisco State University,Public,1,4506,Economics.,5,Master's Degree,5.0,13.0,0,PS,PS,PS,PS,PS,PS,PS,PS,PS,PS,PS,PS,PS,1664,100743,74382,133995
122597.0,1154,San Francisco State University,Public,1,4506,Economics.,8,Graduate/Professional Certificate,4.0,0.0,,,,,,,,,,,,,,,PS,PS,PS,PS
122597.0,1154,San Francisco State University,Public,1,4507,Geography and Cartography.,3,Bachelor's Degree,26.0,17.0,3,37,50547,28,PS,PS,PS,PS,PS,PS,PS,PS,PS,32,4640,57853,42482,75644
122597.0,1154,San Francisco State University,Public,1,4507,Geography and Cartography.,5,Master's Degree,8.0,9.0,0,PS,PS,PS,PS,PS,PS,PS,PS,PS,PS,PS,PS,PS,1089,79784,61240,104635
122597.0,1154,San Francisco State University,Public,1,4507,Geography and Cartography.,8,Graduate/Professional Certificate,2.0,0.0,,,,,,,,,,,,,,,PS,PS,PS,PS
122597.0,1154,San Francisco State University,Public,1,4509,International Relations and National Security Studies.,3,Bachelor's Degree,58.0,49.0,13,78,54685,58,59,57432,19,44372,26,56457,51,53932,PS,65,8070,66596,46031,87798
122597.0,1154,San Francisco State University,Public,1,4509,International Relations and National Security Studies.,5,Master's Degree,5.0,14.0,0,PS,PS,PS,PS,PS,PS,PS,PS,PS,PS,PS,PS,PS,4177,95627,68941,122748
122597.0,1154,San Francisco State University,Public,1,4509,International Relations and National Security Studies.,8,Graduate/Professional Certificate,1.0,0.0,,,,,,,,,,,,,,,PS,PS,PS,PS
122597.0,1154,San Francisco State University,Public,1,4510,Political Science and Government.,3,Bachelor's Degree,117.0,99.0,5,105,72521,87,83,70696,PS,PS,46,72963,58,72756,17,92,36628,63293,44760,85406
122597.0,1154,San Francisco State University,Public,1,4510,Political Science and Government.,5,Master's Degree,4.0,10.0,0,PS,PS,PS,PS,PS,PS,PS,PS,PS,PS,PS,PS,PS,1501,78850,57200,106611
122597.0,1154,San Francisco State University,Public,1,4510,Political Science and Government.,8,Graduate/Professional Certificate,1.0,0.0,,,,,,,,,,,,,,,PS,PS,PS,PS
122597.0,1154,San Francisco State University,Public,1,4511,Sociology.,3,Bachelor's Degree,122.0,157.0,13,129,61399,110,108,60665,PS,PS,38,69046,90,60239,16,120,31848,52657,37665,69502
122597.0,1154,San Francisco State University,Public,1,4512,Urban Studies/Affairs.,3,Bachelor's Degree,27.0,9.0,3,33,57943,27,PS,PS,PS,PS,PS,PS,PS,PS,PS,30,999,62532,43623,81699
122597.0,1154,San Francisco State University,Public,1,5003,Dance.,3,Bachelor's Degree,8.0,9.0,3,PS,PS,PS,PS,PS,PS,PS,PS,PS,PS,PS,PS,PS,2823,39980,24910,57333
122597.0,1154,San Francisco State University,Public,1,5004,Design and Applied Arts.,3,Bachelor's Degree,194.0,178.0,7,91,71008,76,66,69598,25,87980,35,76790,56,61449,PS,77,23871,51490,33006,70612
122597.0,1154,San Francisco State University,Public,1,5004,Design and Applied Arts.,5,Master's Degree,8.0,7.0,PS,PS,PS,PS,PS,PS,PS,PS,PS,PS,PS,PS,PS,PS,PS,PS,PS,PS
122597.0,1154,San Francisco State University,Public,1,5005,Drama/Theatre Arts and Stagecraft.,3,Bachelor's Degree,30.0,38.0,7,50,31222,28,PS,PS,PS,PS,17,30039,33,37485,PS,48,14066,39775,25491,55399
122597.0,1154,San Francisco State University,Public,1,5005,Drama/Theatre Arts and Stagecraft.,5,Master's Degree,4.0,4.0,1,PS,PS,PS,PS,PS,PS,PS,PS,PS,PS,PS,PS,PS,PS,PS,PS,PS
122597.0,1154,San Francisco State University,Public,1,5005,Drama/Theatre Arts and Stagecraft.,8,Graduate/Professional Certificate,2.0,0.0,,,,,,,,,,,,,,,PS,PS,PS,PS
122597.0,1154,San Francisco State University,Public,1,5006,Film/Video and Photographic Arts.,3,Bachelor's Degree,226.0,195.0,10,146,48379,98,98,46237,49,49014,106,48798,41,43259,PS,133,12193,43765,25957,63381
122597.0,1154,San Francisco State University,Public,1,5006,Film/Video and Photographic Arts.,5,Master's Degree,8.0,13.0,1,PS,PS,PS,PS,PS,PS,PS,PS,PS,PS,PS,PS,PS,1639,51486,27165,77049
122597.0,1154,San Francisco State University,Public,1,5006,Film/Video and Photographic Arts.,8,Graduate/Professional Certificate,23.0,0.0,,,,,,,,,,,,,,,PS,PS,PS,PS
122597.0,1154,San Francisco State University,Public,1,5007,Fine and Studio Arts.,3,Bachelor's Degree,104.0,102.0,18,100,36596,62,77,36965,23,34183,38,48835,62,32351,PS,84,26935,41367,26241,56653
122597.0,1154,San Francisco State University,Public,1,5007,Fine and Studio Arts.,5,Master's Degree,4.0,7.0,1,PS,PS,PS,PS,PS,PS,PS,PS,PS,PS,PS,PS,PS,3268,49079,29496,66541
122597.0,1154,San Francisco State University,Public,1,5007,Fine and Studio Arts.,8,Graduate/Professional Certificate,7.0,0.0,,,,,,,,,,,,,,,PS,PS,PS,PS
122597.0,1154,San Francisco State University,Public,1,5009,Music.,3,Bachelor's Degree,26.0,27.0,6,17,30461,PS,PS,PS,PS,PS,PS,PS,PS,PS,PS,PS,14715,42892,26048,58755
122597.0,1154,San Francisco State University,Public,1,5009,Music.,5,Master's Degree,11.0,14.0,0,PS,PS,PS,PS,PS,PS,PS,PS,PS,PS,PS,PS,PS,5004,48285,28079,65736
122597.0,1154,San Francisco State University,Public,1,5100,"Health Services/Allied Health/Health Sciences, General.",3,Bachelor's Degree,92.0,74.0,9,137,62443,115,114,62524,23,66277,PS,PS,PS,PS,PS,130,14079,61296,42849,82291
122597.0,1154,San Francisco State University,Public,1,5100,"Health Services/Allied Health/Health Sciences, General.",8,Graduate/Professional Certificate,0.0,0.0,PS,PS,PS,PS,PS,PS,PS,PS,PS,PS,PS,PS,PS,PS,PS,PS,PS,PS
122597.0,1154,San Francisco State University,Public,1,5102,Communication Disorders Sciences and Services.,3,Bachelor's Degree,51.0,29.0,2,51,69166,46,30,64040,21,78896,PS,PS,PS,PS,24,42,11257,58928,44993,73005
122597.0,1154,San Francisco State University,Public,1,5102,Communication Disorders Sciences and Services.,5,Master's Degree,37.0,41.0,2,37,92831,37,20,90420,17,95518,PS,PS,PS,PS,PS,35,11787,67030,53057,82358
122597.0,1154,San Francisco State University,Public,1,5102,Communication Disorders Sciences and Services.,8,Graduate/Professional Certificate,4.0,0.0,,,,,,,,,,,,,,,PS,PS,PS,PS
122597.0,1154,San Francisco State University,Public,1,5110,Clinical/Medical Laboratory Science/Research and Allied Professions.,3,Bachelor's Degree,0.0,0.0,PS,PS,PS,PS,PS,PS,PS,PS,PS,PS,PS,PS,PS,PS,PS,PS,PS,PS
122597.0,1154,San Francisco State University,Public,1,5110,Clinical/Medical Laboratory Science/Research and Allied Professions.,5,Master's Degree,0.0,0.0,PS,PS,PS,PS,PS,PS,PS,PS,PS,PS,PS,PS,PS,PS,PS,PS,PS,PS
122597.0,1154,San Francisco State University,Public,1,5110,Clinical/Medical Laboratory Science/Research and Allied Professions.,8,Graduate/Professional Certificate,0.0,0.0,PS,PS,PS,PS,PS,PS,PS,PS,PS,PS,PS,PS,PS,PS,PS,PS,PS,PS
122597.0,1154,San Francisco State University,Public,1,5111,Health/Medical Preparatory Programs.,3,Bachelor's Degree,,,,,,,,,,,,,,,,,3000,61911,42679,83434
122597.0,1154,San Francisco State University,Public,1,5111,Health/Medical Preparatory Programs.,4,Post-baccalaureate Certificate,,,PS,PS,PS,PS,PS,PS,PS,PS,PS,PS,PS,PS,PS,PS,86,63593,31331,91960
122597.0,1154,San Francisco State University,Public,1,5111,Health/Medical Preparatory Programs.,8,Graduate/Professional Certificate,0.0,0.0,PS,PS,PS,PS,PS,PS,PS,PS,PS,PS,PS,PS,PS,PS,PS,PS,PS,PS
122597.0,1154,San Francisco State University,Public,1,5115,Mental and Social Health Services and Allied Professions.,5,Master's Degree,4.0,9.0,1,27,66932,23,PS,PS,PS,PS,PS,PS,PS,PS,PS,24,15919,59571,41812,76123
122597.0,1154,San Francisco State University,Public,1,5122,Public Health.,3,Bachelor's Degree,,83.0,,,,,,,,,,,,,,,PS,PS,PS,PS
122597.0,1154,San Francisco State University,Public,1,5122,Public Health.,5,Master's Degree,13.0,15.0,0,20,91104,17,PS,PS,PS,PS,PS,PS,PS,PS,PS,17,15061,82751,61518,113501
122597.0,1154,San Francisco State University,Public,1,5123,Rehabilitation and Therapeutic Professions.,5,Master's Degree,0.0,0.0,0,PS,PS,PS,PS,PS,PS,PS,PS,PS,PS,PS,PS,PS,13189,71416,53551,86212
122597.0,1154,San Francisco State University,Public,1,5123,Rehabilitation and Therapeutic Professions.,6,Doctoral Degree,0.0,0.0,3,73,92556,68,16,101313,58,91203,20,117840,53,77742,70,59,13052,82893,68836,95078
122597.0,1154,San Francisco State University,Public,1,5123,Rehabilitation and Therapeutic Professions.,7,First Professional Degree,49.0,4.0,PS,PS,PS,PS,PS,PS,PS,PS,PS,PS,PS,PS,PS,PS,PS,PS,PS,PS
122597.0,1154,San Francisco State University,Public,1,5131,Dietetics and Clinical Nutrition Services.,3,Bachelor's Degree,0.0,0.0,1,48,68282,37,32,67833,16,68294,PS,PS,PS,PS,PS,39,PS,PS,PS,PS
122597.0,1154,San Francisco State University,Public,1,5138,"Registered Nursing, Nursing Administration, Nursing Research and Clinical Nursing.",3,Bachelor's Degree,162.0,196.0,9,196,144430,190,128,143354,68,145343,27,158876,168,143926,31,181,177924,88910,67853,114470
122597.0,1154,San Francisco State University,Public,1,5138,"Registered Nursing, Nursing Administration, Nursing Research and Clinical Nursing.",5,Master's Degree,47.0,44.0,1,57,150589,57,25,146220,32,145302,PS,PS,PS,PS,PS,53,63874,120193,94642,149472
122597.0,1154,San Francisco State University,Public,1,5138,"Registered Nursing, Nursing Administration, Nursing Research and Clinical Nursing.",8,Graduate/Professional Certificate,0.0,0.0,PS,PS,PS,PS,PS,PS,PS,PS,PS,PS,PS,PS,PS,PS,PS,PS,PS,PS
122597.0,1154,San Francisco State University,Public,1,5202,"Business Administration, Management and Operations.",3,Bachelor's Degree,1314.0,1023.0,23,271,79995,240,209,79049,62,85439,125,82721,146,76514,PS,243,183303,68257,47618,93584
122597.0,1154,San Francisco State University,Public,1,5202,"Business Administration, Management and Operations.",5,Master's Degree,62.0,58.0,3,45,124033,37,28,127582,19,115604,PS,PS,25,113823,PS,37,122193,103485,69982,153484
122597.0,1154,San Francisco State University,Public,1,5202,"Business Administration, Management and Operations.",8,Graduate/Professional Certificate,240.0,0.0,PS,PS,PS,PS,PS,PS,PS,PS,PS,PS,PS,PS,PS,PS,PS,PS,PS,PS
122597.0,1154,San Francisco State University,Public,1,5203,Accounting and Related Services.,3,Bachelor's Degree,,,11,175,82791,159,PS,PS,PS,PS,85,87947,91,78327,PS,163,63013,76194,56205,97191
122597.0,1154,San Francisco State University,Public,1,5203,Accounting and Related Services.,5,Master's Degree,25.0,35.0,0,27,115426,26,PS,PS,PS,PS,PS,PS,PS,PS,PS,25,21288,95833,74491,118338
122597.0,1154,San Francisco State University,Public,1,5203,Accounting and Related Services.,8,Graduate/Professional Certificate,0.0,0.0,PS,PS,PS,PS,PS,PS,PS,PS,PS,PS,PS,PS,PS,PS,PS,PS,PS,PS
122597.0,1154,San Francisco State University,Public,1,5208,Finance and Financial Management Services.,3,Bachelor's Degree,,,19,202,77321,174,170,77351,31,80843,115,73690,86,79914,PS,191,43799,83343,60801,111527
122597.0,1154,San Francisco State University,Public,1,5208,Finance and Financial Management Services.,8,Graduate/Professional Certificate,0.0,0.0,PS,PS,PS,PS,PS,PS,PS,PS,PS,PS,PS,PS,PS,PS,PS,PS,PS,PS
122597.0,1154,San Francisco State University,Public,1,5209,Hospitality Administration/Management.,3,Bachelor's Degree,53.0,25.0,20,129,56485,101,109,55584,19,69733,32,53863,97,57497,PS,118,11706,56726,40953,73841
122597.0,1154,San Francisco State University,Public,1,5209,Hospitality Administration/Management.,8,Graduate/Professional Certificate,9.0,0.0,,,,,,,,,,,,,,,PS,PS,PS,PS
122597.0,1154,San Francisco State University,Public,1,5210,Human Resources Management and Services.,3,Bachelor's Degree,8.0,5.0,0,PS,PS,PS,PS,PS,PS,PS,PS,PS,PS,PS,PS,PS,13480,68069,50156,90619
122597.0,1154,San Francisco State University,Public,1,5211,International Business.,3,Bachelor's Degree,,,17,92,67678,73,PS,PS,PS,PS,43,70299,50,65753,PS,84,5548,73201,51264,98832
122597.0,1154,San Francisco State University,Public,1,5211,International Business.,8,Graduate/Professional Certificate,0.0,0.0,PS,PS,PS,PS,PS,PS,PS,PS,PS,PS,PS,PS,PS,PS,PS,PS,PS,PS
122597.0,1154,San Francisco State University,Public,1,5213,Management Sciences and Quantitative Methods.,3,Bachelor's Degree,,,1,PS,PS,PS,PS,PS,PS,PS,PS,PS,PS,PS,PS,PS,7976,86176,61755,114719
122597.0,1154,San Francisco State University,Public,1,5213,Management Sciences and Quantitative Methods.,5,Master's Degree,19.0,26.0,PS,PS,PS,PS,PS,PS,PS,PS,PS,PS,PS,PS,PS,PS,PS,PS,PS,PS
122597.0,1154,San Francisco State University,Public,1,5213,Management Sciences and Quantitative Methods.,8,Graduate/Professional Certificate,2.0,0.0,,,,,,,,,,,,,,,PS,PS,PS,PS
122597.0,1154,San Francisco State University,Public,1,5214,Marketing.,3,Bachelor's Degree,,,21,259,73408,222,208,71573,51,78521,107,70391,152,74331,PS,230,48162,69303,49728,93152
122597.0,1154,San Francisco State University,Public,1,5214,Marketing.,8,Graduate/Professional Certificate,0.0,0.0,PS,PS,PS,PS,PS,PS,PS,PS,PS,PS,PS,PS,PS,PS,PS,PS,PS,PS
122597.0,1154,San Francisco State University,Public,1,5401,History.,3,Bachelor's Degree,61.0,64.0,1,75,59616,62,PS,PS,PS,PS,41,60516,34,58430,PS,69,23671,50680,36330,66736
122597.0,1154,San Francisco State University,Public,1,5401,History.,5,Master's Degree,9.0,21.0,5,PS,PS,PS,PS,PS,PS,PS,PS,PS,PS,PS,PS,PS,2810,55360,40544,73546
122612.0,1325,University of San Francisco,"Private, nonprofit",1,301,Natural Resources Conservation and Research.,3,Bachelor's Degree,36.0,34.0,2,23,67402,20,PS,PS,PS,PS,PS,PS,PS,PS,PS,18,15907,55012,39435,72794
122612.0,1325,University of San Francisco,"Private, nonprofit",1,301,Natural Resources Conservation and Research.,5,Master's Degree,27.0,26.0,0,40,91453,39,16,86201,24,95552,PS,PS,PS,PS,PS,33,2674,74607,55183,98711
122612.0,1325,University of San Francisco,"Private, nonprofit",1,402,Architecture.,3,Bachelor's Degree,25.0,23.0,0,24,76078,23,PS,PS,PS,PS,PS,PS,PS,PS,PS,20,4504,66914,54236,78634
122612.0,1325,University of San Francisco,"Private, nonprofit",1,501,Area Studies.,3,Bachelor's Degree,5.0,14.0,1,PS,PS,PS,PS,PS,PS,PS,PS,PS,PS,PS,PS,PS,3737,56625,37190,78481
122612.0,1325,University of San Francisco,"Private, nonprofit",1,501,Area Studies.,5,Master's Degree,11.0,7.0,0,PS,PS,PS,PS,PS,PS,PS,PS,PS,PS,PS,PS,PS,720,68936,45626,99104
122612.0,1325,University of San Francisco,"Private, nonprofit",1,501,Area Studies.,8,Graduate/Professional Certificate,0.0,0.0,PS,PS,PS,PS,PS,PS,PS,PS,PS,PS,PS,PS,PS,PS,PS,PS,PS,PS
122612.0,1325,University of San Francisco,"Private, nonprofit",1,901,Communication and Media Studies.,3,Bachelor's Degree,76.0,70.0,7,119,66922,94,59,64713,61,69561,34,49015,86,75417,PS,95,61357,56359,39575,76115
122612.0,1325,University of San Francisco,"Private, nonprofit",1,901,Communication and Media Studies.,5,Master's Degree,28.0,28.0,PS,PS,PS,PS,PS,PS,PS,PS,PS,PS,PS,PS,PS,PS,4101,71953,51074,99548
122612.0,1325,University of San Francisco,"Private, nonprofit",1,901,Communication and Media Studies.,8,Graduate/Professional Certificate,1.0,,PS,PS,PS,PS,PS,PS,PS,PS,PS,PS,PS,PS,PS,PS,PS,PS,PS,PS
122612.0,1325,University of San Francisco,"Private, nonprofit",1,909,"Public Relations, Advertising, and Applied Communication.",3,Bachelor's Degree,22.0,25.0,1,27,89358,26,PS,PS,PS,PS,PS,PS,PS,PS,PS,20,17967,63560,45857,83689
122612.0,1325,University of San Francisco,"Private, nonprofit",1,909,"Public Relations, Advertising, and Applied Communication.",5,Master's Degree,,,1,PS,PS,PS,PS,PS,PS,PS,PS,PS,PS,PS,PS,PS,2418,80125,56433,109561
122612.0,1325,University of San Francisco,"Private, nonprofit",1,1101,"Computer and Information Sciences, General.",3,Bachelor's Degree,1.0,,PS,PS,PS,PS,PS,PS,PS,PS,PS,PS,PS,PS,PS,PS,PS,PS,PS,PS
122612.0,1325,University of San Francisco,"Private, nonprofit",1,1101,"Computer and Information Sciences, General.",5,Master's Degree,29.0,39.0,0,PS,PS,PS,PS,PS,PS,PS,PS,PS,PS,PS,PS,PS,5870,124201,87810,176258
122612.0,1325,University of San Francisco,"Private, nonprofit",1,1103,Data Processing.,3,Bachelor's Degree,7.0,15.0,PS,PS,PS,PS,PS,PS,PS,PS,PS,PS,PS,PS,PS,PS,152,75978,49977,108338
122612.0,1325,University of San Francisco,"Private, nonprofit",1,1103,Data Processing.,5,Master's Degree,78.0,85.0,PS,PS,PS,PS,PS,PS,PS,PS,PS,PS,PS,PS,PS,PS,34,156135,105304,191370
122612.0,1325,University of San Francisco,"Private, nonprofit",1,1107,Computer Science.,3,Bachelor's Degree,76.0,69.0,1,16,149331,PS,PS,PS,PS,PS,PS,PS,PS,PS,PS,PS,28067,107009,74830,152038
122612.0,1325,University of San Francisco,"Private, nonprofit",1,1107,Computer Science.,5,Master's Degree,42.0,38.0,1,PS,PS,PS,PS,PS,PS,PS,PS,PS,PS,PS,PS,PS,2450,145571,108475,208641
122612.0,1325,University of San Francisco,"Private, nonprofit",1,1301,"Education, General.",5,Master's Degree,108.0,101.0,4,87,75460,83,36,76181,51,75250,18,75027,69,75838,PS,77,22487,65824,52724,82084
122612.0,1325,University of San Francisco,"Private, nonprofit",1,1302,"Bilingual, Multilingual, and Multicultural Education.",5,Master's Degree,10.0,5.0,1,PS,PS,PS,PS,PS,PS,PS,PS,PS,PS,PS,PS,PS,491,71241,58002,86216
122612.0,1325,University of San Francisco,"Private, nonprofit",1,1302,"Bilingual, Multilingual, and Multicultural Education.",6,Doctoral Degree,13.0,15.0,0,PS,PS,PS,PS,PS,PS,PS,PS,PS,PS,PS,PS,PS,17,77238,64961,118086
122612.0,1325,University of San Francisco,"Private, nonprofit",1,1303,Curriculum and Instruction.,6,Doctoral Degree,8.0,2.0,0,PS,PS,PS,PS,PS,PS,PS,PS,PS,PS,PS,PS,PS,1591,83031,66971,102600
122612.0,1325,University of San Francisco,"Private, nonprofit",1,1304,Educational Administration and Supervision.,5,Master's Degree,37.0,45.0,2,30,70038,25,PS,PS,PS,PS,PS,PS,PS,PS,PS,23,32412,71685,57739,90151
122612.0,1325,University of San Francisco,"Private, nonprofit",1,1304,Educational Administration and Supervision.,6,Doctoral Degree,10.0,11.0,1,PS,PS,PS,PS,PS,PS,PS,PS,PS,PS,PS,PS,PS,7878,100573,76116,135360
122612.0,1325,University of San Francisco,"Private, nonprofit",1,1305,Educational/Instructional Media Design.,5,Master's Degree,5.0,10.0,0,PS,PS,PS,PS,PS,PS,PS,PS,PS,PS,PS,PS,PS,PS,PS,PS,PS
122612.0,1325,University of San Francisco,"Private, nonprofit",1,1310,Special Education and Teaching.,5,Master's Degree,7.0,11.0,2,PS,PS,PS,PS,PS,PS,PS,PS,PS,PS,PS,PS,PS,21493,64397,52390,79764
122612.0,1325,University of San Francisco,"Private, nonprofit",1,1310,Special Education and Teaching.,6,Doctoral Degree,,,PS,PS,PS,PS,PS,PS,PS,PS,PS,PS,PS,PS,PS,PS,241,90739,74026,111024
122612.0,1325,University of San Francisco,"Private, nonprofit",1,1310,Special Education and Teaching.,7,First Professional Degree,2.0,1.0,PS,PS,PS,PS,PS,PS,PS,PS,PS,PS,PS,PS,PS,PS,PS,PS,PS,PS
122612.0,1325,University of San Francisco,"Private, nonprofit",1,1312,"Teacher Education and Professional Development, Specific Levels and Methods.",5,Master's Degree,22.0,29.0,0,17,73331,17,PS,PS,PS,PS,PS,PS,PS,PS,PS,PS,30920,59916,48965,72958
122612.0,1325,University of San Francisco,"Private, nonprofit",1,1312,"Teacher Education and Professional Development, Specific Levels and Methods.",6,Doctoral Degree,3.0,1.0,0,PS,PS,PS,PS,PS,PS,PS,PS,PS,PS,PS,PS,PS,489,81822,62135,106136
122612.0,1325,University of San Francisco,"Private, nonprofit",1,1312,"Teacher Education and Professional Development, Specific Levels and Methods.",8,Graduate/Professional Certificate,1.0,0.0,PS,PS,PS,PS,PS,PS,PS,PS,PS,PS,PS,PS,PS,PS,PS,PS,PS,PS
122612.0,1325,University of San Francisco,"Private, nonprofit",1,1313,"Teacher Education and Professional Development, Specific Subject Areas.",5,Master's Degree,9.0,12.0,0,PS,PS,PS,PS,PS,PS,PS,PS,PS,PS,PS,PS,PS,19074,63707,51487,78905
122612.0,1325,University of San Francisco,"Private, nonprofit",1,1314,Teaching English or French as a Second or Foreign Language.,5,Master's Degree,12.0,22.0,4,23,38908,PS,PS,PS,PS,PS,PS,PS,PS,PS,PS,17,2991,65767,49386,82810
122612.0,1325,University of San Francisco,"Private, nonprofit",1,1314,Teaching English or French as a Second or Foreign Language.,8,Graduate/Professional Certificate,0.0,0.0,PS,PS,PS,PS,PS,PS,PS,PS,PS,PS,PS,PS,PS,PS,PS,PS,PS,PS
122612.0,1325,University of San Francisco,"Private, nonprofit",1,1401,"Engineering, General.",3,Bachelor's Degree,0.0,0.0,PS,PS,PS,PS,PS,PS,PS,PS,PS,PS,PS,PS,PS,PS,PS,PS,PS,PS
122612.0,1325,University of San Francisco,"Private, nonprofit",1,1517,Energy Systems Technologies/Technicians.,5,Master's Degree,24.0,18.0,PS,PS,PS,PS,PS,PS,PS,PS,PS,PS,PS,PS,PS,PS,115,117106,80152,192594
122612.0,1325,University of San Francisco,"Private, nonprofit",1,1601,"Linguistic, Comparative, and Related Language Studies and Services.",3,Bachelor's Degree,0.0,1.0,PS,PS,PS,PS,PS,PS,PS,PS,PS,PS,PS,PS,PS,PS,4565,49984,32888,69881
122612.0,1325,University of San Francisco,"Private, nonprofit",1,1603,"East Asian Languages, Literatures, and Linguistics.",3,Bachelor's Degree,2.0,5.0,0,PS,PS,PS,PS,PS,PS,PS,PS,PS,PS,PS,PS,PS,PS,PS,PS,PS
122612.0,1325,University of San Francisco,"Private, nonprofit",1,1609,"Romance Languages, Literatures, and Linguistics.",3,Bachelor's Degree,0.0,1.0,0,PS,PS,PS,PS,PS,PS,PS,PS,PS,PS,PS,PS,PS,10363,55000,38411,73324
122612.0,1325,University of San Francisco,"Private, nonprofit",1,2201,Law.,6,Doctoral Degree,,,16,210,114397,196,72,112581,138,121772,91,108664,119,122936,PS,179,5584,105518,75697,161837
122612.0,1325,University of San Francisco,"Private, nonprofit",1,2201,Law.,7,First Professional Degree,133.0,90.0,PS,PS,PS,PS,PS,PS,PS,PS,PS,PS,PS,PS,PS,PS,PS,PS,PS,PS
122612.0,1325,University of San Francisco,"Private, nonprofit",1,2202,Legal Research and Advanced Professional Studies.,5,Master's Degree,44.0,58.0,1,18,133773,16,PS,PS,PS,PS,PS,PS,PS,PS,PS,16,2905,101000,62617,153946
122612.0,1325,University of San Francisco,"Private, nonprofit",1,2202,Legal Research and Advanced Professional Studies.,8,Graduate/Professional Certificate,,,PS,PS,PS,PS,PS,PS,PS,PS,PS,PS,PS,PS,PS,PS,132,114740,77392,187161
122612.0,1325,University of San Francisco,"Private, nonprofit",1,2301,"English Language and Literature, General.",3,Bachelor's Degree,26.0,24.0,3,26,73223,22,PS,PS,PS,PS,PS,PS,PS,PS,PS,22,33025,48590,33654,63810
122612.0,1325,University of San Francisco,"Private, nonprofit",1,2313,Rhetoric and Composition/Writing Studies.,5,Master's Degree,26.0,31.0,PS,PS,PS,PS,PS,PS,PS,PS,PS,PS,PS,PS,PS,PS,3795,55035,32717,77712
122612.0,1325,University of San Francisco,"Private, nonprofit",1,2401,"Liberal Arts and Sciences, General Studies and Humanities.",3,Bachelor's Degree,0.0,0.0,PS,PS,PS,PS,PS,PS,PS,PS,PS,PS,PS,PS,PS,PS,PS,PS,PS,PS
122612.0,1325,University of San Francisco,"Private, nonprofit",1,2401,"Liberal Arts and Sciences, General Studies and Humanities.",99,Non-Credential Program (Preparatory Coursework/Teacher Certification),,,,,,,,,,,,,,,,,2539,56308,37516,77402
122612.0,1325,University of San Francisco,"Private, nonprofit",1,2601,"Biology, General.",3,Bachelor's Degree,104.0,86.0,9,54,71657,50,26,65521,28,72506,PS,PS,PS,PS,19,47,57101,57214,38929,79199
122612.0,1325,University of San Francisco,"Private, nonprofit",1,2601,"Biology, General.",5,Master's Degree,6.0,5.0,0,PS,PS,PS,PS,PS,PS,PS,PS,PS,PS,PS,PS,PS,3962,69830,50928,96355
122612.0,1325,University of San Francisco,"Private, nonprofit",1,2612,Biotechnology.,5,Master's Degree,31.0,26.0,1,PS,PS,PS,PS,PS,PS,PS,PS,PS,PS,PS,PS,PS,1037,107682,77487,147535
122612.0,1325,University of San Francisco,"Private, nonprofit",1,2701,Mathematics.,3,Bachelor's Degree,11.0,10.0,1,PS,PS,PS,PS,PS,PS,PS,PS,PS,PS,PS,PS,PS,15976,69562,49058,97414
122612.0,1325,University of San Francisco,"Private, nonprofit",1,3014,Museology/Museum Studies.,5,Master's Degree,20.0,21.0,1,PS,PS,PS,PS,PS,PS,PS,PS,PS,PS,PS,PS,PS,678,53692,42033,67713
122612.0,1325,University of San Francisco,"Private, nonprofit",1,3020,International/Globalization Studies.,5,Master's Degree,15.0,18.0,4,23,86010,22,PS,PS,PS,PS,PS,PS,PS,PS,PS,16,878,86219,59416,113389
122612.0,1325,University of San Francisco,"Private, nonprofit",1,3071,Data Analytics.,3,Bachelor's Degree,,15.0,,,,,,,,,,,,,,,PS,PS,PS,PS
122612.0,1325,University of San Francisco,"Private, nonprofit",1,3105,"Sports, Kinesiology, and Physical Education/Fitness.",3,Bachelor's Degree,69.0,50.0,1,52,70495,45,34,69496,18,81272,22,70012,31,72820,PS,39,48463,54562,39049,73020
122612.0,1325,University of San Francisco,"Private, nonprofit",1,3105,"Sports, Kinesiology, and Physical Education/Fitness.",5,Master's Degree,94.0,93.0,3,107,74086,98,48,78711,58,69889,72,68495,35,90413,PS,78,9292,62033,47943,80968
122612.0,1325,University of San Francisco,"Private, nonprofit",1,3801,Philosophy.,3,Bachelor's Degree,9.0,4.0,1,PS,PS,PS,PS,PS,PS,PS,PS,PS,PS,PS,PS,PS,6085,54455,34926,78043
122612.0,1325,University of San Francisco,"Private, nonprofit",1,3802,Religion/Religious Studies.,99,Non-Credential Program (Preparatory Coursework/Teacher Certification),,,,,,,,,,,,,,,,,18,73013,42672,102326
122612.0,1325,University of San Francisco,"Private, nonprofit",1,3906,Theological and Ministerial Studies.,3,Bachelor's Degree,4.0,2.0,0,PS,PS,PS,PS,PS,PS,PS,PS,PS,PS,PS,PS,PS,1751,44535,30931,62472
122612.0,1325,University of San Francisco,"Private, nonprofit",1,4001,"Physical Sciences, General.",3,Bachelor's Degree,0.0,0.0,PS,PS,PS,PS,PS,PS,PS,PS,PS,PS,PS,PS,PS,PS,PS,PS,PS,PS
122612.0,1325,University of San Francisco,"Private, nonprofit",1,4005,Chemistry.,3,Bachelor's Degree,26.0,16.0,1,PS,PS,PS,PS,PS,PS,PS,PS,PS,PS,PS,PS,PS,10453,65120,48307,84018
122612.0,1325,University of San Francisco,"Private, nonprofit",1,4005,Chemistry.,5,Master's Degree,2.0,4.0,1,PS,PS,PS,PS,PS,PS,PS,PS,PS,PS,PS,PS,PS,1187,82937,60941,109811
122612.0,1325,University of San Francisco,"Private, nonprofit",1,4008,Physics.,3,Bachelor's Degree,10.0,3.0,1,PS,PS,PS,PS,PS,PS,PS,PS,PS,PS,PS,PS,PS,5602,76786,51777,102948
122612.0,1325,University of San Francisco,"Private, nonprofit",1,4201,"Psychology, General.",3,Bachelor's Degree,150.0,120.0,9,91,63533,75,55,63068,37,65618,17,61263,75,64534,41,75,102536,50706,35740,67229
122612.0,1325,University of San Francisco,"Private, nonprofit",1,4201,"Psychology, General.",6,Doctoral Degree,,,PS,PS,PS,PS,PS,PS,PS,PS,PS,PS,PS,PS,PS,PS,1927,98707,69268,127593
122612.0,1325,University of San Francisco,"Private, nonprofit",1,4228,"Clinical, Counseling and Applied Psychology.",5,Master's Degree,163.0,191.0,6,135,78351,119,70,77120,65,80551,21,85407,114,77158,PS,118,22438,65184,47881,83770
122612.0,1325,University of San Francisco,"Private, nonprofit",1,4228,"Clinical, Counseling and Applied Psychology.",7,First Professional Degree,13.0,8.0,PS,PS,PS,PS,PS,PS,PS,PS,PS,PS,PS,PS,PS,PS,PS,PS,PS,PS
122612.0,1325,University of San Francisco,"Private, nonprofit",1,4400,"Human Services, General.",5,Master's Degree,7.0,13.0,0,PS,PS,PS,PS,PS,PS,PS,PS,PS,PS,PS,PS,PS,1619,57050,43407,73575
122612.0,1325,University of San Francisco,"Private, nonprofit",1,4404,Public Administration.,3,Bachelor's Degree,1.0,1.0,0,PS,PS,PS,PS,PS,PS,PS,PS,PS,PS,PS,PS,PS,3271,65093,47237,86663
122612.0,1325,University of San Francisco,"Private, nonprofit",1,4404,Public Administration.,5,Master's Degree,28.0,32.0,3,52,116575,50,28,109207,PS,PS,19,113548,33,113223,PS,39,13451,81408,60052,109056
122612.0,1325,University of San Francisco,"Private, nonprofit",1,4505,Demography.,5,Master's Degree,10.0,12.0,PS,PS,PS,PS,PS,PS,PS,PS,PS,PS,PS,PS,PS,PS,58,75145,61715,95048
122612.0,1325,University of San Francisco,"Private, nonprofit",1,4506,Economics.,3,Bachelor's Degree,45.0,23.0,4,17,87378,16,PS,PS,PS,PS,PS,PS,PS,PS,PS,PS,28744,82686,58184,116323
122612.0,1325,University of San Francisco,"Private, nonprofit",1,4506,Economics.,5,Master's Degree,41.0,45.0,0,19,115251,18,PS,PS,PS,PS,PS,PS,PS,PS,PS,PS,1664,100743,74382,133995
122612.0,1325,University of San Francisco,"Private, nonprofit",1,4509,International Relations and National Security Studies.,3,Bachelor's Degree,40.0,37.0,4,37,53544,30,21,59713,16,70301,PS,PS,PS,PS,PS,23,8070,66596,46031,87798
122612.0,1325,University of San Francisco,"Private, nonprofit",1,4510,Political Science and Government.,3,Bachelor's Degree,37.0,36.0,1,44,69079,39,23,66825,21,70305,18,61712,26,70854,PS,29,36628,63293,44760,85406
122612.0,1325,University of San Francisco,"Private, nonprofit",1,4511,Sociology.,3,Bachelor's Degree,44.0,34.0,2,45,60747,40,22,58050,21,68507,PS,PS,PS,PS,17,39,31848,52657,37665,69502
122612.0,1325,University of San Francisco,"Private, nonprofit",1,4512,Urban Studies/Affairs.,3,Bachelor's Degree,5.0,3.0,PS,PS,PS,PS,PS,PS,PS,PS,PS,PS,PS,PS,PS,PS,999,62532,43623,81699
122612.0,1325,University of San Francisco,"Private, nonprofit",1,4512,Urban Studies/Affairs.,5,Master's Degree,25.0,17.0,0,PS,PS,PS,PS,PS,PS,PS,PS,PS,PS,PS,PS,PS,362,79634,64880,99815
122612.0,1325,University of San Francisco,"Private, nonprofit",1,5001,"Visual and Performing Arts, General.",3,Bachelor's Degree,16.0,9.0,2,PS,PS,PS,PS,PS,PS,PS,PS,PS,PS,PS,PS,PS,3499,41688,25771,59858
122612.0,1325,University of San Francisco,"Private, nonprofit",1,5004,Design and Applied Arts.,3,Bachelor's Degree,29.0,23.0,1,16,65023,PS,PS,PS,PS,PS,PS,PS,PS,PS,PS,PS,23871,51490,33006,70612
122612.0,1325,University of San Francisco,"Private, nonprofit",1,5005,Drama/Theatre Arts and Stagecraft.,99,Non-Credential Program (Preparatory Coursework/Teacher Certification),,,,,,,,,,,,,,,,,PS,PS,PS,PS
122612.0,1325,University of San Francisco,"Private, nonprofit",1,5007,Fine and Studio Arts.,3,Bachelor's Degree,10.0,14.0,1,16,36545,PS,PS,PS,PS,PS,PS,PS,PS,PS,PS,PS,26935,41367,26241,56653
122612.0,1325,University of San Francisco,"Private, nonprofit",1,5115,Mental and Social Health Services and Allied Professions.,6,Doctoral Degree,,,PS,PS,PS,PS,PS,PS,PS,PS,PS,PS,PS,PS,PS,PS,402,77066,50657,108832
122612.0,1325,University of San Francisco,"Private, nonprofit",1,5115,Mental and Social Health Services and Allied Professions.,7,First Professional Degree,6.0,8.0,PS,PS,PS,PS,PS,PS,PS,PS,PS,PS,PS,PS,PS,PS,PS,PS,PS,PS
122612.0,1325,University of San Francisco,"Private, nonprofit",1,5115,Mental and Social Health Services and Allied Professions.,8,Graduate/Professional Certificate,3.0,2.0,PS,PS,PS,PS,PS,PS,PS,PS,PS,PS,PS,PS,PS,PS,PS,PS,PS,PS
122612.0,1325,University of San Francisco,"Private, nonprofit",1,5122,Public Health.,3,Bachelor's Degree,1.0,,1,PS,PS,PS,PS,PS,PS,PS,PS,PS,PS,PS,PS,PS,15585,58808,41981,79154
122612.0,1325,University of San Francisco,"Private, nonprofit",1,5122,Public Health.,5,Master's Degree,60.0,84.0,2,PS,PS,PS,PS,PS,PS,PS,PS,PS,PS,PS,PS,PS,15061,82751,61518,113501
122612.0,1325,University of San Francisco,"Private, nonprofit",1,5127,Medical Illustration and Informatics.,5,Master's Degree,12.0,12.0,0,PS,PS,PS,PS,PS,PS,PS,PS,PS,PS,PS,PS,PS,1239,101441,77716,136744
122612.0,1325,University of San Francisco,"Private, nonprofit",1,5127,Medical Illustration and Informatics.,8,Graduate/Professional Certificate,1.0,0.0,PS,PS,PS,PS,PS,PS,PS,PS,PS,PS,PS,PS,PS,PS,PS,PS,PS,PS
122612.0,1325,University of San Francisco,"Private, nonprofit",1,5138,"Registered Nursing, Nursing Administration, Nursing Research and Clinical Nursing.",3,Bachelor's Degree,247.0,227.0,4,202,149741,195,122,158320,80,135768,42,159012,159,148348,PS,176,177924,88910,67853,114470
122612.0,1325,University of San Francisco,"Private, nonprofit",1,5138,"Registered Nursing, Nursing Administration, Nursing Research and Clinical Nursing.",5,Master's Degree,206.0,174.0,4,190,158515,185,71,152677,119,160115,33,165820,157,154901,16,158,63874,120193,94642,149472
122612.0,1325,University of San Francisco,"Private, nonprofit",1,5138,"Registered Nursing, Nursing Administration, Nursing Research and Clinical Nursing.",6,Doctoral Degree,,,1,39,200485,38,PS,PS,PS,PS,PS,PS,PS,PS,PS,30,8559,138131,106294,185434
122612.0,1325,University of San Francisco,"Private, nonprofit",1,5138,"Registered Nursing, Nursing Administration, Nursing Research and Clinical Nursing.",7,First Professional Degree,40.0,27.0,PS,PS,PS,PS,PS,PS,PS,PS,PS,PS,PS,PS,PS,PS,PS,PS,PS,PS
122612.0,1325,University of San Francisco,"Private, nonprofit",1,5202,"Business Administration, Management and Operations.",3,Bachelor's Degree,125.0,75.0,4,89,104526,82,54,97419,36,132986,39,109140,50,103269,PS,73,183303,68257,47618,93584
122612.0,1325,University of San Francisco,"Private, nonprofit",1,5202,"Business Administration, Management and Operations.",5,Master's Degree,86.0,76.0,8,96,150673,95,29,131676,67,155815,55,193161,40,137918,PS,76,122193,103485,69982,153484
122612.0,1325,University of San Francisco,"Private, nonprofit",1,5203,Accounting and Related Services.,3,Bachelor's Degree,37.0,25.0,5,73,101040,70,45,99362,28,102764,31,103185,41,99946,PS,61,63013,76194,56205,97191
122612.0,1325,University of San Francisco,"Private, nonprofit",1,5206,Business/Managerial Economics.,3,Bachelor's Degree,1.0,,0,PS,PS,PS,PS,PS,PS,PS,PS,PS,PS,PS,PS,PS,PS,PS,PS,PS
122612.0,1325,University of San Francisco,"Private, nonprofit",1,5207,Entrepreneurial and Small Business Operations.,3,Bachelor's Degree,41.0,26.0,0,21,75474,18,PS,PS,PS,PS,PS,PS,PS,PS,PS,PS,3469,61027,38487,88452
122612.0,1325,University of San Francisco,"Private, nonprofit",1,5207,Entrepreneurial and Small Business Operations.,5,Master's Degree,19.0,1.0,PS,PS,PS,PS,PS,PS,PS,PS,PS,PS,PS,PS,PS,PS,633,97366,58036,169032
122612.0,1325,University of San Francisco,"Private, nonprofit",1,5208,Finance and Financial Management Services.,3,Bachelor's Degree,109.0,92.0,6,59,107184,56,43,97740,16,133432,33,98307,26,115680,PS,51,43799,83343,60801,111527
122612.0,1325,University of San Francisco,"Private, nonprofit",1,5209,Hospitality Administration/Management.,3,Bachelor's Degree,15.0,13.0,2,24,74026,23,PS,PS,PS,PS,PS,PS,PS,PS,PS,17,11706,56726,40953,73841
122612.0,1325,University of San Francisco,"Private, nonprofit",1,5210,Human Resources Management and Services.,3,Bachelor's Degree,2.0,4.0,0,PS,PS,PS,PS,PS,PS,PS,PS,PS,PS,PS,PS,PS,13480,68069,50156,90619
122612.0,1325,University of San Francisco,"Private, nonprofit",1,5210,Human Resources Management and Services.,5,Master's Degree,34.0,14.0,1,43,157232,41,PS,PS,26,168100,PS,PS,PS,PS,PS,35,10576,83558,58145,115680
122612.0,1325,University of San Francisco,"Private, nonprofit",1,5211,International Business.,3,Bachelor's Degree,32.0,20.0,3,23,92956,20,PS,PS,PS,PS,PS,PS,PS,PS,PS,PS,5548,73201,51264,98832
122612.0,1325,University of San Francisco,"Private, nonprofit",1,5213,Management Sciences and Quantitative Methods.,5,Master's Degree,71.0,131.0,PS,PS,PS,PS,PS,PS,PS,PS,PS,PS,PS,PS,PS,PS,5066,124807,93429,167728
122612.0,1325,University of San Francisco,"Private, nonprofit",1,5214,Marketing.,3,Bachelor's Degree,110.0,80.0,9,75,91873,66,41,87159,34,92281,28,86716,47,89830,PS,57,48162,69303,49728,93152
122612.0,1325,University of San Francisco,"Private, nonprofit",1,5401,History.,3,Bachelor's Degree,20.0,12.0,3,17,63345,PS,PS,PS,PS,PS,PS,PS,PS,PS,PS,PS,23671,50680,36330,66736
122649.0,25000,San Joaquin College of Law,"Private, nonprofit",1,2201,Law.,7,First Professional Degree,37.0,34.0,PS,PS,PS,PS,PS,PS,PS,PS,PS,PS,PS,PS,PS,PS,40183,107773,75568,176111
122931.0,1326,Santa Clara University,"Private, nonprofit",1,301,Natural Resources Conservation and Research.,3,Bachelor's Degree,41.0,46.0,1,23,74814,21,PS,PS,PS,PS,PS,PS,PS,PS,PS,PS,15907,55012,39435,72794
122931.0,1326,Santa Clara University,"Private, nonprofit",1,502,"Ethnic, Cultural Minority, Gender, and Group Studies.",3,Bachelor's Degree,24.0,23.0,PS,PS,PS,PS,PS,PS,PS,PS,PS,PS,PS,PS,PS,PS,5420,51710,34946,68128
122931.0,1326,Santa Clara University,"Private, nonprofit",1,901,Communication and Media Studies.,3,Bachelor's Degree,137.0,140.0,7,73,74671,63,26,76519,47,79799,22,78385,52,71028,PS,57,61357,56359,39575,76115
122931.0,1326,Santa Clara University,"Private, nonprofit",1,1101,"Computer and Information Sciences, General.",5,Master's Degree,29.0,50.0,0,PS,PS,PS,PS,PS,PS,PS,PS,PS,PS,PS,PS,PS,5870,124201,87810,176258
122931.0,1326,Santa Clara University,"Private, nonprofit",1,1108,Computer Software and Media Applications.,3,Bachelor's Degree,9.0,7.0,0,PS,PS,PS,PS,PS,PS,PS,PS,PS,PS,PS,PS,PS,3796,58894,35549,88211
122931.0,1326,Santa Clara University,"Private, nonprofit",1,1304,Educational Administration and Supervision.,5,Master's Degree,29.0,22.0,1,PS,PS,PS,PS,PS,PS,PS,PS,PS,PS,PS,PS,PS,32412,71685,57739,90151
122931.0,1326,Santa Clara University,"Private, nonprofit",1,1312,"Teacher Education and Professional Development, Specific Levels and Methods.",5,Master's Degree,82.0,51.0,6,106,79261,101,57,75860,47,80114,23,77543,83,79274,PS,98,30920,59916,48965,72958
122931.0,1326,Santa Clara University,"Private, nonprofit",1,1312,"Teacher Education and Professional Development, Specific Levels and Methods.",8,Graduate/Professional Certificate,0.0,0.0,PS,PS,PS,PS,PS,PS,PS,PS,PS,PS,PS,PS,PS,PS,PS,PS,PS,PS
122931.0,1326,Santa Clara University,"Private, nonprofit",1,1399,"Education, Other.",5,Master's Degree,,,0,PS,PS,PS,PS,PS,PS,PS,PS,PS,PS,PS,PS,PS,2556,65348,52547,79994
122931.0,1326,Santa Clara University,"Private, nonprofit",1,1401,"Engineering, General.",3,Bachelor's Degree,4.0,10.0,PS,PS,PS,PS,PS,PS,PS,PS,PS,PS,PS,PS,PS,PS,3262,89359,73449,108835
122931.0,1326,Santa Clara University,"Private, nonprofit",1,1401,"Engineering, General.",5,Master's Degree,0.0,,PS,PS,PS,PS,PS,PS,PS,PS,PS,PS,PS,PS,PS,PS,PS,PS,PS,PS
122931.0,1326,Santa Clara University,"Private, nonprofit",1,1402,"Aerospace, Aeronautical, and Astronautical/Space Engineering.",5,Master's Degree,0.0,0.0,PS,PS,PS,PS,PS,PS,PS,PS,PS,PS,PS,PS,PS,PS,PS,PS,PS,PS
122931.0,1326,Santa Clara University,"Private, nonprofit",1,1405,Biomedical/Medical Engineering.,3,Bachelor's Degree,21.0,34.0,2,22,118457,22,PS,PS,PS,PS,PS,PS,PS,PS,PS,17,5726,93451,74134,113859
122931.0,1326,Santa Clara University,"Private, nonprofit",1,1405,Biomedical/Medical Engineering.,5,Master's Degree,11.0,5.0,1,PS,PS,PS,PS,PS,PS,PS,PS,PS,PS,PS,PS,PS,1704,106375,84793,130445
122931.0,1326,Santa Clara University,"Private, nonprofit",1,1408,Civil Engineering.,3,Bachelor's Degree,20.0,32.0,0,39,111831,37,PS,PS,PS,PS,25,104200,16,109925,PS,36,15798,86517,73883,101174
122931.0,1326,Santa Clara University,"Private, nonprofit",1,1408,Civil Engineering.,5,Master's Degree,2.0,1.0,0,17,102953,17,PS,PS,PS,PS,PS,PS,PS,PS,PS,PS,3258,98323,84186,116108
122931.0,1326,Santa Clara University,"Private, nonprofit",1,1409,Computer Engineering.,3,Bachelor's Degree,83.0,83.0,1,39,191635,38,17,220569,22,179293,PS,PS,PS,PS,PS,31,10329,109015,86299,145170
122931.0,1326,Santa Clara University,"Private, nonprofit",1,1409,Computer Engineering.,5,Master's Degree,156.0,261.0,2,34,196357,34,PS,PS,PS,PS,PS,PS,PS,PS,PS,29,1249,136736,108298,186553
122931.0,1326,Santa Clara University,"Private, nonprofit",1,1409,Computer Engineering.,6,Doctoral Degree,5.0,5.0,PS,PS,PS,PS,PS,PS,PS,PS,PS,PS,PS,PS,PS,PS,PS,PS,PS,PS
122931.0,1326,Santa Clara University,"Private, nonprofit",1,1409,Computer Engineering.,7,First Professional Degree,0.0,0.0,PS,PS,PS,PS,PS,PS,PS,PS,PS,PS,PS,PS,PS,PS,PS,PS,PS,PS
122931.0,1326,Santa Clara University,"Private, nonprofit",1,1410,"Electrical, Electronics, and Communications Engineering.",3,Bachelor's Degree,12.0,17.0,0,16,139616,17,PS,PS,PS,PS,PS,PS,PS,PS,PS,16,16532,100647,84635,122440
122931.0,1326,Santa Clara University,"Private, nonprofit",1,1410,"Electrical, Electronics, and Communications Engineering.",5,Master's Degree,0.0,0.0,0,16,169141,16,PS,PS,PS,PS,PS,PS,PS,PS,PS,PS,3090,133654,107420,171817
122931.0,1326,Santa Clara University,"Private, nonprofit",1,1410,"Electrical, Electronics, and Communications Engineering.",6,Doctoral Degree,0.0,0.0,PS,PS,PS,PS,PS,PS,PS,PS,PS,PS,PS,PS,PS,PS,431,157305,129276,205872
122931.0,1326,Santa Clara University,"Private, nonprofit",1,1410,"Electrical, Electronics, and Communications Engineering.",7,First Professional Degree,0.0,0.0,PS,PS,PS,PS,PS,PS,PS,PS,PS,PS,PS,PS,PS,PS,PS,PS,PS,PS
122931.0,1326,Santa Clara University,"Private, nonprofit",1,1410,"Electrical, Electronics, and Communications Engineering.",8,Graduate/Professional Certificate,0.0,0.0,PS,PS,PS,PS,PS,PS,PS,PS,PS,PS,PS,PS,PS,PS,33,129570,98267,PS
122931.0,1326,Santa Clara University,"Private, nonprofit",1,1412,Engineering Physics.,3,Bachelor's Degree,2.0,2.0,0,PS,PS,PS,PS,PS,PS,PS,PS,PS,PS,PS,PS,PS,571,89154,69182,111349
122931.0,1326,Santa Clara University,"Private, nonprofit",1,1419,Mechanical Engineering.,3,Bachelor's Degree,52.0,36.0,1,37,118350,35,PS,PS,PS,PS,PS,PS,PS,PS,PS,31,36057,92135,77715,109121
122931.0,1326,Santa Clara University,"Private, nonprofit",1,1419,Mechanical Engineering.,5,Master's Degree,23.0,14.0,2,16,144633,16,PS,PS,PS,PS,PS,PS,PS,PS,PS,PS,3775,115974,97429,140629
122931.0,1326,Santa Clara University,"Private, nonprofit",1,1419,Mechanical Engineering.,6,Doctoral Degree,2.0,1.0,PS,PS,PS,PS,PS,PS,PS,PS,PS,PS,PS,PS,PS,PS,PS,PS,PS,PS
122931.0,1326,Santa Clara University,"Private, nonprofit",1,1419,Mechanical Engineering.,7,First Professional Degree,0.0,0.0,PS,PS,PS,PS,PS,PS,PS,PS,PS,PS,PS,PS,PS,PS,24,144680,113475,188757
122931.0,1326,Santa Clara University,"Private, nonprofit",1,1419,Mechanical Engineering.,8,Graduate/Professional Certificate,0.0,0.0,PS,PS,PS,PS,PS,PS,PS,PS,PS,PS,PS,PS,PS,PS,PS,PS,PS,PS
122931.0,1326,Santa Clara University,"Private, nonprofit",1,1442,"Mechatronics, Robotics, and Automation Engineering.",5,Master's Degree,1.0,7.0,,,,,,,,,,,,,,,PS,PS,PS,PS
122931.0,1326,Santa Clara University,"Private, nonprofit",1,1515,Engineering-Related Fields.,5,Master's Degree,11.0,20.0,0,PS,PS,PS,PS,PS,PS,PS,PS,PS,PS,PS,PS,PS,1847,125651,97217,158811
122931.0,1326,Santa Clara University,"Private, nonprofit",1,1517,Energy Systems Technologies/Technicians.,5,Master's Degree,1.0,2.0,0,PS,PS,PS,PS,PS,PS,PS,PS,PS,PS,PS,PS,PS,115,117106,80152,192594
122931.0,1326,Santa Clara University,"Private, nonprofit",1,1605,"Germanic Languages, Literatures, and Linguistics.",3,Bachelor's Degree,1.0,0.0,PS,PS,PS,PS,PS,PS,PS,PS,PS,PS,PS,PS,PS,PS,PS,PS,PS,PS
122931.0,1326,Santa Clara University,"Private, nonprofit",1,1609,"Romance Languages, Literatures, and Linguistics.",3,Bachelor's Degree,20.0,25.0,1,PS,PS,PS,PS,PS,PS,PS,PS,PS,PS,PS,PS,PS,10363,55000,38411,73324
122931.0,1326,Santa Clara University,"Private, nonprofit",1,1612,"Classics and Classical Languages, Literatures, and Linguistics.",3,Bachelor's Degree,3.0,7.0,0,PS,PS,PS,PS,PS,PS,PS,PS,PS,PS,PS,PS,PS,PS,PS,PS,PS
122931.0,1326,Santa Clara University,"Private, nonprofit",1,1907,"Human Development, Family Studies, and Related Services.",3,Bachelor's Degree,14.0,21.0,PS,PS,PS,PS,PS,PS,PS,PS,PS,PS,PS,PS,PS,PS,15127,48568,35149,62704
122931.0,1326,Santa Clara University,"Private, nonprofit",1,2201,Law.,7,First Professional Degree,221.0,231.0,12,139,135208,132,49,128827,90,141755,76,143233,63,132519,PS,114,40183,107773,75568,176111
122931.0,1326,Santa Clara University,"Private, nonprofit",1,2202,Legal Research and Advanced Professional Studies.,5,Master's Degree,10.0,7.0,0,PS,PS,PS,PS,PS,PS,PS,PS,PS,PS,PS,PS,PS,2905,101000,62617,153946
122931.0,1326,Santa Clara University,"Private, nonprofit",1,2301,"English Language and Literature, General.",3,Bachelor's Degree,22.0,27.0,5,32,82650,27,PS,PS,PS,PS,PS,PS,PS,PS,PS,26,33025,48590,33654,63810
122931.0,1326,Santa Clara University,"Private, nonprofit",1,2401,"Liberal Arts and Sciences, General Studies and Humanities.",3,Bachelor's Degree,5.0,4.0,1,PS,PS,PS,PS,PS,PS,PS,PS,PS,PS,PS,PS,PS,50554,53072,35750,73322
122931.0,1326,Santa Clara University,"Private, nonprofit",1,2601,"Biology, General.",3,Bachelor's Degree,81.0,61.0,1,41,70331,37,PS,PS,PS,PS,PS,PS,PS,PS,PS,27,57101,57214,38929,79199
122931.0,1326,Santa Clara University,"Private, nonprofit",1,2602,"Biochemistry, Biophysics and Molecular Biology.",3,Bachelor's Degree,13.0,20.0,1,PS,PS,PS,PS,PS,PS,PS,PS,PS,PS,PS,PS,PS,6319,65466,44889,88432
122931.0,1326,Santa Clara University,"Private, nonprofit",1,2615,Neurobiology and Neurosciences.,3,Bachelor's Degree,39.0,39.0,PS,PS,PS,PS,PS,PS,PS,PS,PS,PS,PS,PS,PS,PS,3745,62451,40736,88598
122931.0,1326,Santa Clara University,"Private, nonprofit",1,2701,Mathematics.,3,Bachelor's Degree,28.0,27.0,0,17,91342,PS,PS,PS,PS,PS,PS,PS,PS,PS,PS,PS,15976,69562,49058,97414
122931.0,1326,Santa Clara University,"Private, nonprofit",1,2703,Applied Mathematics.,5,Master's Degree,1.0,0.0,0,PS,PS,PS,PS,PS,PS,PS,PS,PS,PS,PS,PS,PS,1088,116060,85199,161426
122931.0,1326,Santa Clara University,"Private, nonprofit",1,3008,Mathematics and Computer Science.,3,Bachelor's Degree,107.0,103.0,0,PS,PS,PS,PS,PS,PS,PS,PS,PS,PS,PS,PS,PS,682,118943,77135,174935
122931.0,1326,Santa Clara University,"Private, nonprofit",1,3018,Natural Sciences.,3,Bachelor's Degree,0.0,0.0,PS,PS,PS,PS,PS,PS,PS,PS,PS,PS,PS,PS,PS,PS,PS,PS,PS,PS
122931.0,1326,Santa Clara University,"Private, nonprofit",1,3022,Classical and Ancient Studies.,3,Bachelor's Degree,0.0,0.0,PS,PS,PS,PS,PS,PS,PS,PS,PS,PS,PS,PS,PS,PS,PS,PS,PS,PS
122931.0,1326,Santa Clara University,"Private, nonprofit",1,3801,Philosophy.,3,Bachelor's Degree,23.0,17.0,0,PS,PS,PS,PS,PS,PS,PS,PS,PS,PS,PS,PS,PS,6085,54455,34926,78043
122931.0,1326,Santa Clara University,"Private, nonprofit",1,3802,Religion/Religious Studies.,3,Bachelor's Degree,4.0,2.0,0,PS,PS,PS,PS,PS,PS,PS,PS,PS,PS,PS,PS,PS,PS,PS,PS,PS
122931.0,1326,Santa Clara University,"Private, nonprofit",1,3802,Religion/Religious Studies.,5,Master's Degree,15.0,12.0,0,PS,PS,PS,PS,PS,PS,PS,PS,PS,PS,PS,PS,PS,742,57737,33608,87095
122931.0,1326,Santa Clara University,"Private, nonprofit",1,3906,Theological and Ministerial Studies.,5,Master's Degree,26.0,37.0,3,PS,PS,PS,PS,PS,PS,PS,PS,PS,PS,PS,PS,PS,6997,61300,40587,91229
122931.0,1326,Santa Clara University,"Private, nonprofit",1,3906,Theological and Ministerial Studies.,6,Doctoral Degree,6.0,0.0,PS,PS,PS,PS,PS,PS,PS,PS,PS,PS,PS,PS,PS,PS,757,71982,47428,110193
122931.0,1326,Santa Clara University,"Private, nonprofit",1,3906,Theological and Ministerial Studies.,7,First Professional Degree,9.0,17.0,PS,PS,PS,PS,PS,PS,PS,PS,PS,PS,PS,PS,PS,PS,PS,PS,PS,PS
122931.0,1326,Santa Clara University,"Private, nonprofit",1,3999,"Theology and Religious Vocations, Other.",5,Master's Degree,,,1,PS,PS,PS,PS,PS,PS,PS,PS,PS,PS,PS,PS,PS,443,54640,34479,81272
122931.0,1326,Santa Clara University,"Private, nonprofit",1,4005,Chemistry.,3,Bachelor's Degree,7.0,6.0,1,PS,PS,PS,PS,PS,PS,PS,PS,PS,PS,PS,PS,PS,10453,65120,48307,84018
122931.0,1326,Santa Clara University,"Private, nonprofit",1,4008,Physics.,3,Bachelor's Degree,3.0,7.0,0,PS,PS,PS,PS,PS,PS,PS,PS,PS,PS,PS,PS,PS,5602,76786,51777,102948
122931.0,1326,Santa Clara University,"Private, nonprofit",1,4201,"Psychology, General.",3,Bachelor's Degree,122.0,115.0,5,59,77958,55,18,82166,40,74877,PS,PS,PS,PS,19,46,102536,50706,35740,67229
122931.0,1326,Santa Clara University,"Private, nonprofit",1,4228,"Clinical, Counseling and Applied Psychology.",5,Master's Degree,105.0,125.0,3,53,90576,48,21,90313,31,91601,PS,PS,PS,PS,PS,47,22438,65184,47881,83770
122931.0,1326,Santa Clara University,"Private, nonprofit",1,4502,Anthropology.,3,Bachelor's Degree,6.0,6.0,0,PS,PS,PS,PS,PS,PS,PS,PS,PS,PS,PS,PS,PS,8303,46676,32056,63905
122931.0,1326,Santa Clara University,"Private, nonprofit",1,4506,Economics.,3,Bachelor's Degree,108.0,77.0,2,52,128642,50,26,126565,25,130691,32,138618,PS,PS,PS,36,28744,82686,58184,116323
122931.0,1326,Santa Clara University,"Private, nonprofit",1,4510,Political Science and Government.,3,Bachelor's Degree,72.0,96.0,1,61,73668,50,PS,PS,PS,PS,35,77117,26,78216,PS,45,36628,63293,44760,85406
122931.0,1326,Santa Clara University,"Private, nonprofit",1,4511,Sociology.,3,Bachelor's Degree,23.0,28.0,0,19,77833,16,PS,PS,PS,PS,PS,PS,PS,PS,PS,16,31848,52657,37665,69502
122931.0,1326,Santa Clara University,"Private, nonprofit",1,5005,Drama/Theatre Arts and Stagecraft.,3,Bachelor's Degree,8.0,8.0,0,16,43499,PS,PS,PS,PS,PS,PS,PS,PS,PS,PS,PS,14066,39775,25491,55399
122931.0,1326,Santa Clara University,"Private, nonprofit",1,5007,Fine and Studio Arts.,3,Bachelor's Degree,14.0,15.0,0,PS,PS,PS,PS,PS,PS,PS,PS,PS,PS,PS,PS,PS,26935,41367,26241,56653
122931.0,1326,Santa Clara University,"Private, nonprofit",1,5009,Music.,3,Bachelor's Degree,17.0,8.0,0,PS,PS,PS,PS,PS,PS,PS,PS,PS,PS,PS,PS,PS,14715,42892,26048,58755
122931.0,1326,Santa Clara University,"Private, nonprofit",1,5122,Public Health.,3,Bachelor's Degree,40.0,59.0,1,20,65015,PS,PS,PS,PS,PS,PS,PS,PS,PS,PS,PS,15585,58808,41981,79154
122931.0,1326,Santa Clara University,"Private, nonprofit",1,5201,"Business/Commerce, General.",3,Bachelor's Degree,0.0,0.0,PS,PS,PS,PS,PS,PS,PS,PS,PS,PS,PS,PS,PS,PS,PS,PS,PS,PS
122931.0,1326,Santa Clara University,"Private, nonprofit",1,5202,"Business Administration, Management and Operations.",5,Master's Degree,228.0,266.0,4,110,194180,107,37,167866,73,197212,68,193353,42,198853,PS,89,122193,103485,69982,153484
122931.0,1326,Santa Clara University,"Private, nonprofit",1,5203,Accounting and Related Services.,3,Bachelor's Degree,67.0,84.0,3,83,123065,81,34,121864,49,122498,38,125992,45,120873,PS,65,63013,76194,56205,97191
122931.0,1326,Santa Clara University,"Private, nonprofit",1,5203,Accounting and Related Services.,4,Post-baccalaureate Certificate,,,PS,PS,PS,PS,PS,PS,PS,PS,PS,PS,PS,PS,PS,PS,179,86165,64548,109422
122931.0,1326,Santa Clara University,"Private, nonprofit",1,5203,Accounting and Related Services.,8,Graduate/Professional Certificate,37.0,24.0,PS,PS,PS,PS,PS,PS,PS,PS,PS,PS,PS,PS,PS,PS,PS,PS,PS,PS
122931.0,1326,Santa Clara University,"Private, nonprofit",1,5206,Business/Managerial Economics.,3,Bachelor's Degree,11.0,13.0,0,PS,PS,PS,PS,PS,PS,PS,PS,PS,PS,PS,PS,PS,5426,77981,55058,106683
122931.0,1326,Santa Clara University,"Private, nonprofit",1,5208,Finance and Financial Management Services.,3,Bachelor's Degree,160.0,164.0,5,95,127056,91,33,111954,62,142541,63,139033,32,118189,PS,80,43799,83343,60801,111527
122931.0,1326,Santa Clara University,"Private, nonprofit",1,5208,Finance and Financial Management Services.,5,Master's Degree,0.0,0.0,1,PS,PS,PS,PS,PS,PS,PS,PS,PS,PS,PS,PS,PS,3403,110694,75597,157777
122931.0,1326,Santa Clara University,"Private, nonprofit",1,5210,Human Resources Management and Services.,3,Bachelor's Degree,38.0,39.0,3,PS,PS,PS,PS,PS,PS,PS,PS,PS,PS,PS,PS,PS,13480,68069,50156,90619
122931.0,1326,Santa Clara University,"Private, nonprofit",1,5212,Management Information Systems and Services.,3,Bachelor's Degree,31.0,42.0,1,PS,PS,PS,PS,PS,PS,PS,PS,PS,PS,PS,PS,PS,10427,83290,58799,111586
122931.0,1326,Santa Clara University,"Private, nonprofit",1,5213,Management Sciences and Quantitative Methods.,5,Master's Degree,86.0,108.0,PS,PS,PS,PS,PS,PS,PS,PS,PS,PS,PS,PS,PS,PS,5066,124807,93429,167728
122931.0,1326,Santa Clara University,"Private, nonprofit",1,5214,Marketing.,3,Bachelor's Degree,79.0,99.0,3,68,100123,64,26,98576,43,105201,19,83553,49,101263,PS,50,48162,69303,49728,93152
122931.0,1326,Santa Clara University,"Private, nonprofit",1,5214,Marketing.,5,Master's Degree,57.0,39.0,PS,PS,PS,PS,PS,PS,PS,PS,PS,PS,PS,PS,PS,PS,PS,PS,PS,PS
122931.0,1326,Santa Clara University,"Private, nonprofit",1,5401,History.,3,Bachelor's Degree,16.0,18.0,0,PS,PS,PS,PS,PS,PS,PS,PS,PS,PS,PS,PS,PS,23671,50680,36330,66736
123095.0,21206,Saybrook University,"Private, nonprofit",1,3099,"Multi/Interdisciplinary Studies, Other.",5,Master's Degree,22.0,23.0,1,PS,PS,PS,PS,PS,PS,PS,PS,PS,PS,PS,PS,PS,1342,75122,51610,109074
123095.0,21206,Saybrook University,"Private, nonprofit",1,3099,"Multi/Interdisciplinary Studies, Other.",6,Doctoral Degree,10.0,13.0,2,PS,PS,PS,PS,PS,PS,PS,PS,PS,PS,PS,PS,PS,238,86341,58995,116446
123095.0,21206,Saybrook University,"Private, nonprofit",1,3099,"Multi/Interdisciplinary Studies, Other.",8,Graduate/Professional Certificate,0.0,7.0,PS,PS,PS,PS,PS,PS,PS,PS,PS,PS,PS,PS,PS,PS,PS,PS,PS,PS
123095.0,21206,Saybrook University,"Private, nonprofit",1,3105,"Sports, Kinesiology, and Physical Education/Fitness.",5,Master's Degree,0.0,0.0,PS,PS,PS,PS,PS,PS,PS,PS,PS,PS,PS,PS,PS,PS,PS,PS,PS,PS
123095.0,21206,Saybrook University,"Private, nonprofit",1,4201,"Psychology, General.",5,Master's Degree,8.0,13.0,3,28,51927,19,PS,PS,PS,PS,PS,PS,PS,PS,PS,PS,5527,64711,45967,86199
123095.0,21206,Saybrook University,"Private, nonprofit",1,4201,"Psychology, General.",6,Doctoral Degree,14.0,15.0,5,31,70831,26,PS,PS,PS,PS,PS,PS,PS,PS,PS,PS,1927,98707,69268,127593
123095.0,21206,Saybrook University,"Private, nonprofit",1,4201,"Psychology, General.",7,First Professional Degree,0.0,0.0,PS,PS,PS,PS,PS,PS,PS,PS,PS,PS,PS,PS,PS,PS,PS,PS,PS,PS
123095.0,21206,Saybrook University,"Private, nonprofit",1,4201,"Psychology, General.",8,Graduate/Professional Certificate,0.0,1.0,PS,PS,PS,PS,PS,PS,PS,PS,PS,PS,PS,PS,PS,PS,PS,PS,PS,PS
123095.0,21206,Saybrook University,"Private, nonprofit",1,4228,"Clinical, Counseling and Applied Psychology.",5,Master's Degree,12.0,21.0,PS,PS,PS,PS,PS,PS,PS,PS,PS,PS,PS,PS,PS,PS,22438,65184,47881,83770
123095.0,21206,Saybrook University,"Private, nonprofit",1,4228,"Clinical, Counseling and Applied Psychology.",6,Doctoral Degree,6.0,9.0,PS,PS,PS,PS,PS,PS,PS,PS,PS,PS,PS,PS,PS,PS,5714,99878,69652,126700
123095.0,21206,Saybrook University,"Private, nonprofit",1,5202,"Business Administration, Management and Operations.",5,Master's Degree,5.0,4.0,PS,PS,PS,PS,PS,PS,PS,PS,PS,PS,PS,PS,PS,PS,PS,PS,PS,PS
123095.0,21206,Saybrook University,"Private, nonprofit",1,5202,"Business Administration, Management and Operations.",6,Doctoral Degree,,1.0,,,,,,,,,,,,,,,PS,PS,PS,PS
123095.0,21206,Saybrook University,"Private, nonprofit",1,5210,Human Resources Management and Services.,5,Master's Degree,2.0,0.0,1,PS,PS,PS,PS,PS,PS,PS,PS,PS,PS,PS,PS,PS,10576,83558,58145,115680
123095.0,21206,Saybrook University,"Private, nonprofit",1,5210,Human Resources Management and Services.,6,Doctoral Degree,4.0,5.0,1,PS,PS,PS,PS,PS,PS,PS,PS,PS,PS,PS,PS,PS,344,110734,68129,162763
123095.0,21206,Saybrook University,"Private, nonprofit",1,5210,Human Resources Management and Services.,8,Graduate/Professional Certificate,0.0,0.0,PS,PS,PS,PS,PS,PS,PS,PS,PS,PS,PS,PS,PS,PS,PS,PS,PS,PS
123165.0,1174,Scripps College,"Private, nonprofit",1,301,Natural Resources Conservation and Research.,3,Bachelor's Degree,20.0,15.0,0,PS,PS,PS,PS,PS,PS,PS,PS,PS,PS,PS,PS,PS,15907,55012,39435,72794
123165.0,1174,Scripps College,"Private, nonprofit",1,501,Area Studies.,3,Bachelor's Degree,10.0,7.0,0,PS,PS,PS,PS,PS,PS,PS,PS,PS,PS,PS,PS,PS,3737,56625,37190,78481
123165.0,1174,Scripps College,"Private, nonprofit",1,502,"Ethnic, Cultural Minority, Gender, and Group Studies.",3,Bachelor's Degree,6.0,8.0,0,PS,PS,PS,PS,PS,PS,PS,PS,PS,PS,PS,PS,PS,5420,51710,34946,68128
123165.0,1174,Scripps College,"Private, nonprofit",1,901,Communication and Media Studies.,3,Bachelor's Degree,13.0,18.0,1,PS,PS,PS,PS,PS,PS,PS,PS,PS,PS,PS,PS,PS,61357,56359,39575,76115
123165.0,1174,Scripps College,"Private, nonprofit",1,1107,Computer Science.,3,Bachelor's Degree,7.0,2.0,0,PS,PS,PS,PS,PS,PS,PS,PS,PS,PS,PS,PS,PS,28067,107009,74830,152038
123165.0,1174,Scripps College,"Private, nonprofit",1,1401,"Engineering, General.",1,Undergraduate Certificate or Diploma,4.0,3.0,PS,PS,PS,PS,PS,PS,PS,PS,PS,PS,PS,PS,PS,PS,PS,PS,PS,PS
123165.0,1174,Scripps College,"Private, nonprofit",1,1401,"Engineering, General.",3,Bachelor's Degree,0.0,3.0,PS,PS,PS,PS,PS,PS,PS,PS,PS,PS,PS,PS,PS,PS,3262,89359,73449,108835
123165.0,1174,Scripps College,"Private, nonprofit",1,1601,"Linguistic, Comparative, and Related Language Studies and Services.",3,Bachelor's Degree,4.0,6.0,0,PS,PS,PS,PS,PS,PS,PS,PS,PS,PS,PS,PS,PS,4565,49984,32888,69881
123165.0,1174,Scripps College,"Private, nonprofit",1,1603,"East Asian Languages, Literatures, and Linguistics.",3,Bachelor's Degree,0.0,0.0,1,PS,PS,PS,PS,PS,PS,PS,PS,PS,PS,PS,PS,PS,PS,PS,PS,PS
123165.0,1174,Scripps College,"Private, nonprofit",1,1604,"Slavic, Baltic and Albanian Languages, Literatures, and Linguistics.",3,Bachelor's Degree,0.0,0.0,PS,PS,PS,PS,PS,PS,PS,PS,PS,PS,PS,PS,PS,PS,PS,PS,PS,PS
123165.0,1174,Scripps College,"Private, nonprofit",1,1609,"Romance Languages, Literatures, and Linguistics.",3,Bachelor's Degree,3.0,3.0,0,PS,PS,PS,PS,PS,PS,PS,PS,PS,PS,PS,PS,PS,10363,55000,38411,73324
123165.0,1174,Scripps College,"Private, nonprofit",1,1612,"Classics and Classical Languages, Literatures, and Linguistics.",3,Bachelor's Degree,3.0,3.0,PS,PS,PS,PS,PS,PS,PS,PS,PS,PS,PS,PS,PS,PS,813,49429,32066,67794
123165.0,1174,Scripps College,"Private, nonprofit",1,2200,Non-Professional Legal Studies.,3,Bachelor's Degree,4.0,0.0,0,PS,PS,PS,PS,PS,PS,PS,PS,PS,PS,PS,PS,PS,2380,61959,42689,82578
123165.0,1174,Scripps College,"Private, nonprofit",1,2301,"English Language and Literature, General.",3,Bachelor's Degree,15.0,14.0,0,PS,PS,PS,PS,PS,PS,PS,PS,PS,PS,PS,PS,PS,33025,48590,33654,63810
123165.0,1174,Scripps College,"Private, nonprofit",1,2313,Rhetoric and Composition/Writing Studies.,3,Bachelor's Degree,4.0,7.0,PS,PS,PS,PS,PS,PS,PS,PS,PS,PS,PS,PS,PS,PS,PS,PS,PS,PS
123165.0,1174,Scripps College,"Private, nonprofit",1,2401,"Liberal Arts and Sciences, General Studies and Humanities.",3,Bachelor's Degree,5.0,4.0,PS,PS,PS,PS,PS,PS,PS,PS,PS,PS,PS,PS,PS,PS,50554,53072,35750,73322
123165.0,1174,Scripps College,"Private, nonprofit",1,2601,"Biology, General.",3,Bachelor's Degree,17.0,33.0,0,PS,PS,PS,PS,PS,PS,PS,PS,PS,PS,PS,PS,PS,57101,57214,38929,79199
123165.0,1174,Scripps College,"Private, nonprofit",1,2602,"Biochemistry, Biophysics and Molecular Biology.",3,Bachelor's Degree,4.0,11.0,0,PS,PS,PS,PS,PS,PS,PS,PS,PS,PS,PS,PS,PS,6319,65466,44889,88432
123165.0,1174,Scripps College,"Private, nonprofit",1,2611,"Biomathematics, Bioinformatics, and Computational Biology.",3,Bachelor's Degree,0.0,0.0,PS,PS,PS,PS,PS,PS,PS,PS,PS,PS,PS,PS,PS,PS,309,86713,56786,132795
123165.0,1174,Scripps College,"Private, nonprofit",1,2615,Neurobiology and Neurosciences.,3,Bachelor's Degree,13.0,6.0,0,PS,PS,PS,PS,PS,PS,PS,PS,PS,PS,PS,PS,PS,3745,62451,40736,88598
123165.0,1174,Scripps College,"Private, nonprofit",1,2699,"Biological and Biomedical Sciences, Other.",3,Bachelor's Degree,2.0,3.0,0,PS,PS,PS,PS,PS,PS,PS,PS,PS,PS,PS,PS,PS,1154,65681,42778,90944
123165.0,1174,Scripps College,"Private, nonprofit",1,2701,Mathematics.,3,Bachelor's Degree,4.0,5.0,0,PS,PS,PS,PS,PS,PS,PS,PS,PS,PS,PS,PS,PS,PS,PS,PS,PS
123165.0,1174,Scripps College,"Private, nonprofit",1,3006,Systems Science and Theory.,3,Bachelor's Degree,2.0,0.0,PS,PS,PS,PS,PS,PS,PS,PS,PS,PS,PS,PS,PS,PS,PS,PS,PS,PS
123165.0,1174,Scripps College,"Private, nonprofit",1,3008,Mathematics and Computer Science.,3,Bachelor's Degree,2.0,1.0,PS,PS,PS,PS,PS,PS,PS,PS,PS,PS,PS,PS,PS,PS,682,118943,77135,174935
123165.0,1174,Scripps College,"Private, nonprofit",1,3015,"Science, Technology and Society.",3,Bachelor's Degree,4.0,1.0,1,PS,PS,PS,PS,PS,PS,PS,PS,PS,PS,PS,PS,PS,PS,PS,PS,PS
123165.0,1174,Scripps College,"Private, nonprofit",1,3025,Cognitive Science.,3,Bachelor's Degree,2.0,3.0,PS,PS,PS,PS,PS,PS,PS,PS,PS,PS,PS,PS,PS,PS,PS,PS,PS,PS
123165.0,1174,Scripps College,"Private, nonprofit",1,3027,Human Biology.,3,Bachelor's Degree,9.0,10.0,0,PS,PS,PS,PS,PS,PS,PS,PS,PS,PS,PS,PS,PS,611,64732,42154,98218
123165.0,1174,Scripps College,"Private, nonprofit",1,3099,"Multi/Interdisciplinary Studies, Other.",3,Bachelor's Degree,2.0,6.0,0,PS,PS,PS,PS,PS,PS,PS,PS,PS,PS,PS,PS,PS,27598,55693,40311,72165
123165.0,1174,Scripps College,"Private, nonprofit",1,3801,Philosophy.,3,Bachelor's Degree,3.0,6.0,0,PS,PS,PS,PS,PS,PS,PS,PS,PS,PS,PS,PS,PS,6085,54455,34926,78043
123165.0,1174,Scripps College,"Private, nonprofit",1,3802,Religion/Religious Studies.,3,Bachelor's Degree,2.0,1.0,PS,PS,PS,PS,PS,PS,PS,PS,PS,PS,PS,PS,PS,PS,PS,PS,PS,PS
123165.0,1174,Scripps College,"Private, nonprofit",1,4005,Chemistry.,3,Bachelor's Degree,3.0,2.0,0,PS,PS,PS,PS,PS,PS,PS,PS,PS,PS,PS,PS,PS,PS,PS,PS,PS
123165.0,1174,Scripps College,"Private, nonprofit",1,4006,Geological and Earth Sciences/Geosciences.,3,Bachelor's Degree,0.0,3.0,PS,PS,PS,PS,PS,PS,PS,PS,PS,PS,PS,PS,PS,PS,PS,PS,PS,PS
123165.0,1174,Scripps College,"Private, nonprofit",1,4008,Physics.,3,Bachelor's Degree,4.0,4.0,0,PS,PS,PS,PS,PS,PS,PS,PS,PS,PS,PS,PS,PS,5602,76786,51777,102948
123165.0,1174,Scripps College,"Private, nonprofit",1,4201,"Psychology, General.",3,Bachelor's Degree,,,0,PS,PS,PS,PS,PS,PS,PS,PS,PS,PS,PS,PS,PS,102536,50706,35740,67229
123165.0,1174,Scripps College,"Private, nonprofit",1,4227,Research and Experimental Psychology.,3,Bachelor's Degree,19.0,38.0,0,PS,PS,PS,PS,PS,PS,PS,PS,PS,PS,PS,PS,PS,PS,PS,PS,PS
123165.0,1174,Scripps College,"Private, nonprofit",1,4405,Public Policy Analysis.,3,Bachelor's Degree,1.0,0.0,0,PS,PS,PS,PS,PS,PS,PS,PS,PS,PS,PS,PS,PS,1612,73721,53280,104068
123165.0,1174,Scripps College,"Private, nonprofit",1,4502,Anthropology.,3,Bachelor's Degree,4.0,5.0,1,PS,PS,PS,PS,PS,PS,PS,PS,PS,PS,PS,PS,PS,8303,46676,32056,63905
123165.0,1174,Scripps College,"Private, nonprofit",1,4506,Economics.,3,Bachelor's Degree,16.0,24.0,0,PS,PS,PS,PS,PS,PS,PS,PS,PS,PS,PS,PS,PS,28744,82686,58184,116323
123165.0,1174,Scripps College,"Private, nonprofit",1,4510,Political Science and Government.,3,Bachelor's Degree,24.0,21.0,1,PS,PS,PS,PS,PS,PS,PS,PS,PS,PS,PS,PS,PS,36628,63293,44760,85406
123165.0,1174,Scripps College,"Private, nonprofit",1,4511,Sociology.,3,Bachelor's Degree,3.0,2.0,0,PS,PS,PS,PS,PS,PS,PS,PS,PS,PS,PS,PS,PS,31848,52657,37665,69502
123165.0,1174,Scripps College,"Private, nonprofit",1,5003,Dance.,3,Bachelor's Degree,2.0,2.0,0,PS,PS,PS,PS,PS,PS,PS,PS,PS,PS,PS,PS,PS,2823,39980,24910,57333
123165.0,1174,Scripps College,"Private, nonprofit",1,5005,Drama/Theatre Arts and Stagecraft.,3,Bachelor's Degree,1.0,0.0,0,PS,PS,PS,PS,PS,PS,PS,PS,PS,PS,PS,PS,PS,14066,39775,25491,55399
123165.0,1174,Scripps College,"Private, nonprofit",1,5007,Fine and Studio Arts.,3,Bachelor's Degree,10.0,10.0,0,PS,PS,PS,PS,PS,PS,PS,PS,PS,PS,PS,PS,PS,26935,41367,26241,56653
123165.0,1174,Scripps College,"Private, nonprofit",1,5009,Music.,3,Bachelor's Degree,0.0,2.0,0,PS,PS,PS,PS,PS,PS,PS,PS,PS,PS,PS,PS,PS,14715,42892,26048,58755
123165.0,1174,Scripps College,"Private, nonprofit",1,5111,Health/Medical Preparatory Programs.,8,Graduate/Professional Certificate,30.0,12.0,PS,PS,PS,PS,PS,PS,PS,PS,PS,PS,PS,PS,PS,PS,PS,PS,PS,PS
123165.0,1174,Scripps College,"Private, nonprofit",1,5111,Health/Medical Preparatory Programs.,99,Non-Credential Program (Preparatory Coursework/Teacher Certification),,,,,,,,,,,,,,,,,101,81700,48943,100996
123165.0,1174,Scripps College,"Private, nonprofit",1,5203,Accounting and Related Services.,3,Bachelor's Degree,1.0,1.0,0,PS,PS,PS,PS,PS,PS,PS,PS,PS,PS,PS,PS,PS,63013,76194,56205,97191
123165.0,1174,Scripps College,"Private, nonprofit",1,5210,Human Resources Management and Services.,3,Bachelor's Degree,4.0,2.0,0,PS,PS,PS,PS,PS,PS,PS,PS,PS,PS,PS,PS,PS,13480,68069,50156,90619
123165.0,1174,Scripps College,"Private, nonprofit",1,5401,History.,3,Bachelor's Degree,5.0,7.0,0,PS,PS,PS,PS,PS,PS,PS,PS,PS,PS,PS,PS,PS,23671,50680,36330,66736
123457.0,1291,Simpson University,"Private, nonprofit",1,901,Communication and Media Studies.,3,Bachelor's Degree,6.0,10.0,2,19,50665,PS,PS,PS,PS,PS,PS,PS,PS,PS,PS,PS,61357,56359,39575,76115
123457.0,1291,Simpson University,"Private, nonprofit",1,1301,"Education, General.",5,Master's Degree,14.0,7.0,0,PS,PS,PS,PS,PS,PS,PS,PS,PS,PS,PS,PS,PS,22487,65824,52724,82084
123457.0,1291,Simpson University,"Private, nonprofit",1,1304,Educational Administration and Supervision.,99,Non-Credential Program (Preparatory Coursework/Teacher Certification),,,,,,,,,,,,,,,,,514,90560,69507,117595
123457.0,1291,Simpson University,"Private, nonprofit",1,1313,"Teacher Education and Professional Development, Specific Subject Areas.",3,Bachelor's Degree,1.0,0.0,0,PS,PS,PS,PS,PS,PS,PS,PS,PS,PS,PS,PS,PS,22867,51389,40539,63098
123457.0,1291,Simpson University,"Private, nonprofit",1,1314,Teaching English or French as a Second or Foreign Language.,8,Graduate/Professional Certificate,0.0,0.0,PS,PS,PS,PS,PS,PS,PS,PS,PS,PS,PS,PS,PS,PS,PS,PS,PS,PS
123457.0,1291,Simpson University,"Private, nonprofit",1,1399,"Education, Other.",99,Non-Credential Program (Preparatory Coursework/Teacher Certification),,,,,,,,,,,,,,,,,80,55262,43396,74078
123457.0,1291,Simpson University,"Private, nonprofit",1,1401,"Engineering, General.",3,Bachelor's Degree,,0.0,,,,,,,,,,,,,,,PS,PS,PS,PS
123457.0,1291,Simpson University,"Private, nonprofit",1,1609,"Romance Languages, Literatures, and Linguistics.",3,Bachelor's Degree,0.0,,1,PS,PS,PS,PS,PS,PS,PS,PS,PS,PS,PS,PS,PS,10363,55000,38411,73324
123457.0,1291,Simpson University,"Private, nonprofit",1,1611,"Middle/Near Eastern and Semitic Languages, Literatures, and Linguistics.",8,Graduate/Professional Certificate,0.0,0.0,PS,PS,PS,PS,PS,PS,PS,PS,PS,PS,PS,PS,PS,PS,PS,PS,PS,PS
123457.0,1291,Simpson University,"Private, nonprofit",1,2301,"English Language and Literature, General.",3,Bachelor's Degree,0.0,1.0,0,PS,PS,PS,PS,PS,PS,PS,PS,PS,PS,PS,PS,PS,33025,48590,33654,63810
123457.0,1291,Simpson University,"Private, nonprofit",1,2401,"Liberal Arts and Sciences, General Studies and Humanities.",2,Associate's Degree,,0.0,PS,PS,PS,PS,PS,PS,PS,PS,PS,PS,PS,PS,PS,PS,PS,PS,PS,PS
123457.0,1291,Simpson University,"Private, nonprofit",1,2401,"Liberal Arts and Sciences, General Studies and Humanities.",3,Bachelor's Degree,22.0,19.0,6,PS,PS,PS,PS,PS,PS,PS,PS,PS,PS,PS,PS,PS,50554,53072,35750,73322
123457.0,1291,Simpson University,"Private, nonprofit",1,2601,"Biology, General.",3,Bachelor's Degree,5.0,4.0,1,PS,PS,PS,PS,PS,PS,PS,PS,PS,PS,PS,PS,PS,57101,57214,38929,79199
123457.0,1291,Simpson University,"Private, nonprofit",1,2612,Biotechnology.,3,Bachelor's Degree,0.0,,PS,PS,PS,PS,PS,PS,PS,PS,PS,PS,PS,PS,PS,PS,PS,PS,PS,PS
123457.0,1291,Simpson University,"Private, nonprofit",1,2701,Mathematics.,3,Bachelor's Degree,1.0,,0,PS,PS,PS,PS,PS,PS,PS,PS,PS,PS,PS,PS,PS,15976,69562,49058,97414
123457.0,1291,Simpson University,"Private, nonprofit",1,3101,"Parks, Recreation, and Leisure Studies.",1,Undergraduate Certificate or Diploma,0.0,0.0,PS,PS,PS,PS,PS,PS,PS,PS,PS,PS,PS,PS,PS,PS,PS,PS,PS,PS
123457.0,1291,Simpson University,"Private, nonprofit",1,3101,"Parks, Recreation, and Leisure Studies.",3,Bachelor's Degree,5.0,1.0,1,PS,PS,PS,PS,PS,PS,PS,PS,PS,PS,PS,PS,PS,3198,50983,37138,67192
123457.0,1291,Simpson University,"Private, nonprofit",1,3105,"Sports, Kinesiology, and Physical Education/Fitness.",3,Bachelor's Degree,6.0,8.0,PS,PS,PS,PS,PS,PS,PS,PS,PS,PS,PS,PS,PS,PS,PS,PS,PS,PS
123457.0,1291,Simpson University,"Private, nonprofit",1,3802,Religion/Religious Studies.,1,Undergraduate Certificate or Diploma,0.0,0.0,PS,PS,PS,PS,PS,PS,PS,PS,PS,PS,PS,PS,PS,PS,PS,PS,PS,PS
123457.0,1291,Simpson University,"Private, nonprofit",1,3802,Religion/Religious Studies.,3,Bachelor's Degree,0.0,0.0,0,PS,PS,PS,PS,PS,PS,PS,PS,PS,PS,PS,PS,PS,5310,41390,20518,65165
123457.0,1291,Simpson University,"Private, nonprofit",1,3802,Religion/Religious Studies.,5,Master's Degree,2.0,1.0,1,PS,PS,PS,PS,PS,PS,PS,PS,PS,PS,PS,PS,PS,PS,PS,PS,PS
123457.0,1291,Simpson University,"Private, nonprofit",1,3802,Religion/Religious Studies.,8,Graduate/Professional Certificate,0.0,0.0,PS,PS,PS,PS,PS,PS,PS,PS,PS,PS,PS,PS,PS,PS,PS,PS,PS,PS
123457.0,1291,Simpson University,"Private, nonprofit",1,3902,Bible/Biblical Studies.,1,Undergraduate Certificate or Diploma,0.0,0.0,PS,PS,PS,PS,PS,PS,PS,PS,PS,PS,PS,PS,PS,PS,PS,PS,PS,PS
123457.0,1291,Simpson University,"Private, nonprofit",1,3902,Bible/Biblical Studies.,2,Associate's Degree,0.0,0.0,PS,PS,PS,PS,PS,PS,PS,PS,PS,PS,PS,PS,PS,PS,PS,PS,PS,PS
123457.0,1291,Simpson University,"Private, nonprofit",1,3902,Bible/Biblical Studies.,3,Bachelor's Degree,0.0,1.0,0,PS,PS,PS,PS,PS,PS,PS,PS,PS,PS,PS,PS,PS,2600,44533,29498,62259
123457.0,1291,Simpson University,"Private, nonprofit",1,3902,Bible/Biblical Studies.,8,Graduate/Professional Certificate,0.0,0.0,PS,PS,PS,PS,PS,PS,PS,PS,PS,PS,PS,PS,PS,PS,PS,PS,PS,PS
123457.0,1291,Simpson University,"Private, nonprofit",1,3903,Missions/Missionary Studies and Missiology.,3,Bachelor's Degree,3.0,,4,PS,PS,PS,PS,PS,PS,PS,PS,PS,PS,PS,PS,PS,688,40103,25327,55233
123457.0,1291,Simpson University,"Private, nonprofit",1,3906,Theological and Ministerial Studies.,3,Bachelor's Degree,0.0,,,,,,,,,,,,,,,,PS,PS,PS,PS
123457.0,1291,Simpson University,"Private, nonprofit",1,3906,Theological and Ministerial Studies.,5,Master's Degree,1.0,1.0,2,PS,PS,PS,PS,PS,PS,PS,PS,PS,PS,PS,PS,PS,6997,61300,40587,91229
123457.0,1291,Simpson University,"Private, nonprofit",1,3907,Pastoral Counseling and Specialized Ministries.,3,Bachelor's Degree,1.0,,1,PS,PS,PS,PS,PS,PS,PS,PS,PS,PS,PS,PS,PS,1594,42915,29185,58127
123457.0,1291,Simpson University,"Private, nonprofit",1,3999,"Theology and Religious Vocations, Other.",3,Bachelor's Degree,1.0,,0,PS,PS,PS,PS,PS,PS,PS,PS,PS,PS,PS,PS,PS,360,43566,26583,58087
123457.0,1291,Simpson University,"Private, nonprofit",1,4201,"Psychology, General.",3,Bachelor's Degree,66.0,48.0,16,100,50830,73,PS,PS,PS,PS,18,54163,83,48436,30,84,102536,50706,35740,67229
123457.0,1291,Simpson University,"Private, nonprofit",1,4228,"Clinical, Counseling and Applied Psychology.",3,Bachelor's Degree,0.0,,,,,,,,,,,,,,,,PS,PS,PS,PS
123457.0,1291,Simpson University,"Private, nonprofit",1,4228,"Clinical, Counseling and Applied Psychology.",5,Master's Degree,10.0,16.0,0,PS,PS,PS,PS,PS,PS,PS,PS,PS,PS,PS,PS,PS,22438,65184,47881,83770
123457.0,1291,Simpson University,"Private, nonprofit",1,4400,"Human Services, General.",5,Master's Degree,,11.0,,,,,,,,,,,,,,,PS,PS,PS,PS
123457.0,1291,Simpson University,"Private, nonprofit",1,4407,Social Work.,3,Bachelor's Degree,,0.0,,,,,,,,,,,,,,,PS,PS,PS,PS
123457.0,1291,Simpson University,"Private, nonprofit",1,4501,"Social Sciences, General.",3,Bachelor's Degree,1.0,1.0,0,PS,PS,PS,PS,PS,PS,PS,PS,PS,PS,PS,PS,PS,PS,PS,PS,PS
123457.0,1291,Simpson University,"Private, nonprofit",1,4510,Political Science and Government.,3,Bachelor's Degree,6.0,3.0,PS,PS,PS,PS,PS,PS,PS,PS,PS,PS,PS,PS,PS,PS,36628,63293,44760,85406
123457.0,1291,Simpson University,"Private, nonprofit",1,5009,Music.,3,Bachelor's Degree,2.0,0.0,0,PS,PS,PS,PS,PS,PS,PS,PS,PS,PS,PS,PS,PS,14715,42892,26048,58755
123457.0,1291,Simpson University,"Private, nonprofit",1,5107,Health and Medical Administrative Services.,3,Bachelor's Degree,0.0,,1,PS,PS,PS,PS,PS,PS,PS,PS,PS,PS,PS,PS,PS,PS,PS,PS,PS
123457.0,1291,Simpson University,"Private, nonprofit",1,5138,"Registered Nursing, Nursing Administration, Nursing Research and Clinical Nursing.",3,Bachelor's Degree,48.0,53.0,4,75,109928,68,54,115621,21,99356,PS,PS,PS,PS,PS,62,177924,88910,67853,114470
123457.0,1291,Simpson University,"Private, nonprofit",1,5202,"Business Administration, Management and Operations.",3,Bachelor's Degree,34.0,39.0,3,44,52299,39,PS,PS,PS,PS,24,56079,20,41948,PS,30,183303,68257,47618,93584
123457.0,1291,Simpson University,"Private, nonprofit",1,5202,"Business Administration, Management and Operations.",5,Master's Degree,,0.0,,,,,,,,,,,,,,,PS,PS,PS,PS
123457.0,1291,Simpson University,"Private, nonprofit",1,5203,Accounting and Related Services.,3,Bachelor's Degree,0.0,,2,PS,PS,PS,PS,PS,PS,PS,PS,PS,PS,PS,PS,PS,63013,76194,56205,97191
123457.0,1291,Simpson University,"Private, nonprofit",1,5210,Human Resources Management and Services.,3,Bachelor's Degree,1.0,1.0,5,60,59420,50,PS,PS,PS,PS,28,64337,32,48670,PS,50,13480,68069,50156,90619
123457.0,1291,Simpson University,"Private, nonprofit",1,5210,Human Resources Management and Services.,5,Master's Degree,0.0,13.0,0,PS,PS,PS,PS,PS,PS,PS,PS,PS,PS,PS,PS,PS,10576,83558,58145,115680
123457.0,1291,Simpson University,"Private, nonprofit",1,5212,Management Information Systems and Services.,3,Bachelor's Degree,,2.0,,,,,,,,,,,,,,,PS,PS,PS,PS
123457.0,1291,Simpson University,"Private, nonprofit",1,5401,History.,3,Bachelor's Degree,2.0,2.0,0,PS,PS,PS,PS,PS,PS,PS,PS,PS,PS,PS,PS,PS,23671,50680,36330,66736
123554.0,1302,Saint Mary's College of California,"Private, nonprofit",1,301,Natural Resources Conservation and Research.,3,Bachelor's Degree,3.0,8.0,1,PS,PS,PS,PS,PS,PS,PS,PS,PS,PS,PS,PS,PS,15907,55012,39435,72794
123554.0,1302,Saint Mary's College of California,"Private, nonprofit",1,501,Area Studies.,3,Bachelor's Degree,4.0,3.0,0,PS,PS,PS,PS,PS,PS,PS,PS,PS,PS,PS,PS,PS,3737,56625,37190,78481
123554.0,1302,Saint Mary's College of California,"Private, nonprofit",1,502,"Ethnic, Cultural Minority, Gender, and Group Studies.",3,Bachelor's Degree,2.0,8.0,1,PS,PS,PS,PS,PS,PS,PS,PS,PS,PS,PS,PS,PS,5420,51710,34946,68128
123554.0,1302,Saint Mary's College of California,"Private, nonprofit",1,901,Communication and Media Studies.,3,Bachelor's Degree,36.0,23.0,4,66,69855,59,27,64142,39,77360,21,68205,45,72413,PS,54,61357,56359,39575,76115
123554.0,1302,Saint Mary's College of California,"Private, nonprofit",1,901,Communication and Media Studies.,5,Master's Degree,,4.0,,,,,,,,,,,,,,,PS,PS,PS,PS
123554.0,1302,Saint Mary's College of California,"Private, nonprofit",1,999,"Communication, Journalism, and Related Programs, Other.",3,Bachelor's Degree,0.0,12.0,PS,PS,PS,PS,PS,PS,PS,PS,PS,PS,PS,PS,PS,PS,PS,PS,PS,PS
123554.0,1302,Saint Mary's College of California,"Private, nonprofit",1,1107,Computer Science.,3,Bachelor's Degree,,3.0,,,,,,,,,,,,,,,PS,PS,PS,PS
123554.0,1302,Saint Mary's College of California,"Private, nonprofit",1,1301,"Education, General.",5,Master's Degree,1.0,2.0,0,PS,PS,PS,PS,PS,PS,PS,PS,PS,PS,PS,PS,PS,22487,65824,52724,82084
123554.0,1302,Saint Mary's College of California,"Private, nonprofit",1,1301,"Education, General.",8,Graduate/Professional Certificate,0.0,15.0,PS,PS,PS,PS,PS,PS,PS,PS,PS,PS,PS,PS,PS,PS,PS,PS,PS,PS
123554.0,1302,Saint Mary's College of California,"Private, nonprofit",1,1304,Educational Administration and Supervision.,5,Master's Degree,7.0,15.0,1,26,93700,23,PS,PS,PS,PS,PS,PS,PS,PS,PS,25,32412,71685,57739,90151
123554.0,1302,Saint Mary's College of California,"Private, nonprofit",1,1304,Educational Administration and Supervision.,6,Doctoral Degree,5.0,10.0,PS,PS,PS,PS,PS,PS,PS,PS,PS,PS,PS,PS,PS,PS,PS,PS,PS,PS
123554.0,1302,Saint Mary's College of California,"Private, nonprofit",1,1304,Educational Administration and Supervision.,8,Graduate/Professional Certificate,5.0,0.0,PS,PS,PS,PS,PS,PS,PS,PS,PS,PS,PS,PS,PS,PS,PS,PS,PS,PS
123554.0,1302,Saint Mary's College of California,"Private, nonprofit",1,1310,Special Education and Teaching.,5,Master's Degree,3.0,8.0,1,PS,PS,PS,PS,PS,PS,PS,PS,PS,PS,PS,PS,PS,PS,PS,PS,PS
123554.0,1302,Saint Mary's College of California,"Private, nonprofit",1,1310,Special Education and Teaching.,8,Graduate/Professional Certificate,1.0,0.0,PS,PS,PS,PS,PS,PS,PS,PS,PS,PS,PS,PS,PS,PS,PS,PS,PS,PS
123554.0,1302,Saint Mary's College of California,"Private, nonprofit",1,1311,Student Counseling and Personnel Services.,5,Master's Degree,40.0,48.0,3,59,71831,54,22,67005,37,81104,PS,PS,PS,PS,PS,53,15495,60111,48192,74890
123554.0,1302,Saint Mary's College of California,"Private, nonprofit",1,1311,Student Counseling and Personnel Services.,8,Graduate/Professional Certificate,0.0,0.0,PS,PS,PS,PS,PS,PS,PS,PS,PS,PS,PS,PS,PS,PS,PS,PS,PS,PS
123554.0,1302,Saint Mary's College of California,"Private, nonprofit",1,1312,"Teacher Education and Professional Development, Specific Levels and Methods.",3,Bachelor's Degree,0.0,0.0,PS,PS,PS,PS,PS,PS,PS,PS,PS,PS,PS,PS,PS,PS,PS,PS,PS,PS
123554.0,1302,Saint Mary's College of California,"Private, nonprofit",1,1312,"Teacher Education and Professional Development, Specific Levels and Methods.",5,Master's Degree,20.0,48.0,3,22,74099,21,PS,PS,PS,PS,PS,PS,PS,PS,PS,20,30920,59916,48965,72958
123554.0,1302,Saint Mary's College of California,"Private, nonprofit",1,1312,"Teacher Education and Professional Development, Specific Levels and Methods.",8,Graduate/Professional Certificate,0.0,0.0,PS,PS,PS,PS,PS,PS,PS,PS,PS,PS,PS,PS,PS,PS,568,63709,48452,79492
123554.0,1302,Saint Mary's College of California,"Private, nonprofit",1,1313,"Teacher Education and Professional Development, Specific Subject Areas.",5,Master's Degree,0.0,0.0,0,PS,PS,PS,PS,PS,PS,PS,PS,PS,PS,PS,PS,PS,PS,PS,PS,PS
123554.0,1302,Saint Mary's College of California,"Private, nonprofit",1,1313,"Teacher Education and Professional Development, Specific Subject Areas.",8,Graduate/Professional Certificate,4.0,0.0,PS,PS,PS,PS,PS,PS,PS,PS,PS,PS,PS,PS,PS,PS,PS,PS,PS,PS
123554.0,1302,Saint Mary's College of California,"Private, nonprofit",1,1314,Teaching English or French as a Second or Foreign Language.,5,Master's Degree,0.0,0.0,PS,PS,PS,PS,PS,PS,PS,PS,PS,PS,PS,PS,PS,PS,PS,PS,PS,PS
123554.0,1302,Saint Mary's College of California,"Private, nonprofit",1,1399,"Education, Other.",5,Master's Degree,0.0,0.0,PS,PS,PS,PS,PS,PS,PS,PS,PS,PS,PS,PS,PS,PS,PS,PS,PS,PS
123554.0,1302,Saint Mary's College of California,"Private, nonprofit",1,1401,"Engineering, General.",3,Bachelor's Degree,2.0,3.0,PS,PS,PS,PS,PS,PS,PS,PS,PS,PS,PS,PS,PS,PS,3262,89359,73449,108835
123554.0,1302,Saint Mary's College of California,"Private, nonprofit",1,1609,"Romance Languages, Literatures, and Linguistics.",3,Bachelor's Degree,1.0,4.0,0,PS,PS,PS,PS,PS,PS,PS,PS,PS,PS,PS,PS,PS,10363,55000,38411,73324
123554.0,1302,Saint Mary's College of California,"Private, nonprofit",1,1612,"Classics and Classical Languages, Literatures, and Linguistics.",3,Bachelor's Degree,0.0,0.0,PS,PS,PS,PS,PS,PS,PS,PS,PS,PS,PS,PS,PS,PS,PS,PS,PS,PS
123554.0,1302,Saint Mary's College of California,"Private, nonprofit",1,1699,"Foreign Languages, Literatures, and Linguistics, Other.",3,Bachelor's Degree,0.0,0.0,PS,PS,PS,PS,PS,PS,PS,PS,PS,PS,PS,PS,PS,PS,229,50580,36616,67789
123554.0,1302,Saint Mary's College of California,"Private, nonprofit",1,2301,"English Language and Literature, General.",3,Bachelor's Degree,27.0,14.0,5,23,57008,22,PS,PS,PS,PS,PS,PS,PS,PS,PS,20,33025,48590,33654,63810
123554.0,1302,Saint Mary's College of California,"Private, nonprofit",1,2313,Rhetoric and Composition/Writing Studies.,5,Master's Degree,23.0,18.0,1,22,25711,PS,PS,PS,PS,PS,PS,PS,PS,PS,PS,PS,3795,55035,32717,77712
123554.0,1302,Saint Mary's College of California,"Private, nonprofit",1,2399,"English Language and Literature/Letters, Other.",3,Bachelor's Degree,0.0,0.0,PS,PS,PS,PS,PS,PS,PS,PS,PS,PS,PS,PS,PS,PS,PS,PS,PS,PS
123554.0,1302,Saint Mary's College of California,"Private, nonprofit",1,2401,"Liberal Arts and Sciences, General Studies and Humanities.",3,Bachelor's Degree,64.0,47.0,1,40,63470,37,17,57325,23,68333,PS,PS,PS,PS,PS,33,50554,53072,35750,73322
123554.0,1302,Saint Mary's College of California,"Private, nonprofit",1,2401,"Liberal Arts and Sciences, General Studies and Humanities.",5,Master's Degree,15.0,14.0,1,PS,PS,PS,PS,PS,PS,PS,PS,PS,PS,PS,PS,PS,2419,65716,45452,93350
123554.0,1302,Saint Mary's College of California,"Private, nonprofit",1,2601,"Biology, General.",3,Bachelor's Degree,44.0,28.0,2,28,65439,24,PS,PS,PS,PS,PS,PS,PS,PS,PS,23,57101,57214,38929,79199
123554.0,1302,Saint Mary's College of California,"Private, nonprofit",1,2602,"Biochemistry, Biophysics and Molecular Biology.",3,Bachelor's Degree,13.0,10.0,0,PS,PS,PS,PS,PS,PS,PS,PS,PS,PS,PS,PS,PS,6319,65466,44889,88432
123554.0,1302,Saint Mary's College of California,"Private, nonprofit",1,2699,"Biological and Biomedical Sciences, Other.",3,Bachelor's Degree,0.0,1.0,PS,PS,PS,PS,PS,PS,PS,PS,PS,PS,PS,PS,PS,PS,PS,PS,PS,PS
123554.0,1302,Saint Mary's College of California,"Private, nonprofit",1,2701,Mathematics.,3,Bachelor's Degree,1.0,1.0,0,PS,PS,PS,PS,PS,PS,PS,PS,PS,PS,PS,PS,PS,PS,PS,PS,PS
123554.0,1302,Saint Mary's College of California,"Private, nonprofit",1,2703,Applied Mathematics.,3,Bachelor's Degree,1.0,5.0,0,PS,PS,PS,PS,PS,PS,PS,PS,PS,PS,PS,PS,PS,2680,91532,63368,127252
123554.0,1302,Saint Mary's College of California,"Private, nonprofit",1,2799,"Mathematics and Statistics, Other.",3,Bachelor's Degree,7.0,6.0,0,PS,PS,PS,PS,PS,PS,PS,PS,PS,PS,PS,PS,PS,378,88839,63883,125218
123554.0,1302,Saint Mary's College of California,"Private, nonprofit",1,3008,Mathematics and Computer Science.,3,Bachelor's Degree,0.0,0.0,1,PS,PS,PS,PS,PS,PS,PS,PS,PS,PS,PS,PS,PS,PS,PS,PS,PS
123554.0,1302,Saint Mary's College of California,"Private, nonprofit",1,3010,Biopsychology.,3,Bachelor's Degree,0.0,0.0,PS,PS,PS,PS,PS,PS,PS,PS,PS,PS,PS,PS,PS,PS,PS,PS,PS,PS
123554.0,1302,Saint Mary's College of California,"Private, nonprofit",1,3020,International/Globalization Studies.,3,Bachelor's Degree,,2.0,,,,,,,,,,,,,,,PS,PS,PS,PS
123554.0,1302,Saint Mary's College of California,"Private, nonprofit",1,3070,Data Science.,3,Bachelor's Degree,,1.0,,,,,,,,,,,,,,,PS,PS,PS,PS
123554.0,1302,Saint Mary's College of California,"Private, nonprofit",1,3071,Data Analytics.,5,Master's Degree,,17.0,,,,,,,,,,,,,,,PS,PS,PS,PS
123554.0,1302,Saint Mary's College of California,"Private, nonprofit",1,3105,"Sports, Kinesiology, and Physical Education/Fitness.",3,Bachelor's Degree,37.0,35.0,2,35,63474,29,PS,PS,PS,PS,PS,PS,PS,PS,PS,26,48463,54562,39049,73020
123554.0,1302,Saint Mary's College of California,"Private, nonprofit",1,3105,"Sports, Kinesiology, and Physical Education/Fitness.",5,Master's Degree,8.0,15.0,0,PS,PS,PS,PS,PS,PS,PS,PS,PS,PS,PS,PS,PS,9292,62033,47943,80968
123554.0,1302,Saint Mary's College of California,"Private, nonprofit",1,3801,Philosophy.,3,Bachelor's Degree,7.0,6.0,1,PS,PS,PS,PS,PS,PS,PS,PS,PS,PS,PS,PS,PS,PS,PS,PS,PS
123554.0,1302,Saint Mary's College of California,"Private, nonprofit",1,3802,Religion/Religious Studies.,3,Bachelor's Degree,3.0,1.0,0,PS,PS,PS,PS,PS,PS,PS,PS,PS,PS,PS,PS,PS,PS,PS,PS,PS
123554.0,1302,Saint Mary's College of California,"Private, nonprofit",1,4005,Chemistry.,3,Bachelor's Degree,2.0,2.0,0,PS,PS,PS,PS,PS,PS,PS,PS,PS,PS,PS,PS,PS,10453,65120,48307,84018
123554.0,1302,Saint Mary's College of California,"Private, nonprofit",1,4008,Physics.,3,Bachelor's Degree,4.0,5.0,0,PS,PS,PS,PS,PS,PS,PS,PS,PS,PS,PS,PS,PS,5602,76786,51777,102948
123554.0,1302,Saint Mary's College of California,"Private, nonprofit",1,4201,"Psychology, General.",3,Bachelor's Degree,40.0,28.0,0,30,50583,22,PS,PS,PS,PS,PS,PS,PS,PS,PS,22,102536,50706,35740,67229
123554.0,1302,Saint Mary's College of California,"Private, nonprofit",1,4227,Research and Experimental Psychology.,3,Bachelor's Degree,8.0,4.0,0,PS,PS,PS,PS,PS,PS,PS,PS,PS,PS,PS,PS,PS,7947,55695,38073,76465
123554.0,1302,Saint Mary's College of California,"Private, nonprofit",1,4228,"Clinical, Counseling and Applied Psychology.",3,Bachelor's Degree,12.0,15.0,PS,PS,PS,PS,PS,PS,PS,PS,PS,PS,PS,PS,PS,PS,PS,PS,PS,PS
123554.0,1302,Saint Mary's College of California,"Private, nonprofit",1,4228,"Clinical, Counseling and Applied Psychology.",5,Master's Degree,10.0,8.0,1,PS,PS,PS,PS,PS,PS,PS,PS,PS,PS,PS,PS,PS,22438,65184,47881,83770
123554.0,1302,Saint Mary's College of California,"Private, nonprofit",1,4228,"Clinical, Counseling and Applied Psychology.",8,Graduate/Professional Certificate,2.0,0.0,PS,PS,PS,PS,PS,PS,PS,PS,PS,PS,PS,PS,PS,PS,PS,PS,PS,PS
123554.0,1302,Saint Mary's College of California,"Private, nonprofit",1,4299,"Psychology, Other.",3,Bachelor's Degree,19.0,8.0,0,21,65376,17,PS,PS,PS,PS,PS,PS,PS,PS,PS,PS,799,50748,28947,70116
123554.0,1302,Saint Mary's College of California,"Private, nonprofit",1,4501,"Social Sciences, General.",3,Bachelor's Degree,0.0,0.0,PS,PS,PS,PS,PS,PS,PS,PS,PS,PS,PS,PS,PS,PS,PS,PS,PS,PS
123554.0,1302,Saint Mary's College of California,"Private, nonprofit",1,4502,Anthropology.,3,Bachelor's Degree,2.0,6.0,0,PS,PS,PS,PS,PS,PS,PS,PS,PS,PS,PS,PS,PS,8303,46676,32056,63905
123554.0,1302,Saint Mary's College of California,"Private, nonprofit",1,4503,Archeology.,3,Bachelor's Degree,2.0,2.0,0,PS,PS,PS,PS,PS,PS,PS,PS,PS,PS,PS,PS,PS,187,41748,30375,55121
123554.0,1302,Saint Mary's College of California,"Private, nonprofit",1,4506,Economics.,3,Bachelor's Degree,15.0,16.0,1,19,97033,16,PS,PS,PS,PS,PS,PS,PS,PS,PS,PS,28744,82686,58184,116323
123554.0,1302,Saint Mary's College of California,"Private, nonprofit",1,4509,International Relations and National Security Studies.,3,Bachelor's Degree,0.0,0.0,PS,PS,PS,PS,PS,PS,PS,PS,PS,PS,PS,PS,PS,PS,8070,66596,46031,87798
123554.0,1302,Saint Mary's College of California,"Private, nonprofit",1,4510,Political Science and Government.,3,Bachelor's Degree,25.0,15.0,1,17,67807,PS,PS,PS,PS,PS,PS,PS,PS,PS,PS,PS,36628,63293,44760,85406
123554.0,1302,Saint Mary's College of California,"Private, nonprofit",1,4511,Sociology.,3,Bachelor's Degree,7.0,14.0,0,17,70004,16,PS,PS,PS,PS,PS,PS,PS,PS,PS,17,31848,52657,37665,69502
123554.0,1302,Saint Mary's College of California,"Private, nonprofit",1,5003,Dance.,3,Bachelor's Degree,0.0,7.0,1,PS,PS,PS,PS,PS,PS,PS,PS,PS,PS,PS,PS,PS,2823,39980,24910,57333
123554.0,1302,Saint Mary's College of California,"Private, nonprofit",1,5003,Dance.,5,Master's Degree,8.0,8.0,PS,PS,PS,PS,PS,PS,PS,PS,PS,PS,PS,PS,PS,PS,242,55404,29626,74645
123554.0,1302,Saint Mary's College of California,"Private, nonprofit",1,5003,Dance.,8,Graduate/Professional Certificate,,8.0,,,,,,,,,,,,,,,PS,PS,PS,PS
123554.0,1302,Saint Mary's College of California,"Private, nonprofit",1,5005,Drama/Theatre Arts and Stagecraft.,3,Bachelor's Degree,23.0,21.0,1,PS,PS,PS,PS,PS,PS,PS,PS,PS,PS,PS,PS,PS,14066,39775,25491,55399
123554.0,1302,Saint Mary's College of California,"Private, nonprofit",1,5007,Fine and Studio Arts.,3,Bachelor's Degree,8.0,5.0,0,PS,PS,PS,PS,PS,PS,PS,PS,PS,PS,PS,PS,PS,26935,41367,26241,56653
123554.0,1302,Saint Mary's College of California,"Private, nonprofit",1,5009,Music.,3,Bachelor's Degree,0.0,5.0,0,PS,PS,PS,PS,PS,PS,PS,PS,PS,PS,PS,PS,PS,14715,42892,26048,58755
123554.0,1302,Saint Mary's College of California,"Private, nonprofit",1,5010,"Arts, Entertainment, and Media Management.",3,Bachelor's Degree,0.0,0.0,PS,PS,PS,PS,PS,PS,PS,PS,PS,PS,PS,PS,PS,PS,PS,PS,PS,PS
123554.0,1302,Saint Mary's College of California,"Private, nonprofit",1,5099,"Visual and Performing Arts, Other.",3,Bachelor's Degree,0.0,0.0,PS,PS,PS,PS,PS,PS,PS,PS,PS,PS,PS,PS,PS,PS,PS,PS,PS,PS
123554.0,1302,Saint Mary's College of California,"Private, nonprofit",1,5100,"Health Services/Allied Health/Health Sciences, General.",3,Bachelor's Degree,0.0,0.0,PS,PS,PS,PS,PS,PS,PS,PS,PS,PS,PS,PS,PS,PS,PS,PS,PS,PS
123554.0,1302,Saint Mary's College of California,"Private, nonprofit",1,5107,Health and Medical Administrative Services.,3,Bachelor's Degree,0.0,0.0,PS,PS,PS,PS,PS,PS,PS,PS,PS,PS,PS,PS,PS,PS,PS,PS,PS,PS
123554.0,1302,Saint Mary's College of California,"Private, nonprofit",1,5111,Health/Medical Preparatory Programs.,3,Bachelor's Degree,0.0,0.0,PS,PS,PS,PS,PS,PS,PS,PS,PS,PS,PS,PS,PS,PS,PS,PS,PS,PS
123554.0,1302,Saint Mary's College of California,"Private, nonprofit",1,5199,"Health Professions and Related Clinical Sciences, Other.",3,Bachelor's Degree,30.0,28.0,1,21,73418,18,PS,PS,PS,PS,PS,PS,PS,PS,PS,16,4842,68245,47984,89146
123554.0,1302,Saint Mary's College of California,"Private, nonprofit",1,5201,"Business/Commerce, General.",3,Bachelor's Degree,148.0,102.0,6,160,95040,149,77,100921,83,89486,82,100424,78,85865,PS,137,27865,68407,48204,94571
123554.0,1302,Saint Mary's College of California,"Private, nonprofit",1,5201,"Business/Commerce, General.",5,Master's Degree,23.0,1.0,PS,PS,PS,PS,PS,PS,PS,PS,PS,PS,PS,PS,PS,PS,8991,125988,83879,189086
123554.0,1302,Saint Mary's College of California,"Private, nonprofit",1,5201,"Business/Commerce, General.",6,Doctoral Degree,1.0,2.0,PS,PS,PS,PS,PS,PS,PS,PS,PS,PS,PS,PS,PS,PS,PS,PS,PS,PS
123554.0,1302,Saint Mary's College of California,"Private, nonprofit",1,5202,"Business Administration, Management and Operations.",3,Bachelor's Degree,0.0,1.0,PS,PS,PS,PS,PS,PS,PS,PS,PS,PS,PS,PS,PS,PS,183303,68257,47618,93584
123554.0,1302,Saint Mary's College of California,"Private, nonprofit",1,5202,"Business Administration, Management and Operations.",5,Master's Degree,201.0,65.0,9,129,167609,121,47,160440,83,176102,63,168077,66,166318,PS,114,122193,103485,69982,153484
123554.0,1302,Saint Mary's College of California,"Private, nonprofit",1,5203,Accounting and Related Services.,3,Bachelor's Degree,19.0,17.0,1,40,107316,35,20,113899,18,87929,17,113750,21,94170,PS,34,63013,76194,56205,97191
123554.0,1302,Saint Mary's College of California,"Private, nonprofit",1,5203,Accounting and Related Services.,5,Master's Degree,30.0,35.0,1,33,112485,33,PS,PS,PS,PS,17,110392,16,129477,PS,29,21288,95833,74491,118338
123554.0,1302,Saint Mary's College of California,"Private, nonprofit",1,5207,Entrepreneurial and Small Business Operations.,3,Bachelor's Degree,,9.0,,,,,,,,,,,,,,,PS,PS,PS,PS
123554.0,1302,Saint Mary's College of California,"Private, nonprofit",1,5208,Finance and Financial Management Services.,3,Bachelor's Degree,0.0,1.0,PS,PS,PS,PS,PS,PS,PS,PS,PS,PS,PS,PS,PS,PS,43799,83343,60801,111527
123554.0,1302,Saint Mary's College of California,"Private, nonprofit",1,5208,Finance and Financial Management Services.,5,Master's Degree,20.0,16.0,PS,PS,PS,PS,PS,PS,PS,PS,PS,PS,PS,PS,PS,PS,PS,PS,PS,PS
123554.0,1302,Saint Mary's College of California,"Private, nonprofit",1,5211,International Business.,3,Bachelor's Degree,0.0,2.0,PS,PS,PS,PS,PS,PS,PS,PS,PS,PS,PS,PS,PS,PS,PS,PS,PS,PS
123554.0,1302,Saint Mary's College of California,"Private, nonprofit",1,5211,International Business.,5,Master's Degree,0.0,0.0,PS,PS,PS,PS,PS,PS,PS,PS,PS,PS,PS,PS,PS,PS,PS,PS,PS,PS
123554.0,1302,Saint Mary's College of California,"Private, nonprofit",1,5213,Management Sciences and Quantitative Methods.,5,Master's Degree,,11.0,,,,,,,,,,,,,,,PS,PS,PS,PS
123554.0,1302,Saint Mary's College of California,"Private, nonprofit",1,5401,History.,3,Bachelor's Degree,11.0,5.0,1,PS,PS,PS,PS,PS,PS,PS,PS,PS,PS,PS,PS,PS,23671,50680,36330,66736
123572.0,1156,Sonoma State University,Public,1,101,Agricultural Business and Management.,5,Master's Degree,12.0,18.0,0,PS,PS,PS,PS,PS,PS,PS,PS,PS,PS,PS,PS,PS,304,90332,66050,123197
123572.0,1156,Sonoma State University,Public,1,301,Natural Resources Conservation and Research.,3,Bachelor's Degree,21.0,15.0,4,59,62755,50,37,57600,22,68552,23,67274,37,58552,PS,49,15907,55012,39435,72794
123572.0,1156,Sonoma State University,Public,1,502,"Ethnic, Cultural Minority, Gender, and Group Studies.",3,Bachelor's Degree,47.0,34.0,4,32,58913,23,PS,PS,PS,PS,PS,PS,PS,PS,PS,28,5420,51710,34946,68128
123572.0,1156,Sonoma State University,Public,1,901,Communication and Media Studies.,3,Bachelor's Degree,103.0,90.0,7,66,61775,56,34,61208,32,62057,17,62365,49,61626,PS,57,61357,56359,39575,76115
123572.0,1156,Sonoma State University,Public,1,1107,Computer Science.,3,Bachelor's Degree,62.0,50.0,1,35,147502,31,PS,PS,PS,PS,PS,PS,PS,PS,PS,29,28067,107009,74830,152038
123572.0,1156,Sonoma State University,Public,1,1301,"Education, General.",5,Master's Degree,24.0,24.0,1,32,79856,29,PS,PS,PS,PS,PS,PS,PS,PS,PS,29,22487,65824,52724,82084
123572.0,1156,Sonoma State University,Public,1,1304,Educational Administration and Supervision.,5,Master's Degree,7.0,7.0,,,,,,,,,,,,,,,PS,PS,PS,PS
123572.0,1156,Sonoma State University,Public,1,1311,Student Counseling and Personnel Services.,5,Master's Degree,27.0,36.0,3,43,68590,39,26,70126,16,64584,PS,PS,PS,PS,PS,40,15495,60111,48192,74890
123572.0,1156,Sonoma State University,Public,1,1312,"Teacher Education and Professional Development, Specific Levels and Methods.",5,Master's Degree,0.0,0.0,,,,,,,,,,,,,,,PS,PS,PS,PS
123572.0,1156,Sonoma State University,Public,1,1399,"Education, Other.",3,Bachelor's Degree,130.0,89.0,7,49,53496,40,29,44241,19,57803,PS,PS,PS,PS,PS,48,1907,49113,35735,63919
123572.0,1156,Sonoma State University,Public,1,1409,Computer Engineering.,5,Master's Degree,3.0,2.0,,,,,,,,,,,,,,,PS,PS,PS,PS
123572.0,1156,Sonoma State University,Public,1,1410,"Electrical, Electronics, and Communications Engineering.",3,Bachelor's Degree,25.0,20.0,1,PS,PS,PS,PS,PS,PS,PS,PS,PS,PS,PS,PS,PS,16532,100647,84635,122440
123572.0,1156,Sonoma State University,Public,1,1413,Engineering Science.,5,Master's Degree,1.0,0.0,PS,PS,PS,PS,PS,PS,PS,PS,PS,PS,PS,PS,PS,PS,152,123681,95753,166533
123572.0,1156,Sonoma State University,Public,1,1609,"Romance Languages, Literatures, and Linguistics.",3,Bachelor's Degree,53.0,21.0,0,23,58303,20,PS,PS,PS,PS,PS,PS,PS,PS,PS,22,10363,55000,38411,73324
123572.0,1156,Sonoma State University,Public,1,1609,"Romance Languages, Literatures, and Linguistics.",5,Master's Degree,3.0,8.0,0,PS,PS,PS,PS,PS,PS,PS,PS,PS,PS,PS,PS,PS,654,60728,46427,78882
123572.0,1156,Sonoma State University,Public,1,1907,"Human Development, Family Studies, and Related Services.",3,Bachelor's Degree,40.0,26.0,2,56,57628,48,PS,PS,PS,PS,PS,PS,PS,PS,PS,50,15127,48568,35149,62704
123572.0,1156,Sonoma State University,Public,1,2301,"English Language and Literature, General.",3,Bachelor's Degree,81.0,76.0,3,53,55586,47,26,55269,29,60344,PS,PS,PS,PS,16,48,33025,48590,33654,63810
123572.0,1156,Sonoma State University,Public,1,2301,"English Language and Literature, General.",5,Master's Degree,8.0,7.0,1,PS,PS,PS,PS,PS,PS,PS,PS,PS,PS,PS,PS,PS,3708,55512,39177,72721
123572.0,1156,Sonoma State University,Public,1,2401,"Liberal Arts and Sciences, General Studies and Humanities.",3,Bachelor's Degree,137.0,115.0,6,117,58913,99,70,55966,47,59827,PS,PS,PS,PS,29,106,50554,53072,35750,73322
123572.0,1156,Sonoma State University,Public,1,2601,"Biology, General.",3,Bachelor's Degree,86.0,97.0,4,62,73611,54,38,75534,24,66971,22,65601,41,75551,16,53,57101,57214,38929,79199
123572.0,1156,Sonoma State University,Public,1,2601,"Biology, General.",5,Master's Degree,12.0,15.0,0,PS,PS,PS,PS,PS,PS,PS,PS,PS,PS,PS,PS,PS,3962,69830,50928,96355
123572.0,1156,Sonoma State University,Public,1,2602,"Biochemistry, Biophysics and Molecular Biology.",3,Bachelor's Degree,26.0,15.0,0,PS,PS,PS,PS,PS,PS,PS,PS,PS,PS,PS,PS,PS,6319,65466,44889,88432
123572.0,1156,Sonoma State University,Public,1,2701,Mathematics.,3,Bachelor's Degree,18.0,28.0,1,20,63072,17,PS,PS,PS,PS,PS,PS,PS,PS,PS,16,15976,69562,49058,97414
123572.0,1156,Sonoma State University,Public,1,2705,Statistics.,3,Bachelor's Degree,16.0,9.0,1,PS,PS,PS,PS,PS,PS,PS,PS,PS,PS,PS,PS,PS,2476,92425,64564,125467
123572.0,1156,Sonoma State University,Public,1,3012,Historic Preservation and Conservation.,5,Master's Degree,7.0,4.0,1,PS,PS,PS,PS,PS,PS,PS,PS,PS,PS,PS,PS,PS,261,64496,48660,78398
123572.0,1156,Sonoma State University,Public,1,3020,International/Globalization Studies.,3,Bachelor's Degree,4.0,4.0,PS,PS,PS,PS,PS,PS,PS,PS,PS,PS,PS,PS,PS,PS,5436,59972,40760,82911
123572.0,1156,Sonoma State University,Public,1,3099,"Multi/Interdisciplinary Studies, Other.",3,Bachelor's Degree,3.0,1.0,0,PS,PS,PS,PS,PS,PS,PS,PS,PS,PS,PS,PS,PS,27598,55693,40311,72165
123572.0,1156,Sonoma State University,Public,1,3099,"Multi/Interdisciplinary Studies, Other.",5,Master's Degree,0.0,0.0,0,PS,PS,PS,PS,PS,PS,PS,PS,PS,PS,PS,PS,PS,PS,PS,PS,PS
123572.0,1156,Sonoma State University,Public,1,3105,"Sports, Kinesiology, and Physical Education/Fitness.",3,Bachelor's Degree,116.0,80.0,5,42,61799,37,23,57277,19,77470,17,63554,24,61764,19,32,48463,54562,39049,73020
123572.0,1156,Sonoma State University,Public,1,3105,"Sports, Kinesiology, and Physical Education/Fitness.",5,Master's Degree,0.0,0.0,0,PS,PS,PS,PS,PS,PS,PS,PS,PS,PS,PS,PS,PS,9292,62033,47943,80968
123572.0,1156,Sonoma State University,Public,1,3801,Philosophy.,3,Bachelor's Degree,21.0,25.0,1,PS,PS,PS,PS,PS,PS,PS,PS,PS,PS,PS,PS,PS,6085,54455,34926,78043
123572.0,1156,Sonoma State University,Public,1,4001,"Physical Sciences, General.",3,Bachelor's Degree,,1.0,,,,,,,,,,,,,,,PS,PS,PS,PS
123572.0,1156,Sonoma State University,Public,1,4005,Chemistry.,3,Bachelor's Degree,24.0,10.0,2,PS,PS,PS,PS,PS,PS,PS,PS,PS,PS,PS,PS,PS,10453,65120,48307,84018
123572.0,1156,Sonoma State University,Public,1,4006,Geological and Earth Sciences/Geosciences.,3,Bachelor's Degree,13.0,17.0,1,PS,PS,PS,PS,PS,PS,PS,PS,PS,PS,PS,PS,PS,6193,60190,44343,77573
123572.0,1156,Sonoma State University,Public,1,4008,Physics.,3,Bachelor's Degree,8.0,6.0,1,PS,PS,PS,PS,PS,PS,PS,PS,PS,PS,PS,PS,PS,5602,76786,51777,102948
123572.0,1156,Sonoma State University,Public,1,4201,"Psychology, General.",3,Bachelor's Degree,213.0,289.0,11,140,54617,104,92,52192,48,57609,PS,PS,112,55026,36,122,102536,50706,35740,67229
123572.0,1156,Sonoma State University,Public,1,4201,"Psychology, General.",5,Master's Degree,3.0,1.0,2,PS,PS,PS,PS,PS,PS,PS,PS,PS,PS,PS,PS,PS,5527,64711,45967,86199
123572.0,1156,Sonoma State University,Public,1,4301,Criminal Justice and Corrections.,3,Bachelor's Degree,69.0,57.0,2,76,68047,64,49,65253,27,69190,30,60790,46,70146,PS,69,65120,55378,40158,74359
123572.0,1156,Sonoma State University,Public,1,4404,Public Administration.,5,Master's Degree,5.0,13.0,0,PS,PS,PS,PS,PS,PS,PS,PS,PS,PS,PS,PS,PS,13451,81408,60052,109056
123572.0,1156,Sonoma State University,Public,1,4502,Anthropology.,3,Bachelor's Degree,29.0,29.0,5,PS,PS,PS,PS,PS,PS,PS,PS,PS,PS,PS,PS,PS,8303,46676,32056,63905
123572.0,1156,Sonoma State University,Public,1,4506,Economics.,3,Bachelor's Degree,31.0,19.0,1,27,100594,26,PS,PS,PS,PS,PS,PS,PS,PS,PS,23,28744,82686,58184,116323
123572.0,1156,Sonoma State University,Public,1,4507,Geography and Cartography.,3,Bachelor's Degree,73.0,42.0,1,PS,PS,PS,PS,PS,PS,PS,PS,PS,PS,PS,PS,PS,4640,57853,42482,75644
123572.0,1156,Sonoma State University,Public,1,4509,International Relations and National Security Studies.,3,Bachelor's Degree,0.0,0.0,2,PS,PS,PS,PS,PS,PS,PS,PS,PS,PS,PS,PS,PS,8070,66596,46031,87798
123572.0,1156,Sonoma State University,Public,1,4510,Political Science and Government.,3,Bachelor's Degree,42.0,48.0,1,PS,PS,PS,PS,PS,PS,PS,PS,PS,PS,PS,PS,PS,36628,63293,44760,85406
123572.0,1156,Sonoma State University,Public,1,4511,Sociology.,3,Bachelor's Degree,142.0,112.0,11,136,62652,120,82,61636,54,63637,39,63058,98,62523,20,124,31848,52657,37665,69502
123572.0,1156,Sonoma State University,Public,1,5003,Dance.,3,Bachelor's Degree,1.0,1.0,,,,,,,,,,,,,,,PS,PS,PS,PS
123572.0,1156,Sonoma State University,Public,1,5005,Drama/Theatre Arts and Stagecraft.,3,Bachelor's Degree,17.0,16.0,0,17,55622,PS,PS,PS,PS,PS,PS,PS,PS,PS,PS,PS,14066,39775,25491,55399
123572.0,1156,Sonoma State University,Public,1,5006,Film/Video and Photographic Arts.,5,Master's Degree,0.0,0.0,PS,PS,PS,PS,PS,PS,PS,PS,PS,PS,PS,PS,PS,PS,1639,51486,27165,77049
123572.0,1156,Sonoma State University,Public,1,5007,Fine and Studio Arts.,3,Bachelor's Degree,46.0,35.0,2,28,39954,16,PS,PS,PS,PS,PS,PS,PS,PS,PS,20,26935,41367,26241,56653
123572.0,1156,Sonoma State University,Public,1,5009,Music.,3,Bachelor's Degree,33.0,17.0,0,PS,PS,PS,PS,PS,PS,PS,PS,PS,PS,PS,PS,PS,14715,42892,26048,58755
123572.0,1156,Sonoma State University,Public,1,5138,"Registered Nursing, Nursing Administration, Nursing Research and Clinical Nursing.",3,Bachelor's Degree,63.0,54.0,1,77,131431,76,45,130529,32,134267,PS,PS,PS,PS,PS,76,177924,88910,67853,114470
123572.0,1156,Sonoma State University,Public,1,5138,"Registered Nursing, Nursing Administration, Nursing Research and Clinical Nursing.",5,Master's Degree,38.0,38.0,2,40,139432,36,21,129555,19,141968,PS,PS,PS,PS,PS,35,63874,120193,94642,149472
123572.0,1156,Sonoma State University,Public,1,5138,"Registered Nursing, Nursing Administration, Nursing Research and Clinical Nursing.",8,Graduate/Professional Certificate,0.0,0.0,0,PS,PS,PS,PS,PS,PS,PS,PS,PS,PS,PS,PS,PS,PS,PS,PS,PS
123572.0,1156,Sonoma State University,Public,1,5202,"Business Administration, Management and Operations.",3,Bachelor's Degree,421.0,323.0,20,327,80187,292,209,77302,118,88884,165,83804,162,78247,PS,286,183303,68257,47618,93584
123572.0,1156,Sonoma State University,Public,1,5202,"Business Administration, Management and Operations.",5,Master's Degree,41.0,94.0,5,39,98923,35,16,84765,23,117264,16,124847,24,79990,PS,34,122193,103485,69982,153484
123572.0,1156,Sonoma State University,Public,1,5210,Human Resources Management and Services.,5,Master's Degree,0.0,1.0,0,PS,PS,PS,PS,PS,PS,PS,PS,PS,PS,PS,PS,PS,10576,83558,58145,115680
123572.0,1156,Sonoma State University,Public,1,5401,History.,3,Bachelor's Degree,44.0,53.0,3,45,58839,38,PS,PS,PS,PS,24,54756,22,56724,PS,42,23671,50680,36330,66736
123572.0,1156,Sonoma State University,Public,1,5401,History.,5,Master's Degree,5.0,3.0,PS,PS,PS,PS,PS,PS,PS,PS,PS,PS,PS,PS,PS,PS,2810,55360,40544,73546
123651.0,1293,Vanguard University of Southern California,"Private, nonprofit",1,901,Communication and Media Studies.,3,Bachelor's Degree,39.0,27.0,0,33,59961,26,PS,PS,PS,PS,PS,PS,PS,PS,PS,27,61357,56359,39575,76115
123651.0,1293,Vanguard University of Southern California,"Private, nonprofit",1,907,"Radio, Television, and Digital Communication.",3,Bachelor's Degree,,,3,25,48325,18,PS,PS,PS,PS,PS,PS,PS,PS,PS,19,11821,50497,33717,70128
123651.0,1293,Vanguard University of Southern California,"Private, nonprofit",1,1101,"Computer and Information Sciences, General.",3,Bachelor's Degree,0.0,0.0,,,,,,,,,,,,,,,PS,PS,PS,PS
123651.0,1293,Vanguard University of Southern California,"Private, nonprofit",1,1101,"Computer and Information Sciences, General.",5,Master's Degree,0.0,,,,,,,,,,,,,,,,PS,PS,PS,PS
123651.0,1293,Vanguard University of Southern California,"Private, nonprofit",1,1301,"Education, General.",3,Bachelor's Degree,24.0,14.0,1,22,60138,17,PS,PS,PS,PS,PS,PS,PS,PS,PS,20,6941,49808,38641,60792
123651.0,1293,Vanguard University of Southern California,"Private, nonprofit",1,1303,Curriculum and Instruction.,5,Master's Degree,24.0,22.0,0,19,77406,16,PS,PS,PS,PS,PS,PS,PS,PS,PS,18,PS,PS,PS,PS
123651.0,1293,Vanguard University of Southern California,"Private, nonprofit",1,1304,Educational Administration and Supervision.,5,Master's Degree,0.0,0.0,0,PS,PS,PS,PS,PS,PS,PS,PS,PS,PS,PS,PS,PS,PS,PS,PS,PS
123651.0,1293,Vanguard University of Southern California,"Private, nonprofit",1,1312,"Teacher Education and Professional Development, Specific Levels and Methods.",1,Undergraduate Certificate or Diploma,1.0,0.0,PS,PS,PS,PS,PS,PS,PS,PS,PS,PS,PS,PS,PS,PS,PS,PS,PS,PS
123651.0,1293,Vanguard University of Southern California,"Private, nonprofit",1,1312,"Teacher Education and Professional Development, Specific Levels and Methods.",2,Associate's Degree,,,0,PS,PS,PS,PS,PS,PS,PS,PS,PS,PS,PS,PS,PS,9247,37656,24793,49794
123651.0,1293,Vanguard University of Southern California,"Private, nonprofit",1,1312,"Teacher Education and Professional Development, Specific Levels and Methods.",3,Bachelor's Degree,3.0,9.0,0,PS,PS,PS,PS,PS,PS,PS,PS,PS,PS,PS,PS,PS,50018,47382,38431,56096
123651.0,1293,Vanguard University of Southern California,"Private, nonprofit",1,1312,"Teacher Education and Professional Development, Specific Levels and Methods.",8,Graduate/Professional Certificate,35.0,33.0,,,,,,,,,,,,,,,PS,PS,PS,PS
123651.0,1293,Vanguard University of Southern California,"Private, nonprofit",1,1313,"Teacher Education and Professional Development, Specific Subject Areas.",3,Bachelor's Degree,5.0,2.0,0,PS,PS,PS,PS,PS,PS,PS,PS,PS,PS,PS,PS,PS,22867,51389,40539,63098
123651.0,1293,Vanguard University of Southern California,"Private, nonprofit",1,2301,"English Language and Literature, General.",3,Bachelor's Degree,8.0,6.0,1,PS,PS,PS,PS,PS,PS,PS,PS,PS,PS,PS,PS,PS,33025,48590,33654,63810
123651.0,1293,Vanguard University of Southern California,"Private, nonprofit",1,2601,"Biology, General.",3,Bachelor's Degree,16.0,15.0,0,PS,PS,PS,PS,PS,PS,PS,PS,PS,PS,PS,PS,PS,PS,PS,PS,PS
123651.0,1293,Vanguard University of Southern California,"Private, nonprofit",1,2602,"Biochemistry, Biophysics and Molecular Biology.",3,Bachelor's Degree,7.0,2.0,1,PS,PS,PS,PS,PS,PS,PS,PS,PS,PS,PS,PS,PS,PS,PS,PS,PS
123651.0,1293,Vanguard University of Southern California,"Private, nonprofit",1,2612,Biotechnology.,3,Bachelor's Degree,0.0,0.0,,,,,,,,,,,,,,,PS,PS,PS,PS
123651.0,1293,Vanguard University of Southern California,"Private, nonprofit",1,2612,Biotechnology.,5,Master's Degree,0.0,4.0,,,,,,,,,,,,,,,PS,PS,PS,PS
123651.0,1293,Vanguard University of Southern California,"Private, nonprofit",1,2701,Mathematics.,3,Bachelor's Degree,2.0,2.0,0,PS,PS,PS,PS,PS,PS,PS,PS,PS,PS,PS,PS,PS,15976,69562,49058,97414
123651.0,1293,Vanguard University of Southern California,"Private, nonprofit",1,3070,Data Science.,3,Bachelor's Degree,0.0,0.0,,,,,,,,,,,,,,,PS,PS,PS,PS
123651.0,1293,Vanguard University of Southern California,"Private, nonprofit",1,3105,"Sports, Kinesiology, and Physical Education/Fitness.",3,Bachelor's Degree,43.0,50.0,5,40,55233,31,19,51980,19,64446,PS,PS,PS,PS,19,33,48463,54562,39049,73020
123651.0,1293,Vanguard University of Southern California,"Private, nonprofit",1,3802,Religion/Religious Studies.,3,Bachelor's Degree,18.0,15.0,0,PS,PS,PS,PS,PS,PS,PS,PS,PS,PS,PS,PS,PS,5310,41390,20518,65165
123651.0,1293,Vanguard University of Southern California,"Private, nonprofit",1,3902,Bible/Biblical Studies.,3,Bachelor's Degree,1.0,0.0,PS,PS,PS,PS,PS,PS,PS,PS,PS,PS,PS,PS,PS,PS,PS,PS,PS,PS
123651.0,1293,Vanguard University of Southern California,"Private, nonprofit",1,3905,Religious Music and Worship.,3,Bachelor's Degree,1.0,0.0,1,PS,PS,PS,PS,PS,PS,PS,PS,PS,PS,PS,PS,PS,345,41456,26674,54490
123651.0,1293,Vanguard University of Southern California,"Private, nonprofit",1,3906,Theological and Ministerial Studies.,5,Master's Degree,6.0,20.0,1,PS,PS,PS,PS,PS,PS,PS,PS,PS,PS,PS,PS,PS,6997,61300,40587,91229
123651.0,1293,Vanguard University of Southern California,"Private, nonprofit",1,3907,Pastoral Counseling and Specialized Ministries.,3,Bachelor's Degree,0.0,12.0,2,27,47152,20,PS,PS,PS,PS,PS,PS,PS,PS,PS,20,PS,PS,PS,PS
123651.0,1293,Vanguard University of Southern California,"Private, nonprofit",1,3907,Pastoral Counseling and Specialized Ministries.,5,Master's Degree,8.0,43.0,0,PS,PS,PS,PS,PS,PS,PS,PS,PS,PS,PS,PS,PS,719,53024,32488,74113
123651.0,1293,Vanguard University of Southern California,"Private, nonprofit",1,4001,"Physical Sciences, General.",3,Bachelor's Degree,1.0,1.0,,,,,,,,,,,,,,,PS,PS,PS,PS
123651.0,1293,Vanguard University of Southern California,"Private, nonprofit",1,4005,Chemistry.,3,Bachelor's Degree,1.0,6.0,PS,PS,PS,PS,PS,PS,PS,PS,PS,PS,PS,PS,PS,PS,PS,PS,PS,PS
123651.0,1293,Vanguard University of Southern California,"Private, nonprofit",1,4201,"Psychology, General.",3,Bachelor's Degree,69.0,74.0,6,105,53747,84,73,53792,32,51172,31,52798,74,55118,36,96,102536,50706,35740,67229
123651.0,1293,Vanguard University of Southern California,"Private, nonprofit",1,4228,"Clinical, Counseling and Applied Psychology.",5,Master's Degree,61.0,40.0,3,36,61673,29,20,62845,16,61070,PS,PS,PS,PS,PS,30,22438,65184,47881,83770
123651.0,1293,Vanguard University of Southern California,"Private, nonprofit",1,4228,"Clinical, Counseling and Applied Psychology.",8,Graduate/Professional Certificate,12.0,1.0,PS,PS,PS,PS,PS,PS,PS,PS,PS,PS,PS,PS,PS,PS,PS,PS,PS,PS
123651.0,1293,Vanguard University of Southern California,"Private, nonprofit",1,4301,Criminal Justice and Corrections.,3,Bachelor's Degree,,0.0,,,,,,,,,,,,,,,PS,PS,PS,PS
123651.0,1293,Vanguard University of Southern California,"Private, nonprofit",1,4502,Anthropology.,3,Bachelor's Degree,1.0,0.0,1,PS,PS,PS,PS,PS,PS,PS,PS,PS,PS,PS,PS,PS,8303,46676,32056,63905
123651.0,1293,Vanguard University of Southern California,"Private, nonprofit",1,4511,Sociology.,3,Bachelor's Degree,15.0,25.0,1,25,54685,21,PS,PS,PS,PS,PS,PS,PS,PS,PS,19,31848,52657,37665,69502
123651.0,1293,Vanguard University of Southern California,"Private, nonprofit",1,4599,"Social Sciences, Other.",1,Undergraduate Certificate or Diploma,4.0,1.0,PS,PS,PS,PS,PS,PS,PS,PS,PS,PS,PS,PS,PS,PS,PS,PS,PS,PS
123651.0,1293,Vanguard University of Southern California,"Private, nonprofit",1,5005,Drama/Theatre Arts and Stagecraft.,3,Bachelor's Degree,20.0,11.0,1,PS,PS,PS,PS,PS,PS,PS,PS,PS,PS,PS,PS,PS,14066,39775,25491,55399
123651.0,1293,Vanguard University of Southern California,"Private, nonprofit",1,5009,Music.,3,Bachelor's Degree,3.0,7.0,1,PS,PS,PS,PS,PS,PS,PS,PS,PS,PS,PS,PS,PS,PS,PS,PS,PS
123651.0,1293,Vanguard University of Southern California,"Private, nonprofit",1,5111,Health/Medical Preparatory Programs.,3,Bachelor's Degree,,0.0,,,,,,,,,,,,,,,3000,61911,42679,83434
123651.0,1293,Vanguard University of Southern California,"Private, nonprofit",1,5138,"Registered Nursing, Nursing Administration, Nursing Research and Clinical Nursing.",3,Bachelor's Degree,62.0,39.0,2,71,113933,67,45,112703,26,113312,PS,PS,PS,PS,PS,64,177924,88910,67853,114470
123651.0,1293,Vanguard University of Southern California,"Private, nonprofit",1,5138,"Registered Nursing, Nursing Administration, Nursing Research and Clinical Nursing.",5,Master's Degree,27.0,24.0,0,18,154180,18,PS,PS,PS,PS,PS,PS,PS,PS,PS,17,63874,120193,94642,149472
123651.0,1293,Vanguard University of Southern California,"Private, nonprofit",1,5138,"Registered Nursing, Nursing Administration, Nursing Research and Clinical Nursing.",8,Graduate/Professional Certificate,0.0,0.0,PS,PS,PS,PS,PS,PS,PS,PS,PS,PS,PS,PS,PS,PS,PS,PS,PS,PS
123651.0,1293,Vanguard University of Southern California,"Private, nonprofit",1,5202,"Business Administration, Management and Operations.",3,Bachelor's Degree,53.0,60.0,8,111,63226,90,69,60894,42,65476,61,72291,50,53905,PS,88,183303,68257,47618,93584
123651.0,1293,Vanguard University of Southern California,"Private, nonprofit",1,5203,Accounting and Related Services.,3,Bachelor's Degree,7.0,5.0,1,PS,PS,PS,PS,PS,PS,PS,PS,PS,PS,PS,PS,PS,63013,76194,56205,97191
123651.0,1293,Vanguard University of Southern California,"Private, nonprofit",1,5210,Human Resources Management and Services.,8,Graduate/Professional Certificate,5.0,0.0,,,,,,,,,,,,,,,PS,PS,PS,PS
123651.0,1293,Vanguard University of Southern California,"Private, nonprofit",1,5213,Management Sciences and Quantitative Methods.,3,Bachelor's Degree,0.0,1.0,,,,,,,,,,,,,,,PS,PS,PS,PS
123651.0,1293,Vanguard University of Southern California,"Private, nonprofit",1,5214,Marketing.,3,Bachelor's Degree,11.0,10.0,2,20,58515,PS,PS,PS,PS,PS,PS,PS,PS,PS,PS,PS,48162,69303,49728,93152
123651.0,1293,Vanguard University of Southern California,"Private, nonprofit",1,5401,History.,3,Bachelor's Degree,10.0,14.0,0,PS,PS,PS,PS,PS,PS,PS,PS,PS,PS,PS,PS,PS,23671,50680,36330,66736
123952.0,20758,Southern California Institute of Architecture,"Private, nonprofit",1,301,Natural Resources Conservation and Research.,5,Master's Degree,5.0,7.0,PS,PS,PS,PS,PS,PS,PS,PS,PS,PS,PS,PS,PS,PS,PS,PS,PS,PS
123952.0,20758,Southern California Institute of Architecture,"Private, nonprofit",1,402,Architecture.,3,Bachelor's Degree,,,5,36,71955,32,PS,PS,PS,PS,PS,PS,PS,PS,PS,29,4504,66914,54236,78634
123952.0,20758,Southern California Institute of Architecture,"Private, nonprofit",1,402,Architecture.,5,Master's Degree,,,12,76,81583,68,30,77314,46,83666,47,84915,29,78672,PS,41,2395,74139,62872,86117
123952.0,20758,Southern California Institute of Architecture,"Private, nonprofit",1,403,"City/Urban, Community, and Regional Planning.",5,Master's Degree,,8.0,,,,,,,,,,,,,,,PS,PS,PS,PS
123952.0,20758,Southern California Institute of Architecture,"Private, nonprofit",1,409,Architectural Sciences and Technology.,3,Bachelor's Degree,41.0,49.0,PS,PS,PS,PS,PS,PS,PS,PS,PS,PS,PS,PS,PS,PS,1232,70074,55479,86857
123952.0,20758,Southern California Institute of Architecture,"Private, nonprofit",1,409,Architectural Sciences and Technology.,5,Master's Degree,84.0,72.0,PS,PS,PS,PS,PS,PS,PS,PS,PS,PS,PS,PS,PS,PS,PS,PS,PS,PS
123952.0,20758,Southern California Institute of Architecture,"Private, nonprofit",1,1003,Graphic Communications.,5,Master's Degree,11.0,19.0,PS,PS,PS,PS,PS,PS,PS,PS,PS,PS,PS,PS,PS,PS,PS,PS,PS,PS
123952.0,20758,Southern California Institute of Architecture,"Private, nonprofit",1,1306,"Educational Assessment, Evaluation, and Research.",5,Master's Degree,6.0,5.0,PS,PS,PS,PS,PS,PS,PS,PS,PS,PS,PS,PS,PS,PS,PS,PS,PS,PS
123961.0,1328,University of Southern California,"Private, nonprofit",1,301,Natural Resources Conservation and Research.,3,Bachelor's Degree,65.0,47.0,4,37,80254,34,20,81109,17,80503,PS,PS,PS,PS,18,21,15907,55012,39435,72794
123961.0,1328,University of Southern California,"Private, nonprofit",1,301,Natural Resources Conservation and Research.,5,Master's Degree,23.0,25.0,0,PS,PS,PS,PS,PS,PS,PS,PS,PS,PS,PS,PS,PS,2674,74607,55183,98711
123961.0,1328,University of Southern California,"Private, nonprofit",1,402,Architecture.,3,Bachelor's Degree,7.0,14.0,8,113,76673,105,83,75859,30,79370,55,77572,58,73935,25,86,4504,66914,54236,78634
123961.0,1328,University of Southern California,"Private, nonprofit",1,402,Architecture.,5,Master's Degree,0.0,,2,22,81110,21,PS,PS,PS,PS,PS,PS,PS,PS,PS,PS,PS,PS,PS,PS
123961.0,1328,University of Southern California,"Private, nonprofit",1,403,"City/Urban, Community, and Regional Planning.",3,Bachelor's Degree,1.0,,8,100,91200,88,58,88840,42,93222,58,89726,42,95856,33,75,768,66874,50087,86436
123961.0,1328,University of Southern California,"Private, nonprofit",1,403,"City/Urban, Community, and Regional Planning.",5,Master's Degree,36.0,80.0,4,72,95803,68,32,94851,41,98474,44,94762,30,100908,PS,55,1584,79665,64057,98223
123961.0,1328,University of Southern California,"Private, nonprofit",1,403,"City/Urban, Community, and Regional Planning.",6,Doctoral Degree,6.0,6.0,0,PS,PS,PS,PS,PS,PS,PS,PS,PS,PS,PS,PS,PS,72,92533,69857,144713
123961.0,1328,University of Southern California,"Private, nonprofit",1,403,"City/Urban, Community, and Regional Planning.",8,Graduate/Professional Certificate,0.0,,PS,PS,PS,PS,PS,PS,PS,PS,PS,PS,PS,PS,PS,PS,PS,PS,PS,PS
123961.0,1328,University of Southern California,"Private, nonprofit",1,404,Environmental Design.,8,Graduate/Professional Certificate,10.0,22.0,PS,PS,PS,PS,PS,PS,PS,PS,PS,PS,PS,PS,PS,PS,PS,PS,PS,PS
123961.0,1328,University of Southern California,"Private, nonprofit",1,406,Landscape Architecture.,8,Graduate/Professional Certificate,2.0,4.0,PS,PS,PS,PS,PS,PS,PS,PS,PS,PS,PS,PS,PS,PS,PS,PS,PS,PS
123961.0,1328,University of Southern California,"Private, nonprofit",1,408,"Architectural History, Criticism, and Conservation.",8,Graduate/Professional Certificate,0.0,1.0,0,PS,PS,PS,PS,PS,PS,PS,PS,PS,PS,PS,PS,PS,PS,PS,PS,PS
123961.0,1328,University of Southern California,"Private, nonprofit",1,409,Architectural Sciences and Technology.,3,Bachelor's Degree,70.0,65.0,PS,PS,PS,PS,PS,PS,PS,PS,PS,PS,PS,PS,PS,PS,1232,70074,55479,86857
123961.0,1328,University of Southern California,"Private, nonprofit",1,409,Architectural Sciences and Technology.,5,Master's Degree,69.0,87.0,1,PS,PS,PS,PS,PS,PS,PS,PS,PS,PS,PS,PS,PS,1391,77466,64262,90824
123961.0,1328,University of Southern California,"Private, nonprofit",1,409,Architectural Sciences and Technology.,8,Graduate/Professional Certificate,3.0,6.0,0,PS,PS,PS,PS,PS,PS,PS,PS,PS,PS,PS,PS,PS,PS,PS,PS,PS
123961.0,1328,University of Southern California,"Private, nonprofit",1,410,Real Estate Development.,3,Bachelor's Degree,100.0,95.0,0,PS,PS,PS,PS,PS,PS,PS,PS,PS,PS,PS,PS,PS,53,106061,PS,135196
123961.0,1328,University of Southern California,"Private, nonprofit",1,410,Real Estate Development.,5,Master's Degree,29.0,25.0,2,27,192849,25,PS,PS,PS,PS,PS,PS,PS,PS,PS,20,195,124997,76591,186247
123961.0,1328,University of Southern California,"Private, nonprofit",1,410,Real Estate Development.,8,Graduate/Professional Certificate,12.0,12.0,0,PS,PS,PS,PS,PS,PS,PS,PS,PS,PS,PS,PS,PS,PS,PS,PS,PS
123961.0,1328,University of Southern California,"Private, nonprofit",1,499,"Architecture and Related Services, Other.",5,Master's Degree,4.0,1.0,0,PS,PS,PS,PS,PS,PS,PS,PS,PS,PS,PS,PS,PS,74,71757,60476,81750
123961.0,1328,University of Southern California,"Private, nonprofit",1,501,Area Studies.,3,Bachelor's Degree,14.0,12.0,0,24,66870,20,PS,PS,PS,PS,PS,PS,PS,PS,PS,16,3737,56625,37190,78481
123961.0,1328,University of Southern California,"Private, nonprofit",1,501,Area Studies.,5,Master's Degree,8.0,15.0,1,PS,PS,PS,PS,PS,PS,PS,PS,PS,PS,PS,PS,PS,720,68936,45626,99104
123961.0,1328,University of Southern California,"Private, nonprofit",1,501,Area Studies.,6,Doctoral Degree,2.0,9.0,0,PS,PS,PS,PS,PS,PS,PS,PS,PS,PS,PS,PS,PS,188,69249,48234,97926
123961.0,1328,University of Southern California,"Private, nonprofit",1,501,Area Studies.,8,Graduate/Professional Certificate,0.0,3.0,PS,PS,PS,PS,PS,PS,PS,PS,PS,PS,PS,PS,PS,PS,PS,PS,PS,PS
123961.0,1328,University of Southern California,"Private, nonprofit",1,502,"Ethnic, Cultural Minority, Gender, and Group Studies.",3,Bachelor's Degree,10.0,10.0,1,16,54012,PS,PS,PS,PS,PS,PS,PS,PS,PS,PS,PS,5420,51710,34946,68128
123961.0,1328,University of Southern California,"Private, nonprofit",1,502,"Ethnic, Cultural Minority, Gender, and Group Studies.",8,Graduate/Professional Certificate,6.0,11.0,0,PS,PS,PS,PS,PS,PS,PS,PS,PS,PS,PS,PS,PS,90,63168,51778,86900
123961.0,1328,University of Southern California,"Private, nonprofit",1,901,Communication and Media Studies.,3,Bachelor's Degree,326.0,269.0,25,254,77431,213,146,71123,108,84824,63,77230,191,77125,49,201,61357,56359,39575,76115
123961.0,1328,University of Southern California,"Private, nonprofit",1,901,Communication and Media Studies.,5,Master's Degree,242.0,315.0,15,204,96903,185,84,100361,120,95793,46,108673,157,94902,PS,139,4101,71953,51074,99548
123961.0,1328,University of Southern California,"Private, nonprofit",1,901,Communication and Media Studies.,6,Doctoral Degree,13.0,19.0,1,18,90695,18,PS,PS,PS,PS,PS,PS,PS,PS,PS,PS,505,77931,63649,102203
123961.0,1328,University of Southern California,"Private, nonprofit",1,901,Communication and Media Studies.,8,Graduate/Professional Certificate,4.0,6.0,1,PS,PS,PS,PS,PS,PS,PS,PS,PS,PS,PS,PS,PS,192,85397,66484,116994
123961.0,1328,University of Southern California,"Private, nonprofit",1,904,Journalism.,3,Bachelor's Degree,92.0,97.0,2,73,73113,60,32,78398,40,68276,20,69229,52,75602,PS,48,13928,56278,40588,73923
123961.0,1328,University of Southern California,"Private, nonprofit",1,904,Journalism.,5,Master's Degree,88.0,72.0,5,66,75829,57,PS,PS,35,86668,19,83650,49,75216,PS,40,1366,69034,49344,90647
123961.0,1328,University of Southern California,"Private, nonprofit",1,904,Journalism.,8,Graduate/Professional Certificate,0.0,,PS,PS,PS,PS,PS,PS,PS,PS,PS,PS,PS,PS,PS,PS,PS,PS,PS,PS
123961.0,1328,University of Southern California,"Private, nonprofit",1,907,"Radio, Television, and Digital Communication.",5,Master's Degree,56.0,165.0,1,PS,PS,PS,PS,PS,PS,PS,PS,PS,PS,PS,PS,PS,1207,75972,53409,104151
123961.0,1328,University of Southern California,"Private, nonprofit",1,909,"Public Relations, Advertising, and Applied Communication.",3,Bachelor's Degree,77.0,80.0,5,77,70555,63,42,69369,35,79457,PS,PS,PS,PS,PS,57,17967,63560,45857,83689
123961.0,1328,University of Southern California,"Private, nonprofit",1,909,"Public Relations, Advertising, and Applied Communication.",5,Master's Degree,101.0,195.0,4,38,76312,31,PS,PS,PS,PS,PS,PS,PS,PS,PS,29,2418,80125,56433,109561
123961.0,1328,University of Southern California,"Private, nonprofit",1,999,"Communication, Journalism, and Related Programs, Other.",8,Graduate/Professional Certificate,0.0,,PS,PS,PS,PS,PS,PS,PS,PS,PS,PS,PS,PS,PS,PS,PS,PS,PS,PS
123961.0,1328,University of Southern California,"Private, nonprofit",1,1003,Graphic Communications.,5,Master's Degree,,14.0,,,,,,,,,,,,,,,PS,PS,PS,PS
123961.0,1328,University of Southern California,"Private, nonprofit",1,1101,"Computer and Information Sciences, General.",3,Bachelor's Degree,18.0,28.0,PS,PS,PS,PS,PS,PS,PS,PS,PS,PS,PS,PS,PS,PS,PS,PS,PS,PS
123961.0,1328,University of Southern California,"Private, nonprofit",1,1101,"Computer and Information Sciences, General.",5,Master's Degree,203.0,357.0,0,PS,PS,PS,PS,PS,PS,PS,PS,PS,PS,PS,PS,PS,5870,124201,87810,176258
123961.0,1328,University of Southern California,"Private, nonprofit",1,1101,"Computer and Information Sciences, General.",8,Graduate/Professional Certificate,0.0,,PS,PS,PS,PS,PS,PS,PS,PS,PS,PS,PS,PS,PS,PS,PS,PS,PS,PS
123961.0,1328,University of Southern California,"Private, nonprofit",1,1104,Information Science/Studies.,5,Master's Degree,,9.0,,,,,,,,,,,,,,,PS,PS,PS,PS
123961.0,1328,University of Southern California,"Private, nonprofit",1,1107,Computer Science.,3,Bachelor's Degree,287.0,305.0,7,90,180906,85,55,167998,34,186340,61,180712,28,186290,PS,56,28067,107009,74830,152038
123961.0,1328,University of Southern California,"Private, nonprofit",1,1107,Computer Science.,5,Master's Degree,690.0,1185.0,2,54,207395,51,21,207668,32,208432,PS,PS,PS,PS,PS,33,2450,145571,108475,208641
123961.0,1328,University of Southern California,"Private, nonprofit",1,1107,Computer Science.,6,Doctoral Degree,38.0,53.0,1,PS,PS,PS,PS,PS,PS,PS,PS,PS,PS,PS,PS,PS,304,178476,122550,261974
123961.0,1328,University of Southern California,"Private, nonprofit",1,1108,Computer Software and Media Applications.,3,Bachelor's Degree,32.0,36.0,3,30,165219,29,PS,PS,PS,PS,PS,PS,PS,PS,PS,20,3796,58894,35549,88211
123961.0,1328,University of Southern California,"Private, nonprofit",1,1108,Computer Software and Media Applications.,5,Master's Degree,56.0,110.0,0,PS,PS,PS,PS,PS,PS,PS,PS,PS,PS,PS,PS,PS,1236,120083,84035,163199
123961.0,1328,University of Southern California,"Private, nonprofit",1,1108,Computer Software and Media Applications.,8,Graduate/Professional Certificate,,2.0,,,,,,,,,,,,,,,PS,PS,PS,PS
123961.0,1328,University of Southern California,"Private, nonprofit",1,1109,Computer Systems Networking and Telecommunications.,5,Master's Degree,1.0,1.0,PS,PS,PS,PS,PS,PS,PS,PS,PS,PS,PS,PS,PS,PS,233,114420,77629,165189
123961.0,1328,University of Southern California,"Private, nonprofit",1,1110,Computer/Information Technology Administration and Management.,5,Master's Degree,13.0,35.0,0,PS,PS,PS,PS,PS,PS,PS,PS,PS,PS,PS,PS,PS,4049,121855,87003,163279
123961.0,1328,University of Southern California,"Private, nonprofit",1,1301,"Education, General.",3,Bachelor's Degree,0.0,,PS,PS,PS,PS,PS,PS,PS,PS,PS,PS,PS,PS,PS,PS,PS,PS,PS,PS
123961.0,1328,University of Southern California,"Private, nonprofit",1,1304,Educational Administration and Supervision.,5,Master's Degree,80.0,80.0,1,86,76818,82,45,77857,41,73544,27,80320,59,73874,PS,66,32412,71685,57739,90151
123961.0,1328,University of Southern California,"Private, nonprofit",1,1304,Educational Administration and Supervision.,6,Doctoral Degree,289.0,313.0,3,225,127355,214,105,119210,120,137146,90,137100,135,120234,PS,185,7878,100573,76116,135360
123961.0,1328,University of Southern California,"Private, nonprofit",1,1306,"Educational Assessment, Evaluation, and Research.",5,Master's Degree,24.0,21.0,1,PS,PS,PS,PS,PS,PS,PS,PS,PS,PS,PS,PS,PS,458,66232,50795,88155
123961.0,1328,University of Southern California,"Private, nonprofit",1,1306,"Educational Assessment, Evaluation, and Research.",8,Graduate/Professional Certificate,24.0,9.0,,,,,,,,,,,,,,,PS,PS,PS,PS
123961.0,1328,University of Southern California,"Private, nonprofit",1,1310,Special Education and Teaching.,8,Graduate/Professional Certificate,30.0,24.0,3,48,66583,44,29,63503,19,70609,PS,PS,PS,PS,PS,34,904,69147,53853,82489
123961.0,1328,University of Southern California,"Private, nonprofit",1,1311,Student Counseling and Personnel Services.,5,Master's Degree,182.0,204.0,0,31,82260,31,PS,PS,PS,PS,PS,PS,PS,PS,PS,29,15495,60111,48192,74890
123961.0,1328,University of Southern California,"Private, nonprofit",1,1311,Student Counseling and Personnel Services.,8,Graduate/Professional Certificate,1.0,4.0,PS,PS,PS,PS,PS,PS,PS,PS,PS,PS,PS,PS,PS,PS,PS,PS,PS,PS
123961.0,1328,University of Southern California,"Private, nonprofit",1,1312,"Teacher Education and Professional Development, Specific Levels and Methods.",5,Master's Degree,0.0,,0,PS,PS,PS,PS,PS,PS,PS,PS,PS,PS,PS,PS,PS,PS,PS,PS,PS
123961.0,1328,University of Southern California,"Private, nonprofit",1,1312,"Teacher Education and Professional Development, Specific Levels and Methods.",8,Graduate/Professional Certificate,0.0,,PS,PS,PS,PS,PS,PS,PS,PS,PS,PS,PS,PS,PS,PS,PS,PS,PS,PS
123961.0,1328,University of Southern California,"Private, nonprofit",1,1313,"Teacher Education and Professional Development, Specific Subject Areas.",5,Master's Degree,387.0,252.0,38,329,65143,291,178,64978,151,65359,90,66120,239,64817,47,221,19074,63707,51487,78905
123961.0,1328,University of Southern California,"Private, nonprofit",1,1313,"Teacher Education and Professional Development, Specific Subject Areas.",8,Graduate/Professional Certificate,0.0,,PS,PS,PS,PS,PS,PS,PS,PS,PS,PS,PS,PS,PS,PS,PS,PS,PS,PS
123961.0,1328,University of Southern California,"Private, nonprofit",1,1314,Teaching English or French as a Second or Foreign Language.,5,Master's Degree,79.0,103.0,27,77,58536,61,36,58054,41,58199,23,61464,54,57640,PS,39,2991,65767,49386,82810
123961.0,1328,University of Southern California,"Private, nonprofit",1,1399,"Education, Other.",6,Doctoral Degree,14.0,20.0,0,PS,PS,PS,PS,PS,PS,PS,PS,PS,PS,PS,PS,PS,550,90635,65855,121183
123961.0,1328,University of Southern California,"Private, nonprofit",1,1401,"Engineering, General.",3,Bachelor's Degree,,,1,38,102373,35,16,100256,22,103736,PS,PS,PS,PS,37,22,3262,89359,73449,108835
123961.0,1328,University of Southern California,"Private, nonprofit",1,1402,"Aerospace, Aeronautical, and Astronautical/Space Engineering.",3,Bachelor's Degree,49.0,55.0,1,47,113915,44,31,110168,16,119145,29,110766,18,111608,21,32,3795,98207,81638,115917
123961.0,1328,University of Southern California,"Private, nonprofit",1,1402,"Aerospace, Aeronautical, and Astronautical/Space Engineering.",5,Master's Degree,114.0,141.0,3,62,142250,58,23,150871,38,131745,PS,PS,PS,PS,PS,38,1079,122434,103582,146717
123961.0,1328,University of Southern California,"Private, nonprofit",1,1402,"Aerospace, Aeronautical, and Astronautical/Space Engineering.",6,Doctoral Degree,6.0,2.0,0,PS,PS,PS,PS,PS,PS,PS,PS,PS,PS,PS,PS,PS,163,138660,119925,160608
123961.0,1328,University of Southern California,"Private, nonprofit",1,1402,"Aerospace, Aeronautical, and Astronautical/Space Engineering.",8,Graduate/Professional Certificate,1.0,4.0,0,PS,PS,PS,PS,PS,PS,PS,PS,PS,PS,PS,PS,PS,PS,PS,PS,PS
123961.0,1328,University of Southern California,"Private, nonprofit",1,1405,Biomedical/Medical Engineering.,3,Bachelor's Degree,56.0,52.0,3,62,112503,58,37,108262,26,118437,32,112575,31,111331,38,48,5726,93451,74134,113859
123961.0,1328,University of Southern California,"Private, nonprofit",1,1405,Biomedical/Medical Engineering.,5,Master's Degree,41.0,54.0,2,51,119617,50,20,104644,31,122875,PS,PS,PS,PS,17,39,1704,106375,84793,130445
123961.0,1328,University of Southern California,"Private, nonprofit",1,1405,Biomedical/Medical Engineering.,6,Doctoral Degree,15.0,19.0,0,PS,PS,PS,PS,PS,PS,PS,PS,PS,PS,PS,PS,PS,590,131848,93154,174349
123961.0,1328,University of Southern California,"Private, nonprofit",1,1407,Chemical Engineering.,3,Bachelor's Degree,36.0,41.0,1,60,106401,55,35,103879,25,106203,38,109413,22,105525,21,36,10079,98158,80300,117974
123961.0,1328,University of Southern California,"Private, nonprofit",1,1407,Chemical Engineering.,5,Master's Degree,12.0,34.0,2,PS,PS,PS,PS,PS,PS,PS,PS,PS,PS,PS,PS,PS,710,115468,92260,139894
123961.0,1328,University of Southern California,"Private, nonprofit",1,1407,Chemical Engineering.,6,Doctoral Degree,10.0,7.0,0,PS,PS,PS,PS,PS,PS,PS,PS,PS,PS,PS,PS,PS,415,141187,110318,181849
123961.0,1328,University of Southern California,"Private, nonprofit",1,1408,Civil Engineering.,3,Bachelor's Degree,34.0,28.0,1,51,116779,49,32,119870,19,111425,28,111767,23,126731,19,43,15798,86517,73883,101174
123961.0,1328,University of Southern California,"Private, nonprofit",1,1408,Civil Engineering.,5,Master's Degree,37.0,35.0,1,34,110412,34,PS,PS,PS,PS,PS,PS,PS,PS,PS,27,3258,98323,84186,116108
123961.0,1328,University of Southern California,"Private, nonprofit",1,1408,Civil Engineering.,6,Doctoral Degree,8.0,6.0,PS,PS,PS,PS,PS,PS,PS,PS,PS,PS,PS,PS,PS,PS,293,110980,87489,147569
123961.0,1328,University of Southern California,"Private, nonprofit",1,1408,Civil Engineering.,8,Graduate/Professional Certificate,0.0,1.0,PS,PS,PS,PS,PS,PS,PS,PS,PS,PS,PS,PS,PS,PS,PS,PS,PS,PS
123961.0,1328,University of Southern California,"Private, nonprofit",1,1409,Computer Engineering.,3,Bachelor's Degree,45.0,34.0,2,28,161292,28,PS,PS,PS,PS,PS,PS,PS,PS,PS,21,10329,109015,86299,145170
123961.0,1328,University of Southern California,"Private, nonprofit",1,1409,Computer Engineering.,5,Master's Degree,46.0,79.0,0,PS,PS,PS,PS,PS,PS,PS,PS,PS,PS,PS,PS,PS,1249,136736,108298,186553
123961.0,1328,University of Southern California,"Private, nonprofit",1,1409,Computer Engineering.,6,Doctoral Degree,1.0,3.0,PS,PS,PS,PS,PS,PS,PS,PS,PS,PS,PS,PS,PS,PS,PS,PS,PS,PS
123961.0,1328,University of Southern California,"Private, nonprofit",1,1409,Computer Engineering.,8,Graduate/Professional Certificate,0.0,,PS,PS,PS,PS,PS,PS,PS,PS,PS,PS,PS,PS,PS,PS,PS,PS,PS,PS
123961.0,1328,University of Southern California,"Private, nonprofit",1,1410,"Electrical, Electronics, and Communications Engineering.",3,Bachelor's Degree,18.0,6.0,2,87,123215,85,55,119375,32,138114,PS,PS,PS,PS,38,64,16532,100647,84635,122440
123961.0,1328,University of Southern California,"Private, nonprofit",1,1410,"Electrical, Electronics, and Communications Engineering.",5,Master's Degree,250.0,409.0,3,73,144597,73,36,136319,37,144689,PS,PS,PS,PS,20,45,3090,133654,107420,171817
123961.0,1328,University of Southern California,"Private, nonprofit",1,1410,"Electrical, Electronics, and Communications Engineering.",6,Doctoral Degree,37.0,45.0,0,PS,PS,PS,PS,PS,PS,PS,PS,PS,PS,PS,PS,PS,431,157305,129276,205872
123961.0,1328,University of Southern California,"Private, nonprofit",1,1412,Engineering Physics.,5,Master's Degree,,1.0,,,,,,,,,,,,,,,PS,PS,PS,PS
123961.0,1328,University of Southern California,"Private, nonprofit",1,1414,Environmental/Environmental Health Engineering.,3,Bachelor's Degree,14.0,6.0,0,PS,PS,PS,PS,PS,PS,PS,PS,PS,PS,PS,PS,PS,1579,81171,68911,95232
123961.0,1328,University of Southern California,"Private, nonprofit",1,1414,Environmental/Environmental Health Engineering.,5,Master's Degree,20.0,20.0,0,PS,PS,PS,PS,PS,PS,PS,PS,PS,PS,PS,PS,PS,536,92629,80359,115950
123961.0,1328,University of Southern California,"Private, nonprofit",1,1414,Environmental/Environmental Health Engineering.,6,Doctoral Degree,6.0,5.0,0,PS,PS,PS,PS,PS,PS,PS,PS,PS,PS,PS,PS,PS,69,107112,81902,152802
123961.0,1328,University of Southern California,"Private, nonprofit",1,1418,Materials Engineering.,5,Master's Degree,18.0,24.0,1,PS,PS,PS,PS,PS,PS,PS,PS,PS,PS,PS,PS,PS,476,112282,92894,138293
123961.0,1328,University of Southern California,"Private, nonprofit",1,1419,Mechanical Engineering.,3,Bachelor's Degree,119.0,101.0,6,97,107591,91,50,109290,47,106727,73,108354,24,92267,34,69,36057,92135,77715,109121
123961.0,1328,University of Southern California,"Private, nonprofit",1,1419,Mechanical Engineering.,5,Master's Degree,102.0,139.0,1,48,128483,47,20,132739,28,126832,PS,PS,PS,PS,PS,29,3775,115974,97429,140629
123961.0,1328,University of Southern California,"Private, nonprofit",1,1419,Mechanical Engineering.,6,Doctoral Degree,16.0,8.0,1,PS,PS,PS,PS,PS,PS,PS,PS,PS,PS,PS,PS,PS,PS,PS,PS,PS
123961.0,1328,University of Southern California,"Private, nonprofit",1,1425,Petroleum Engineering.,5,Master's Degree,19.0,9.0,2,17,120257,17,PS,PS,PS,PS,PS,PS,PS,PS,PS,PS,130,147771,109681,209330
123961.0,1328,University of Southern California,"Private, nonprofit",1,1425,Petroleum Engineering.,6,Doctoral Degree,2.0,4.0,PS,PS,PS,PS,PS,PS,PS,PS,PS,PS,PS,PS,PS,PS,PS,PS,PS,PS
123961.0,1328,University of Southern California,"Private, nonprofit",1,1425,Petroleum Engineering.,8,Graduate/Professional Certificate,0.0,,PS,PS,PS,PS,PS,PS,PS,PS,PS,PS,PS,PS,PS,PS,PS,PS,PS,PS
123961.0,1328,University of Southern California,"Private, nonprofit",1,1427,Systems Engineering.,5,Master's Degree,38.0,43.0,0,18,163073,18,PS,PS,PS,PS,PS,PS,PS,PS,PS,PS,1290,144565,117436,177515
123961.0,1328,University of Southern California,"Private, nonprofit",1,1427,Systems Engineering.,8,Graduate/Professional Certificate,8.0,8.0,0,PS,PS,PS,PS,PS,PS,PS,PS,PS,PS,PS,PS,PS,61,148730,124652,185038
123961.0,1328,University of Southern California,"Private, nonprofit",1,1433,Construction Engineering.,5,Master's Degree,,13.0,,,,,,,,,,,,,,,PS,PS,PS,PS
123961.0,1328,University of Southern California,"Private, nonprofit",1,1435,Industrial Engineering.,3,Bachelor's Degree,57.0,71.0,3,66,137590,63,30,131300,36,140748,34,122138,32,141862,PS,45,4636,98442,81158,121691
123961.0,1328,University of Southern California,"Private, nonprofit",1,1435,Industrial Engineering.,5,Master's Degree,20.0,35.0,1,PS,PS,PS,PS,PS,PS,PS,PS,PS,PS,PS,PS,PS,758,119184,96708,151168
123961.0,1328,University of Southern California,"Private, nonprofit",1,1435,Industrial Engineering.,6,Doctoral Degree,6.0,12.0,0,PS,PS,PS,PS,PS,PS,PS,PS,PS,PS,PS,PS,PS,71,137148,109279,186994
123961.0,1328,University of Southern California,"Private, nonprofit",1,1436,Manufacturing Engineering.,5,Master's Degree,0.0,,PS,PS,PS,PS,PS,PS,PS,PS,PS,PS,PS,PS,PS,PS,PS,PS,PS,PS
123961.0,1328,University of Southern California,"Private, nonprofit",1,1437,Operations Research.,5,Master's Degree,10.0,21.0,0,PS,PS,PS,PS,PS,PS,PS,PS,PS,PS,PS,PS,PS,93,161561,113759,210810
123961.0,1328,University of Southern California,"Private, nonprofit",1,1447,Electrical and Computer Engineering.,3,Bachelor's Degree,27.0,59.0,PS,PS,PS,PS,PS,PS,PS,PS,PS,PS,PS,PS,PS,PS,PS,PS,PS,PS
123961.0,1328,University of Southern California,"Private, nonprofit",1,1447,Electrical and Computer Engineering.,5,Master's Degree,21.0,49.0,PS,PS,PS,PS,PS,PS,PS,PS,PS,PS,PS,PS,PS,PS,PS,PS,PS,PS
123961.0,1328,University of Southern California,"Private, nonprofit",1,1499,"Engineering, Other.",5,Master's Degree,152.0,216.0,4,43,143002,43,22,143331,21,146732,PS,PS,PS,PS,PS,31,809,129974,100673,169304
123961.0,1328,University of Southern California,"Private, nonprofit",1,1499,"Engineering, Other.",8,Graduate/Professional Certificate,0.0,,0,PS,PS,PS,PS,PS,PS,PS,PS,PS,PS,PS,PS,PS,35,96828,73721,130362
123961.0,1328,University of Southern California,"Private, nonprofit",1,1502,Civil Engineering Technologies/Technicians.,5,Master's Degree,15.0,13.0,PS,PS,PS,PS,PS,PS,PS,PS,PS,PS,PS,PS,PS,PS,PS,PS,PS,PS
123961.0,1328,University of Southern California,"Private, nonprofit",1,1504,Electromechanical Technologies/Technicians.,5,Master's Degree,3.0,5.0,,,,,,,,,,,,,,,PS,PS,PS,PS
123961.0,1328,University of Southern California,"Private, nonprofit",1,1515,Engineering-Related Fields.,3,Bachelor's Degree,24.0,29.0,PS,PS,PS,PS,PS,PS,PS,PS,PS,PS,PS,PS,PS,PS,1839,89619,71039,110158
123961.0,1328,University of Southern California,"Private, nonprofit",1,1515,Engineering-Related Fields.,5,Master's Degree,6.0,87.0,,,,,,,,,,,,,,,PS,PS,PS,PS
123961.0,1328,University of Southern California,"Private, nonprofit",1,1601,"Linguistic, Comparative, and Related Language Studies and Services.",3,Bachelor's Degree,18.0,20.0,5,PS,PS,PS,PS,PS,PS,PS,PS,PS,PS,PS,PS,PS,4565,49984,32888,69881
123961.0,1328,University of Southern California,"Private, nonprofit",1,1601,"Linguistic, Comparative, and Related Language Studies and Services.",5,Master's Degree,7.0,13.0,0,PS,PS,PS,PS,PS,PS,PS,PS,PS,PS,PS,PS,PS,640,58093,39746,79896
123961.0,1328,University of Southern California,"Private, nonprofit",1,1601,"Linguistic, Comparative, and Related Language Studies and Services.",6,Doctoral Degree,8.0,15.0,1,PS,PS,PS,PS,PS,PS,PS,PS,PS,PS,PS,PS,PS,250,77285,53697,110956
123961.0,1328,University of Southern California,"Private, nonprofit",1,1601,"Linguistic, Comparative, and Related Language Studies and Services.",8,Graduate/Professional Certificate,7.0,2.0,PS,PS,PS,PS,PS,PS,PS,PS,PS,PS,PS,PS,PS,PS,PS,PS,PS,PS
123961.0,1328,University of Southern California,"Private, nonprofit",1,1603,"East Asian Languages, Literatures, and Linguistics.",3,Bachelor's Degree,19.0,22.0,6,PS,PS,PS,PS,PS,PS,PS,PS,PS,PS,PS,PS,PS,1249,51642,32068,74398
123961.0,1328,University of Southern California,"Private, nonprofit",1,1603,"East Asian Languages, Literatures, and Linguistics.",5,Master's Degree,0.0,,PS,PS,PS,PS,PS,PS,PS,PS,PS,PS,PS,PS,PS,PS,PS,PS,PS,PS
123961.0,1328,University of Southern California,"Private, nonprofit",1,1603,"East Asian Languages, Literatures, and Linguistics.",6,Doctoral Degree,0.0,1.0,0,PS,PS,PS,PS,PS,PS,PS,PS,PS,PS,PS,PS,PS,PS,PS,PS,PS
123961.0,1328,University of Southern California,"Private, nonprofit",1,1604,"Slavic, Baltic and Albanian Languages, Literatures, and Linguistics.",3,Bachelor's Degree,0.0,1.0,PS,PS,PS,PS,PS,PS,PS,PS,PS,PS,PS,PS,PS,PS,352,62169,41735,85130
123961.0,1328,University of Southern California,"Private, nonprofit",1,1604,"Slavic, Baltic and Albanian Languages, Literatures, and Linguistics.",5,Master's Degree,3.0,2.0,PS,PS,PS,PS,PS,PS,PS,PS,PS,PS,PS,PS,PS,PS,PS,PS,PS,PS
123961.0,1328,University of Southern California,"Private, nonprofit",1,1604,"Slavic, Baltic and Albanian Languages, Literatures, and Linguistics.",6,Doctoral Degree,3.0,,PS,PS,PS,PS,PS,PS,PS,PS,PS,PS,PS,PS,PS,PS,PS,PS,PS,PS
123961.0,1328,University of Southern California,"Private, nonprofit",1,1609,"Romance Languages, Literatures, and Linguistics.",3,Bachelor's Degree,40.0,33.0,4,24,66550,18,PS,PS,PS,PS,PS,PS,PS,PS,PS,18,10363,55000,38411,73324
123961.0,1328,University of Southern California,"Private, nonprofit",1,1609,"Romance Languages, Literatures, and Linguistics.",6,Doctoral Degree,0.0,,PS,PS,PS,PS,PS,PS,PS,PS,PS,PS,PS,PS,PS,PS,PS,PS,PS,PS
123961.0,1328,University of Southern California,"Private, nonprofit",1,1612,"Classics and Classical Languages, Literatures, and Linguistics.",3,Bachelor's Degree,8.0,2.0,0,PS,PS,PS,PS,PS,PS,PS,PS,PS,PS,PS,PS,PS,813,49429,32066,67794
123961.0,1328,University of Southern California,"Private, nonprofit",1,1612,"Classics and Classical Languages, Literatures, and Linguistics.",5,Master's Degree,1.0,4.0,PS,PS,PS,PS,PS,PS,PS,PS,PS,PS,PS,PS,PS,PS,PS,PS,PS,PS
123961.0,1328,University of Southern California,"Private, nonprofit",1,1612,"Classics and Classical Languages, Literatures, and Linguistics.",6,Doctoral Degree,3.0,2.0,0,PS,PS,PS,PS,PS,PS,PS,PS,PS,PS,PS,PS,PS,80,66710,45559,92190
123961.0,1328,University of Southern California,"Private, nonprofit",1,1907,"Human Development, Family Studies, and Related Services.",5,Master's Degree,,,,,,,,,,,,,,,,,1559,58524,44949,74359
123961.0,1328,University of Southern California,"Private, nonprofit",1,2201,Law.,6,Doctoral Degree,,,1,PS,PS,PS,PS,PS,PS,PS,PS,PS,PS,PS,PS,PS,5584,105518,75697,161837
123961.0,1328,University of Southern California,"Private, nonprofit",1,2201,Law.,7,First Professional Degree,213.0,181.0,13,274,199180,266,72,204043,203,197287,143,195838,131,204742,47,235,40183,107773,75568,176111
123961.0,1328,University of Southern California,"Private, nonprofit",1,2202,Legal Research and Advanced Professional Studies.,5,Master's Degree,621.0,522.0,4,26,80312,22,PS,PS,PS,PS,PS,PS,PS,PS,PS,20,2905,101000,62617,153946
123961.0,1328,University of Southern California,"Private, nonprofit",1,2202,Legal Research and Advanced Professional Studies.,8,Graduate/Professional Certificate,303.0,218.0,1,PS,PS,PS,PS,PS,PS,PS,PS,PS,PS,PS,PS,PS,132,114740,77392,187161
123961.0,1328,University of Southern California,"Private, nonprofit",1,2299,"Legal Professions and Studies, Other.",8,Graduate/Professional Certificate,399.0,307.0,3,49,178778,47,PS,PS,PS,PS,30,169447,19,205820,PS,43,168,138247,81986,247876
123961.0,1328,University of Southern California,"Private, nonprofit",1,2301,"English Language and Literature, General.",3,Bachelor's Degree,27.0,15.0,3,38,57930,33,PS,PS,PS,PS,PS,PS,PS,PS,17,30,33025,48590,33654,63810
123961.0,1328,University of Southern California,"Private, nonprofit",1,2301,"English Language and Literature, General.",5,Master's Degree,4.0,10.0,0,PS,PS,PS,PS,PS,PS,PS,PS,PS,PS,PS,PS,PS,3708,55512,39177,72721
123961.0,1328,University of Southern California,"Private, nonprofit",1,2301,"English Language and Literature, General.",6,Doctoral Degree,10.0,17.0,0,PS,PS,PS,PS,PS,PS,PS,PS,PS,PS,PS,PS,PS,1151,65831,51001,82694
123961.0,1328,University of Southern California,"Private, nonprofit",1,2313,Rhetoric and Composition/Writing Studies.,3,Bachelor's Degree,37.0,41.0,13,49,66177,41,25,59645,24,71092,17,58637,33,70529,16,33,8509,48471,32167,67306
123961.0,1328,University of Southern California,"Private, nonprofit",1,2313,Rhetoric and Composition/Writing Studies.,5,Master's Degree,9.0,10.0,4,26,73165,19,PS,PS,PS,PS,PS,PS,PS,PS,PS,PS,3795,55035,32717,77712
123961.0,1328,University of Southern California,"Private, nonprofit",1,2401,"Liberal Arts and Sciences, General Studies and Humanities.",3,Bachelor's Degree,,,8,114,64040,91,58,61354,54,75339,53,63450,61,64742,104,90,50554,53072,35750,73322
123961.0,1328,University of Southern California,"Private, nonprofit",1,2401,"Liberal Arts and Sciences, General Studies and Humanities.",5,Master's Degree,0.0,,0,PS,PS,PS,PS,PS,PS,PS,PS,PS,PS,PS,PS,PS,PS,PS,PS,PS
123961.0,1328,University of Southern California,"Private, nonprofit",1,2501,Library Science and Administration.,5,Master's Degree,47.0,,0,19,80099,17,PS,PS,PS,PS,PS,PS,PS,PS,PS,PS,5521,56301,45620,68514
123961.0,1328,University of Southern California,"Private, nonprofit",1,2501,Library Science and Administration.,8,Graduate/Professional Certificate,0.0,,PS,PS,PS,PS,PS,PS,PS,PS,PS,PS,PS,PS,PS,PS,PS,PS,PS,PS
123961.0,1328,University of Southern California,"Private, nonprofit",1,2601,"Biology, General.",3,Bachelor's Degree,68.0,71.0,6,136,77275,120,77,76033,58,78173,54,75236,81,78164,105,97,57101,57214,38929,79199
123961.0,1328,University of Southern California,"Private, nonprofit",1,2601,"Biology, General.",5,Master's Degree,4.0,5.0,0,PS,PS,PS,PS,PS,PS,PS,PS,PS,PS,PS,PS,PS,3962,69830,50928,96355
123961.0,1328,University of Southern California,"Private, nonprofit",1,2601,"Biology, General.",6,Doctoral Degree,5.0,6.0,0,PS,PS,PS,PS,PS,PS,PS,PS,PS,PS,PS,PS,PS,1183,92983,66390,139917
123961.0,1328,University of Southern California,"Private, nonprofit",1,2602,"Biochemistry, Biophysics and Molecular Biology.",3,Bachelor's Degree,41.0,31.0,4,30,88746,25,PS,PS,PS,PS,PS,PS,PS,PS,24,21,6319,65466,44889,88432
123961.0,1328,University of Southern California,"Private, nonprofit",1,2602,"Biochemistry, Biophysics and Molecular Biology.",5,Master's Degree,17.0,18.0,0,PS,PS,PS,PS,PS,PS,PS,PS,PS,PS,PS,PS,PS,492,80271,61566,113681
123961.0,1328,University of Southern California,"Private, nonprofit",1,2602,"Biochemistry, Biophysics and Molecular Biology.",6,Doctoral Degree,12.0,14.0,1,PS,PS,PS,PS,PS,PS,PS,PS,PS,PS,PS,PS,PS,647,112683,70874,159820
123961.0,1328,University of Southern California,"Private, nonprofit",1,2604,Cell/Cellular Biology and Anatomical Sciences.,3,Bachelor's Degree,,1.0,,,,,,,,,,,,,,,PS,PS,PS,PS
123961.0,1328,University of Southern California,"Private, nonprofit",1,2604,Cell/Cellular Biology and Anatomical Sciences.,5,Master's Degree,49.0,39.0,3,PS,PS,PS,PS,PS,PS,PS,PS,PS,PS,PS,PS,PS,279,76837,54764,112183
123961.0,1328,University of Southern California,"Private, nonprofit",1,2604,Cell/Cellular Biology and Anatomical Sciences.,6,Doctoral Degree,7.0,9.0,PS,PS,PS,PS,PS,PS,PS,PS,PS,PS,PS,PS,PS,PS,491,99578,68790,149798
123961.0,1328,University of Southern California,"Private, nonprofit",1,2604,Cell/Cellular Biology and Anatomical Sciences.,8,Graduate/Professional Certificate,0.0,,PS,PS,PS,PS,PS,PS,PS,PS,PS,PS,PS,PS,PS,PS,PS,PS,PS,PS
123961.0,1328,University of Southern California,"Private, nonprofit",1,2605,Microbiological Sciences and Immunology.,5,Master's Degree,13.0,15.0,0,PS,PS,PS,PS,PS,PS,PS,PS,PS,PS,PS,PS,PS,392,84750,60140,109387
123961.0,1328,University of Southern California,"Private, nonprofit",1,2605,Microbiological Sciences and Immunology.,6,Doctoral Degree,0.0,,PS,PS,PS,PS,PS,PS,PS,PS,PS,PS,PS,PS,PS,PS,PS,PS,PS,PS
123961.0,1328,University of Southern California,"Private, nonprofit",1,2608,Genetics.,5,Master's Degree,0.0,1.0,0,PS,PS,PS,PS,PS,PS,PS,PS,PS,PS,PS,PS,PS,PS,PS,PS,PS
123961.0,1328,University of Southern California,"Private, nonprofit",1,2608,Genetics.,6,Doctoral Degree,0.0,,2,PS,PS,PS,PS,PS,PS,PS,PS,PS,PS,PS,PS,PS,244,102123,68994,144302
123961.0,1328,University of Southern California,"Private, nonprofit",1,2609,"Physiology, Pathology and Related Sciences.",5,Master's Degree,4.0,11.0,0,PS,PS,PS,PS,PS,PS,PS,PS,PS,PS,PS,PS,PS,1041,67681,50007,91805
123961.0,1328,University of Southern California,"Private, nonprofit",1,2609,"Physiology, Pathology and Related Sciences.",6,Doctoral Degree,7.0,7.0,PS,PS,PS,PS,PS,PS,PS,PS,PS,PS,PS,PS,PS,PS,474,93640,66380,138797
123961.0,1328,University of Southern California,"Private, nonprofit",1,2610,Pharmacology and Toxicology.,3,Bachelor's Degree,18.0,15.0,PS,PS,PS,PS,PS,PS,PS,PS,PS,PS,PS,PS,PS,PS,183,68883,50740,92819
123961.0,1328,University of Southern California,"Private, nonprofit",1,2610,Pharmacology and Toxicology.,5,Master's Degree,6.0,5.0,PS,PS,PS,PS,PS,PS,PS,PS,PS,PS,PS,PS,PS,PS,PS,PS,PS,PS
123961.0,1328,University of Southern California,"Private, nonprofit",1,2610,Pharmacology and Toxicology.,6,Doctoral Degree,2.0,3.0,PS,PS,PS,PS,PS,PS,PS,PS,PS,PS,PS,PS,PS,PS,351,108943,76565,157538
123961.0,1328,University of Southern California,"Private, nonprofit",1,2611,"Biomathematics, Bioinformatics, and Computational Biology.",3,Bachelor's Degree,17.0,18.0,PS,PS,PS,PS,PS,PS,PS,PS,PS,PS,PS,PS,PS,PS,309,86713,56786,132795
123961.0,1328,University of Southern California,"Private, nonprofit",1,2611,"Biomathematics, Bioinformatics, and Computational Biology.",5,Master's Degree,43.0,49.0,2,PS,PS,PS,PS,PS,PS,PS,PS,PS,PS,PS,PS,PS,630,110121,83634,151267
123961.0,1328,University of Southern California,"Private, nonprofit",1,2611,"Biomathematics, Bioinformatics, and Computational Biology.",6,Doctoral Degree,11.0,11.0,0,PS,PS,PS,PS,PS,PS,PS,PS,PS,PS,PS,PS,PS,220,153586,109576,206149
123961.0,1328,University of Southern California,"Private, nonprofit",1,2612,Biotechnology.,3,Bachelor's Degree,,1.0,,,,,,,,,,,,,,,PS,PS,PS,PS
123961.0,1328,University of Southern California,"Private, nonprofit",1,2612,Biotechnology.,5,Master's Degree,13.0,20.0,PS,PS,PS,PS,PS,PS,PS,PS,PS,PS,PS,PS,PS,PS,PS,PS,PS,PS
123961.0,1328,University of Southern California,"Private, nonprofit",1,2612,Biotechnology.,8,Graduate/Professional Certificate,2.0,,PS,PS,PS,PS,PS,PS,PS,PS,PS,PS,PS,PS,PS,PS,PS,PS,PS,PS
123961.0,1328,University of Southern California,"Private, nonprofit",1,2613,"Ecology, Evolution, Systematics, and Population Biology.",3,Bachelor's Degree,,3.0,,,,,,,,,,,,,,,PS,PS,PS,PS
123961.0,1328,University of Southern California,"Private, nonprofit",1,2613,"Ecology, Evolution, Systematics, and Population Biology.",5,Master's Degree,0.0,1.0,0,PS,PS,PS,PS,PS,PS,PS,PS,PS,PS,PS,PS,PS,PS,PS,PS,PS
123961.0,1328,University of Southern California,"Private, nonprofit",1,2613,"Ecology, Evolution, Systematics, and Population Biology.",6,Doctoral Degree,8.0,13.0,1,PS,PS,PS,PS,PS,PS,PS,PS,PS,PS,PS,PS,PS,699,97173,69290,126513
123961.0,1328,University of Southern California,"Private, nonprofit",1,2614,Molecular Medicine.,5,Master's Degree,2.0,,PS,PS,PS,PS,PS,PS,PS,PS,PS,PS,PS,PS,PS,PS,PS,PS,PS,PS
123961.0,1328,University of Southern California,"Private, nonprofit",1,2614,Molecular Medicine.,6,Doctoral Degree,0.0,,PS,PS,PS,PS,PS,PS,PS,PS,PS,PS,PS,PS,PS,PS,PS,PS,PS,PS
123961.0,1328,University of Southern California,"Private, nonprofit",1,2615,Neurobiology and Neurosciences.,3,Bachelor's Degree,121.0,83.0,9,49,78242,39,29,75685,20,84272,17,84691,32,69792,28,30,3745,62451,40736,88598
123961.0,1328,University of Southern California,"Private, nonprofit",1,2615,Neurobiology and Neurosciences.,5,Master's Degree,0.0,,PS,PS,PS,PS,PS,PS,PS,PS,PS,PS,PS,PS,PS,PS,PS,PS,PS,PS
123961.0,1328,University of Southern California,"Private, nonprofit",1,2615,Neurobiology and Neurosciences.,6,Doctoral Degree,13.0,14.0,1,PS,PS,PS,PS,PS,PS,PS,PS,PS,PS,PS,PS,PS,505,96176,66743,141523
123961.0,1328,University of Southern California,"Private, nonprofit",1,2699,"Biological and Biomedical Sciences, Other.",5,Master's Degree,,1.0,,,,,,,,,,,,,,,PS,PS,PS,PS
123961.0,1328,University of Southern California,"Private, nonprofit",1,2699,"Biological and Biomedical Sciences, Other.",6,Doctoral Degree,6.0,8.0,0,PS,PS,PS,PS,PS,PS,PS,PS,PS,PS,PS,PS,PS,184,101096,70072,147391
123961.0,1328,University of Southern California,"Private, nonprofit",1,2701,Mathematics.,3,Bachelor's Degree,15.0,14.0,2,PS,PS,PS,PS,PS,PS,PS,PS,PS,PS,PS,PS,PS,15976,69562,49058,97414
123961.0,1328,University of Southern California,"Private, nonprofit",1,2701,Mathematics.,5,Master's Degree,3.0,4.0,PS,PS,PS,PS,PS,PS,PS,PS,PS,PS,PS,PS,PS,PS,1525,72654,54453,100369
123961.0,1328,University of Southern California,"Private, nonprofit",1,2701,Mathematics.,6,Doctoral Degree,5.0,11.0,0,PS,PS,PS,PS,PS,PS,PS,PS,PS,PS,PS,PS,PS,591,89656,63050,141934
123961.0,1328,University of Southern California,"Private, nonprofit",1,2703,Applied Mathematics.,3,Bachelor's Degree,147.0,126.0,7,40,94658,38,22,91743,19,91661,PS,PS,PS,PS,18,34,2680,91532,63368,127252
123961.0,1328,University of Southern California,"Private, nonprofit",1,2703,Applied Mathematics.,5,Master's Degree,130.0,139.0,2,PS,PS,PS,PS,PS,PS,PS,PS,PS,PS,PS,PS,PS,1088,116060,85199,161426
123961.0,1328,University of Southern California,"Private, nonprofit",1,2703,Applied Mathematics.,6,Doctoral Degree,18.0,6.0,PS,PS,PS,PS,PS,PS,PS,PS,PS,PS,PS,PS,PS,PS,PS,PS,PS,PS
123961.0,1328,University of Southern California,"Private, nonprofit",1,2705,Statistics.,5,Master's Degree,4.0,5.0,PS,PS,PS,PS,PS,PS,PS,PS,PS,PS,PS,PS,PS,PS,1073,123816,89177,164755
123961.0,1328,University of Southern California,"Private, nonprofit",1,2902,"Intelligence, Command Control and Information Operations.",8,Graduate/Professional Certificate,3.0,3.0,PS,PS,PS,PS,PS,PS,PS,PS,PS,PS,PS,PS,PS,PS,40,107274,63804,141402
123961.0,1328,University of Southern California,"Private, nonprofit",1,2999,"Military Technologies and Applied Sciences, Other.",8,Graduate/Professional Certificate,,,PS,PS,PS,PS,PS,PS,PS,PS,PS,PS,PS,PS,PS,PS,PS,PS,PS,PS
123961.0,1328,University of Southern California,"Private, nonprofit",1,3000,"Multi-/Interdisciplinary Studies, General.",5,Master's Degree,34.0,,PS,PS,PS,PS,PS,PS,PS,PS,PS,PS,PS,PS,PS,PS,PS,PS,PS,PS
123961.0,1328,University of Southern California,"Private, nonprofit",1,3008,Mathematics and Computer Science.,5,Master's Degree,8.0,5.0,,,,,,,,,,,,,,,PS,PS,PS,PS
123961.0,1328,University of Southern California,"Private, nonprofit",1,3011,Gerontology.,3,Bachelor's Degree,8.0,19.0,4,PS,PS,PS,PS,PS,PS,PS,PS,PS,PS,PS,PS,PS,378,54051,39369,71812
123961.0,1328,University of Southern California,"Private, nonprofit",1,3011,Gerontology.,5,Master's Degree,130.0,110.0,12,77,74764,67,40,73858,37,74273,PS,PS,PS,PS,PS,35,382,67618,48150,89284
123961.0,1328,University of Southern California,"Private, nonprofit",1,3011,Gerontology.,6,Doctoral Degree,6.0,1.0,0,PS,PS,PS,PS,PS,PS,PS,PS,PS,PS,PS,PS,PS,23,86625,PS,124949
123961.0,1328,University of Southern California,"Private, nonprofit",1,3011,Gerontology.,8,Graduate/Professional Certificate,6.0,13.0,1,PS,PS,PS,PS,PS,PS,PS,PS,PS,PS,PS,PS,PS,PS,PS,PS,PS
123961.0,1328,University of Southern California,"Private, nonprofit",1,3012,Historic Preservation and Conservation.,5,Master's Degree,8.0,8.0,2,PS,PS,PS,PS,PS,PS,PS,PS,PS,PS,PS,PS,PS,261,64496,48660,78398
123961.0,1328,University of Southern California,"Private, nonprofit",1,3012,Historic Preservation and Conservation.,8,Graduate/Professional Certificate,3.0,5.0,0,PS,PS,PS,PS,PS,PS,PS,PS,PS,PS,PS,PS,PS,PS,PS,PS,PS
123961.0,1328,University of Southern California,"Private, nonprofit",1,3015,"Science, Technology and Society.",5,Master's Degree,5.0,8.0,PS,PS,PS,PS,PS,PS,PS,PS,PS,PS,PS,PS,PS,PS,PS,PS,PS,PS
123961.0,1328,University of Southern California,"Private, nonprofit",1,3015,"Science, Technology and Society.",8,Graduate/Professional Certificate,,3.0,,,,,,,,,,,,,,,PS,PS,PS,PS
123961.0,1328,University of Southern California,"Private, nonprofit",1,3019,Nutrition Sciences.,5,Master's Degree,,27.0,,,,,,,,,,,,,,,PS,PS,PS,PS
123961.0,1328,University of Southern California,"Private, nonprofit",1,3020,International/Globalization Studies.,3,Bachelor's Degree,9.0,11.0,1,PS,PS,PS,PS,PS,PS,PS,PS,PS,PS,PS,PS,PS,5436,59972,40760,82911
123961.0,1328,University of Southern California,"Private, nonprofit",1,3020,International/Globalization Studies.,5,Master's Degree,29.0,24.0,2,17,58010,PS,PS,PS,PS,PS,PS,PS,PS,PS,PS,PS,878,86219,59416,113389
123961.0,1328,University of Southern California,"Private, nonprofit",1,3025,Cognitive Science.,3,Bachelor's Degree,62.0,44.0,2,PS,PS,PS,PS,PS,PS,PS,PS,PS,PS,PS,PS,PS,1411,81496,53334,130402
123961.0,1328,University of Southern California,"Private, nonprofit",1,3027,Human Biology.,3,Bachelor's Degree,261.0,241.0,5,118,80692,104,66,82345,52,81546,46,80923,72,81861,68,77,611,64732,42154,98218
123961.0,1328,University of Southern California,"Private, nonprofit",1,3028,Dispute Resolution.,5,Master's Degree,33.0,31.0,PS,PS,PS,PS,PS,PS,PS,PS,PS,PS,PS,PS,PS,PS,235,74725,46176,103289
123961.0,1328,University of Southern California,"Private, nonprofit",1,3028,Dispute Resolution.,8,Graduate/Professional Certificate,16.0,12.0,0,PS,PS,PS,PS,PS,PS,PS,PS,PS,PS,PS,PS,PS,62,73947,39080,112436
123961.0,1328,University of Southern California,"Private, nonprofit",1,3032,Marine Sciences.,6,Doctoral Degree,2.0,1.0,,,,,,,,,,,,,,,PS,PS,PS,PS
123961.0,1328,University of Southern California,"Private, nonprofit",1,3033,Sustainability Studies.,8,Graduate/Professional Certificate,3.0,17.0,0,PS,PS,PS,PS,PS,PS,PS,PS,PS,PS,PS,PS,PS,PS,PS,PS,PS
123961.0,1328,University of Southern California,"Private, nonprofit",1,3099,"Multi/Interdisciplinary Studies, Other.",3,Bachelor's Degree,76.0,52.0,3,34,59948,23,PS,PS,PS,PS,PS,PS,PS,PS,PS,28,27598,55693,40311,72165
123961.0,1328,University of Southern California,"Private, nonprofit",1,3099,"Multi/Interdisciplinary Studies, Other.",5,Master's Degree,85.0,6.0,PS,PS,PS,PS,PS,PS,PS,PS,PS,PS,PS,PS,PS,PS,1342,75122,51610,109074
123961.0,1328,University of Southern California,"Private, nonprofit",1,3099,"Multi/Interdisciplinary Studies, Other.",8,Graduate/Professional Certificate,0.0,,0,PS,PS,PS,PS,PS,PS,PS,PS,PS,PS,PS,PS,PS,PS,PS,PS,PS
123961.0,1328,University of Southern California,"Private, nonprofit",1,3105,"Sports, Kinesiology, and Physical Education/Fitness.",3,Bachelor's Degree,0.0,,1,PS,PS,PS,PS,PS,PS,PS,PS,PS,PS,PS,PS,PS,48463,54562,39049,73020
123961.0,1328,University of Southern California,"Private, nonprofit",1,3105,"Sports, Kinesiology, and Physical Education/Fitness.",5,Master's Degree,9.0,,PS,PS,PS,PS,PS,PS,PS,PS,PS,PS,PS,PS,PS,PS,PS,PS,PS,PS
123961.0,1328,University of Southern California,"Private, nonprofit",1,3801,Philosophy.,3,Bachelor's Degree,65.0,77.0,10,51,95023,43,23,70910,27,122511,29,93772,22,94028,29,33,6085,54455,34926,78043
123961.0,1328,University of Southern California,"Private, nonprofit",1,3801,Philosophy.,5,Master's Degree,2.0,1.0,,,,,,,,,,,,,,,PS,PS,PS,PS
123961.0,1328,University of Southern California,"Private, nonprofit",1,3801,Philosophy.,6,Doctoral Degree,5.0,4.0,0,PS,PS,PS,PS,PS,PS,PS,PS,PS,PS,PS,PS,PS,412,70449,49402,96456
123961.0,1328,University of Southern California,"Private, nonprofit",1,3802,Religion/Religious Studies.,3,Bachelor's Degree,4.0,5.0,1,PS,PS,PS,PS,PS,PS,PS,PS,PS,PS,PS,PS,PS,5310,41390,20518,65165
123961.0,1328,University of Southern California,"Private, nonprofit",1,3802,Religion/Religious Studies.,6,Doctoral Degree,1.0,1.0,PS,PS,PS,PS,PS,PS,PS,PS,PS,PS,PS,PS,PS,PS,PS,PS,PS,PS
123961.0,1328,University of Southern California,"Private, nonprofit",1,3802,Religion/Religious Studies.,8,Graduate/Professional Certificate,0.0,3.0,PS,PS,PS,PS,PS,PS,PS,PS,PS,PS,PS,PS,PS,PS,PS,PS,PS,PS
123961.0,1328,University of Southern California,"Private, nonprofit",1,3905,Religious Music and Worship.,5,Master's Degree,0.0,,PS,PS,PS,PS,PS,PS,PS,PS,PS,PS,PS,PS,PS,PS,PS,PS,PS,PS
123961.0,1328,University of Southern California,"Private, nonprofit",1,3905,Religious Music and Worship.,6,Doctoral Degree,1.0,,PS,PS,PS,PS,PS,PS,PS,PS,PS,PS,PS,PS,PS,PS,PS,PS,PS,PS
123961.0,1328,University of Southern California,"Private, nonprofit",1,4001,"Physical Sciences, General.",3,Bachelor's Degree,0.0,,0,PS,PS,PS,PS,PS,PS,PS,PS,PS,PS,PS,PS,PS,316,68944,47921,91964
123961.0,1328,University of Southern California,"Private, nonprofit",1,4002,Astronomy and Astrophysics.,3,Bachelor's Degree,1.0,4.0,0,PS,PS,PS,PS,PS,PS,PS,PS,PS,PS,PS,PS,PS,404,68333,44049,98743
123961.0,1328,University of Southern California,"Private, nonprofit",1,4005,Chemistry.,3,Bachelor's Degree,19.0,13.0,1,PS,PS,PS,PS,PS,PS,PS,PS,PS,PS,PS,PS,PS,10453,65120,48307,84018
123961.0,1328,University of Southern California,"Private, nonprofit",1,4005,Chemistry.,5,Master's Degree,2.0,2.0,0,PS,PS,PS,PS,PS,PS,PS,PS,PS,PS,PS,PS,PS,PS,PS,PS,PS
123961.0,1328,University of Southern California,"Private, nonprofit",1,4005,Chemistry.,6,Doctoral Degree,25.0,31.0,0,PS,PS,PS,PS,PS,PS,PS,PS,PS,PS,PS,PS,PS,1894,115386,83589,152460
123961.0,1328,University of Southern California,"Private, nonprofit",1,4006,Geological and Earth Sciences/Geosciences.,3,Bachelor's Degree,6.0,,0,PS,PS,PS,PS,PS,PS,PS,PS,PS,PS,PS,PS,PS,6193,60190,44343,77573
123961.0,1328,University of Southern California,"Private, nonprofit",1,4006,Geological and Earth Sciences/Geosciences.,5,Master's Degree,0.0,1.0,PS,PS,PS,PS,PS,PS,PS,PS,PS,PS,PS,PS,PS,PS,1356,79463,59785,103530
123961.0,1328,University of Southern California,"Private, nonprofit",1,4006,Geological and Earth Sciences/Geosciences.,6,Doctoral Degree,10.0,10.0,0,PS,PS,PS,PS,PS,PS,PS,PS,PS,PS,PS,PS,PS,509,92039,69189,121816
123961.0,1328,University of Southern California,"Private, nonprofit",1,4008,Physics.,3,Bachelor's Degree,17.0,17.0,0,PS,PS,PS,PS,PS,PS,PS,PS,PS,PS,PS,PS,PS,5602,76786,51777,102948
123961.0,1328,University of Southern California,"Private, nonprofit",1,4008,Physics.,5,Master's Degree,3.0,1.0,0,PS,PS,PS,PS,PS,PS,PS,PS,PS,PS,PS,PS,PS,PS,PS,PS,PS
123961.0,1328,University of Southern California,"Private, nonprofit",1,4008,Physics.,6,Doctoral Degree,12.0,11.0,1,PS,PS,PS,PS,PS,PS,PS,PS,PS,PS,PS,PS,PS,854,130153,87633,170254
123961.0,1328,University of Southern California,"Private, nonprofit",1,4010,Materials Sciences.,5,Master's Degree,7.0,8.0,PS,PS,PS,PS,PS,PS,PS,PS,PS,PS,PS,PS,PS,PS,71,116810,85722,146921
123961.0,1328,University of Southern California,"Private, nonprofit",1,4010,Materials Sciences.,6,Doctoral Degree,6.0,6.0,0,PS,PS,PS,PS,PS,PS,PS,PS,PS,PS,PS,PS,PS,PS,PS,PS,PS
123961.0,1328,University of Southern California,"Private, nonprofit",1,4201,"Psychology, General.",3,Bachelor's Degree,183.0,189.0,15,167,67060,139,111,67327,56,65062,38,82898,129,64987,62,130,102536,50706,35740,67229
123961.0,1328,University of Southern California,"Private, nonprofit",1,4201,"Psychology, General.",5,Master's Degree,15.0,12.0,1,PS,PS,PS,PS,PS,PS,PS,PS,PS,PS,PS,PS,PS,5527,64711,45967,86199
123961.0,1328,University of Southern California,"Private, nonprofit",1,4201,"Psychology, General.",6,Doctoral Degree,,,0,PS,PS,PS,PS,PS,PS,PS,PS,PS,PS,PS,PS,PS,1927,98707,69268,127593
123961.0,1328,University of Southern California,"Private, nonprofit",1,4227,Research and Experimental Psychology.,6,Doctoral Degree,19.0,12.0,PS,PS,PS,PS,PS,PS,PS,PS,PS,PS,PS,PS,PS,PS,473,103410,72819,143120
123961.0,1328,University of Southern California,"Private, nonprofit",1,4228,"Clinical, Counseling and Applied Psychology.",5,Master's Degree,118.0,140.0,3,47,112242,46,23,123177,24,106166,16,124800,31,106938,PS,34,22438,65184,47881,83770
123961.0,1328,University of Southern California,"Private, nonprofit",1,4301,Criminal Justice and Corrections.,5,Master's Degree,67.0,85.0,PS,PS,PS,PS,PS,PS,PS,PS,PS,PS,PS,PS,PS,PS,PS,PS,PS,PS
123961.0,1328,University of Southern California,"Private, nonprofit",1,4304,Security Science and Technology.,3,Bachelor's Degree,,21.0,,,,,,,,,,,,,,,PS,PS,PS,PS
123961.0,1328,University of Southern California,"Private, nonprofit",1,4404,Public Administration.,5,Master's Degree,111.0,209.0,5,181,101159,171,91,98154,90,107230,74,111741,107,92290,43,131,13451,81408,60052,109056
123961.0,1328,University of Southern California,"Private, nonprofit",1,4404,Public Administration.,8,Graduate/Professional Certificate,,12.0,,,,,,,,,,,,,,,PS,PS,PS,PS
123961.0,1328,University of Southern California,"Private, nonprofit",1,4405,Public Policy Analysis.,3,Bachelor's Degree,49.0,41.0,1,PS,PS,PS,PS,PS,PS,PS,PS,PS,PS,PS,PS,PS,1612,73721,53280,104068
123961.0,1328,University of Southern California,"Private, nonprofit",1,4405,Public Policy Analysis.,5,Master's Degree,97.0,116.0,5,64,99619,62,27,100470,37,95887,28,99141,37,105748,17,53,2714,93020,70186,121540
123961.0,1328,University of Southern California,"Private, nonprofit",1,4405,Public Policy Analysis.,6,Doctoral Degree,6.0,5.0,0,PS,PS,PS,PS,PS,PS,PS,PS,PS,PS,PS,PS,PS,176,119220,88172,156517
123961.0,1328,University of Southern California,"Private, nonprofit",1,4405,Public Policy Analysis.,8,Graduate/Professional Certificate,47.0,110.0,3,31,95677,28,PS,PS,PS,PS,PS,PS,PS,PS,PS,PS,97,80781,64036,99658
123961.0,1328,University of Southern California,"Private, nonprofit",1,4407,Social Work.,5,Master's Degree,664.0,649.0,156,2173,72091,1954,1451,72499,722,71184,284,73180,1888,71768,49,1222,44463,65123,51662,79737
123961.0,1328,University of Southern California,"Private, nonprofit",1,4407,Social Work.,6,Doctoral Degree,122.0,26.0,0,PS,PS,PS,PS,PS,PS,PS,PS,PS,PS,PS,PS,PS,567,98285,75685,127916
123961.0,1328,University of Southern California,"Private, nonprofit",1,4407,Social Work.,8,Graduate/Professional Certificate,,8.0,,,,,,,,,,,,,,,PS,PS,PS,PS
123961.0,1328,University of Southern California,"Private, nonprofit",1,4499,"Public Administration and Social Service Professions, Other.",5,Master's Degree,29.0,16.0,1,24,144949,23,PS,PS,PS,PS,PS,PS,PS,PS,PS,22,278,70515,49764,97521
123961.0,1328,University of Southern California,"Private, nonprofit",1,4499,"Public Administration and Social Service Professions, Other.",8,Graduate/Professional Certificate,0.0,4.0,PS,PS,PS,PS,PS,PS,PS,PS,PS,PS,PS,PS,PS,PS,PS,PS,PS,PS
123961.0,1328,University of Southern California,"Private, nonprofit",1,4501,"Social Sciences, General.",3,Bachelor's Degree,17.0,18.0,5,35,59488,27,PS,PS,PS,PS,PS,PS,PS,PS,PS,30,6624,53366,36590,72257
123961.0,1328,University of Southern California,"Private, nonprofit",1,4501,"Social Sciences, General.",5,Master's Degree,,3.0,,,,,,,,,,,,,,,PS,PS,PS,PS
123961.0,1328,University of Southern California,"Private, nonprofit",1,4501,"Social Sciences, General.",6,Doctoral Degree,,4.0,,,,,,,,,,,,,,,PS,PS,PS,PS
123961.0,1328,University of Southern California,"Private, nonprofit",1,4502,Anthropology.,3,Bachelor's Degree,16.0,9.0,3,PS,PS,PS,PS,PS,PS,PS,PS,PS,PS,PS,PS,PS,8303,46676,32056,63905
123961.0,1328,University of Southern California,"Private, nonprofit",1,4502,Anthropology.,5,Master's Degree,6.0,9.0,0,PS,PS,PS,PS,PS,PS,PS,PS,PS,PS,PS,PS,PS,787,61276,45133,79162
123961.0,1328,University of Southern California,"Private, nonprofit",1,4502,Anthropology.,6,Doctoral Degree,0.0,,PS,PS,PS,PS,PS,PS,PS,PS,PS,PS,PS,PS,PS,PS,PS,PS,PS,PS
123961.0,1328,University of Southern California,"Private, nonprofit",1,4503,Archeology.,3,Bachelor's Degree,5.0,9.0,0,PS,PS,PS,PS,PS,PS,PS,PS,PS,PS,PS,PS,PS,187,41748,30375,55121
123961.0,1328,University of Southern California,"Private, nonprofit",1,4506,Economics.,3,Bachelor's Degree,210.0,178.0,12,154,98555,140,93,94983,62,111352,102,95908,52,101605,36,111,28744,82686,58184,116323
123961.0,1328,University of Southern California,"Private, nonprofit",1,4506,Economics.,5,Master's Degree,156.0,161.0,1,PS,PS,PS,PS,PS,PS,PS,PS,PS,PS,PS,PS,PS,1664,100743,74382,133995
123961.0,1328,University of Southern California,"Private, nonprofit",1,4506,Economics.,6,Doctoral Degree,11.0,22.0,0,PS,PS,PS,PS,PS,PS,PS,PS,PS,PS,PS,PS,PS,PS,PS,PS,PS
123961.0,1328,University of Southern California,"Private, nonprofit",1,4507,Geography and Cartography.,3,Bachelor's Degree,18.0,18.0,0,PS,PS,PS,PS,PS,PS,PS,PS,PS,PS,PS,PS,PS,4640,57853,42482,75644
123961.0,1328,University of Southern California,"Private, nonprofit",1,4507,Geography and Cartography.,5,Master's Degree,63.0,74.0,0,33,83499,32,PS,PS,PS,PS,PS,PS,PS,PS,PS,16,1089,79784,61240,104635
123961.0,1328,University of Southern California,"Private, nonprofit",1,4507,Geography and Cartography.,6,Doctoral Degree,0.0,5.0,0,PS,PS,PS,PS,PS,PS,PS,PS,PS,PS,PS,PS,PS,PS,PS,PS,PS
123961.0,1328,University of Southern California,"Private, nonprofit",1,4507,Geography and Cartography.,8,Graduate/Professional Certificate,6.0,8.0,1,29,90774,29,PS,PS,PS,PS,PS,PS,PS,PS,PS,17,219,72959,56133,95223
123961.0,1328,University of Southern California,"Private, nonprofit",1,4509,International Relations and National Security Studies.,3,Bachelor's Degree,165.0,145.0,23,171,87675,157,106,84215,65,101409,64,88021,107,87462,51,117,8070,66596,46031,87798
123961.0,1328,University of Southern California,"Private, nonprofit",1,4509,International Relations and National Security Studies.,5,Master's Degree,13.0,6.0,1,PS,PS,PS,PS,PS,PS,PS,PS,PS,PS,PS,PS,PS,4177,95627,68941,122748
123961.0,1328,University of Southern California,"Private, nonprofit",1,4509,International Relations and National Security Studies.,6,Doctoral Degree,13.0,,1,PS,PS,PS,PS,PS,PS,PS,PS,PS,PS,PS,PS,PS,69,99694,67948,135906
123961.0,1328,University of Southern California,"Private, nonprofit",1,4510,Political Science and Government.,3,Bachelor's Degree,139.0,132.0,9,125,78005,114,64,73310,62,93517,57,98615,68,72329,54,85,36628,63293,44760,85406
123961.0,1328,University of Southern California,"Private, nonprofit",1,4510,Political Science and Government.,6,Doctoral Degree,0.0,19.0,PS,PS,PS,PS,PS,PS,PS,PS,PS,PS,PS,PS,PS,PS,PS,PS,PS,PS
123961.0,1328,University of Southern California,"Private, nonprofit",1,4511,Sociology.,3,Bachelor's Degree,56.0,66.0,9,66,67128,54,PS,PS,PS,PS,31,49846,36,71835,26,53,31848,52657,37665,69502
123961.0,1328,University of Southern California,"Private, nonprofit",1,4511,Sociology.,5,Master's Degree,0.0,,0,PS,PS,PS,PS,PS,PS,PS,PS,PS,PS,PS,PS,PS,989,63330,46335,84688
123961.0,1328,University of Southern California,"Private, nonprofit",1,4511,Sociology.,6,Doctoral Degree,5.0,,0,PS,PS,PS,PS,PS,PS,PS,PS,PS,PS,PS,PS,PS,692,88618,69229,114336
123961.0,1328,University of Southern California,"Private, nonprofit",1,4512,Urban Studies/Affairs.,3,Bachelor's Degree,12.0,14.0,PS,PS,PS,PS,PS,PS,PS,PS,PS,PS,PS,PS,PS,PS,999,62532,43623,81699
123961.0,1328,University of Southern California,"Private, nonprofit",1,4512,Urban Studies/Affairs.,5,Master's Degree,74.0,28.0,PS,PS,PS,PS,PS,PS,PS,PS,PS,PS,PS,PS,PS,PS,PS,PS,PS,PS
123961.0,1328,University of Southern California,"Private, nonprofit",1,4512,Urban Studies/Affairs.,6,Doctoral Degree,1.0,7.0,PS,PS,PS,PS,PS,PS,PS,PS,PS,PS,PS,PS,PS,PS,34,86485,62394,PS
123961.0,1328,University of Southern California,"Private, nonprofit",1,4901,Air Transportation.,3,Bachelor's Degree,0.0,,PS,PS,PS,PS,PS,PS,PS,PS,PS,PS,PS,PS,PS,PS,PS,PS,PS,PS
123961.0,1328,University of Southern California,"Private, nonprofit",1,5001,"Visual and Performing Arts, General.",3,Bachelor's Degree,36.0,39.0,2,20,55678,PS,PS,PS,PS,PS,PS,PS,PS,PS,PS,16,3499,41688,25771,59858
123961.0,1328,University of Southern California,"Private, nonprofit",1,5001,"Visual and Performing Arts, General.",5,Master's Degree,17.0,,2,PS,PS,PS,PS,PS,PS,PS,PS,PS,PS,PS,PS,PS,328,59460,35858,88562
123961.0,1328,University of Southern California,"Private, nonprofit",1,5001,"Visual and Performing Arts, General.",8,Graduate/Professional Certificate,3.0,3.0,,,,,,,,,,,,,,,PS,PS,PS,PS
123961.0,1328,University of Southern California,"Private, nonprofit",1,5003,Dance.,3,Bachelor's Degree,25.0,18.0,PS,PS,PS,PS,PS,PS,PS,PS,PS,PS,PS,PS,PS,PS,2823,39980,24910,57333
123961.0,1328,University of Southern California,"Private, nonprofit",1,5004,Design and Applied Arts.,3,Bachelor's Degree,55.0,67.0,1,28,79947,25,PS,PS,PS,PS,PS,PS,PS,PS,PS,16,23871,51490,33006,70612
123961.0,1328,University of Southern California,"Private, nonprofit",1,5004,Design and Applied Arts.,5,Master's Degree,29.0,32.0,1,PS,PS,PS,PS,PS,PS,PS,PS,PS,PS,PS,PS,PS,1334,70073,44125,102485
123961.0,1328,University of Southern California,"Private, nonprofit",1,5005,Drama/Theatre Arts and Stagecraft.,3,Bachelor's Degree,135.0,150.0,16,164,30649,84,PS,PS,75,29985,67,26208,PS,PS,42,124,14066,39775,25491,55399
123961.0,1328,University of Southern California,"Private, nonprofit",1,5005,Drama/Theatre Arts and Stagecraft.,5,Master's Degree,40.0,40.0,3,62,55652,41,27,55058,36,55922,PS,PS,39,57705,PS,46,2137,49978,29233,69322
123961.0,1328,University of Southern California,"Private, nonprofit",1,5006,Film/Video and Photographic Arts.,3,Bachelor's Degree,178.0,178.0,14,186,53923,132,103,54795,83,53966,87,49660,98,55203,PS,155,12193,43765,25957,63381
123961.0,1328,University of Southern California,"Private, nonprofit",1,5006,Film/Video and Photographic Arts.,5,Master's Degree,135.0,164.0,22,134,61697,92,51,62815,83,62031,76,65509,58,48702,PS,108,1639,51486,27165,77049
123961.0,1328,University of Southern California,"Private, nonprofit",1,5006,Film/Video and Photographic Arts.,6,Doctoral Degree,4.0,13.0,2,PS,PS,PS,PS,PS,PS,PS,PS,PS,PS,PS,PS,PS,49,73797,48421,101338
123961.0,1328,University of Southern California,"Private, nonprofit",1,5007,Fine and Studio Arts.,3,Bachelor's Degree,69.0,55.0,12,104,61391,77,65,50043,39,68681,26,60100,78,64542,20,77,26935,41367,26241,56653
123961.0,1328,University of Southern California,"Private, nonprofit",1,5007,Fine and Studio Arts.,5,Master's Degree,16.0,17.0,2,PS,PS,PS,PS,PS,PS,PS,PS,PS,PS,PS,PS,PS,3268,49079,29496,66541
123961.0,1328,University of Southern California,"Private, nonprofit",1,5007,Fine and Studio Arts.,6,Doctoral Degree,5.0,1.0,2,PS,PS,PS,PS,PS,PS,PS,PS,PS,PS,PS,PS,PS,PS,PS,PS,PS
123961.0,1328,University of Southern California,"Private, nonprofit",1,5007,Fine and Studio Arts.,8,Graduate/Professional Certificate,0.0,,1,PS,PS,PS,PS,PS,PS,PS,PS,PS,PS,PS,PS,PS,PS,PS,PS,PS
123961.0,1328,University of Southern California,"Private, nonprofit",1,5009,Music.,3,Bachelor's Degree,78.0,71.0,10,62,24763,27,32,24840,30,25787,PS,PS,PS,PS,23,45,14715,42892,26048,58755
123961.0,1328,University of Southern California,"Private, nonprofit",1,5009,Music.,5,Master's Degree,100.0,92.0,3,58,32062,31,20,43804,39,27935,36,41837,23,27259,PS,32,5004,48285,28079,65736
123961.0,1328,University of Southern California,"Private, nonprofit",1,5009,Music.,6,Doctoral Degree,30.0,29.0,0,PS,PS,PS,PS,PS,PS,PS,PS,PS,PS,PS,PS,PS,1170,59592,38708,76817
123961.0,1328,University of Southern California,"Private, nonprofit",1,5009,Music.,8,Graduate/Professional Certificate,20.0,19.0,4,PS,PS,PS,PS,PS,PS,PS,PS,PS,PS,PS,PS,PS,138,40504,19679,62396
123961.0,1328,University of Southern California,"Private, nonprofit",1,5010,"Arts, Entertainment, and Media Management.",3,Bachelor's Degree,66.0,79.0,6,45,42388,27,21,41117,24,40976,PS,PS,PS,PS,PS,29,3476,48240,31627,64853
123961.0,1328,University of Southern California,"Private, nonprofit",1,5010,"Arts, Entertainment, and Media Management.",5,Master's Degree,28.0,32.0,PS,PS,PS,PS,PS,PS,PS,PS,PS,PS,PS,PS,PS,PS,1164,59685,41770,84506
123961.0,1328,University of Southern California,"Private, nonprofit",1,5010,"Arts, Entertainment, and Media Management.",8,Graduate/Professional Certificate,20.0,27.0,1,22,145157,18,PS,PS,PS,PS,PS,PS,PS,PS,PS,18,22,82175,PS,137572
123961.0,1328,University of Southern California,"Private, nonprofit",1,5099,"Visual and Performing Arts, Other.",8,Graduate/Professional Certificate,0.0,,PS,PS,PS,PS,PS,PS,PS,PS,PS,PS,PS,PS,PS,PS,PS,PS,PS,PS
123961.0,1328,University of Southern California,"Private, nonprofit",1,5100,"Health Services/Allied Health/Health Sciences, General.",3,Bachelor's Degree,2.0,5.0,0,PS,PS,PS,PS,PS,PS,PS,PS,PS,PS,PS,PS,PS,14079,61296,42849,82291
123961.0,1328,University of Southern California,"Private, nonprofit",1,5104,Dentistry.,7,First Professional Degree,169.0,186.0,13,133,122473,129,60,119937,73,129288,68,129601,65,115756,PS,88,7817,170812,110187,239976
123961.0,1328,University of Southern California,"Private, nonprofit",1,5105,Advanced/Graduate Dentistry and Oral Sciences.,5,Master's Degree,23.0,37.0,1,PS,PS,PS,PS,PS,PS,PS,PS,PS,PS,PS,PS,PS,661,235700,145128,346917
123961.0,1328,University of Southern California,"Private, nonprofit",1,5105,Advanced/Graduate Dentistry and Oral Sciences.,6,Doctoral Degree,0.0,,0,PS,PS,PS,PS,PS,PS,PS,PS,PS,PS,PS,PS,PS,24,125137,109748,141574
123961.0,1328,University of Southern California,"Private, nonprofit",1,5105,Advanced/Graduate Dentistry and Oral Sciences.,8,Graduate/Professional Certificate,58.0,59.0,0,29,199940,28,PS,PS,PS,PS,PS,PS,PS,PS,PS,17,551,207164,128183,333301
123961.0,1328,University of Southern California,"Private, nonprofit",1,5106,Dental Support Services and Allied Professions.,3,Bachelor's Degree,1.0,,2,44,81034,42,PS,PS,PS,PS,PS,PS,PS,PS,PS,39,3416,68061,51213,83379
123961.0,1328,University of Southern California,"Private, nonprofit",1,5106,Dental Support Services and Allied Professions.,5,Master's Degree,0.0,,0,PS,PS,PS,PS,PS,PS,PS,PS,PS,PS,PS,PS,PS,103,76062,62821,92722
123961.0,1328,University of Southern California,"Private, nonprofit",1,5107,Health and Medical Administrative Services.,5,Master's Degree,153.0,134.0,2,135,136971,129,56,133394,80,143567,55,156337,80,126498,33,104,15437,89981,62852,126886
123961.0,1328,University of Southern California,"Private, nonprofit",1,5107,Health and Medical Administrative Services.,8,Graduate/Professional Certificate,15.0,14.0,0,28,125128,26,PS,PS,PS,PS,PS,PS,PS,PS,PS,27,451,99117,65810,153781
123961.0,1328,University of Southern California,"Private, nonprofit",1,5109,"Allied Health Diagnostic, Intervention, and Treatment Professions.",5,Master's Degree,52.0,61.0,4,90,146714,85,36,139455,54,148096,21,165492,69,141491,PS,73,15912,127347,103242,152756
123961.0,1328,University of Southern California,"Private, nonprofit",1,5112,Medicine.,5,Master's Degree,,,PS,PS,PS,PS,PS,PS,PS,PS,PS,PS,PS,PS,PS,PS,168,107321,64918,142761
123961.0,1328,University of Southern California,"Private, nonprofit",1,5112,Medicine.,6,Doctoral Degree,,,0,PS,PS,PS,PS,PS,PS,PS,PS,PS,PS,PS,PS,PS,6056,118504,77695,219037
123961.0,1328,University of Southern California,"Private, nonprofit",1,5112,Medicine.,7,First Professional Degree,170.0,161.0,3,249,139886,246,52,189302,198,125881,126,118469,124,148693,PS,159,36252,112460,77012,214525
123961.0,1328,University of Southern California,"Private, nonprofit",1,5114,Medical Clinical Sciences/Graduate Medical Studies.,5,Master's Degree,9.0,5.0,0,PS,PS,PS,PS,PS,PS,PS,PS,PS,PS,PS,PS,PS,537,198417,103939,322977
123961.0,1328,University of Southern California,"Private, nonprofit",1,5114,Medical Clinical Sciences/Graduate Medical Studies.,8,Graduate/Professional Certificate,3.0,1.0,0,PS,PS,PS,PS,PS,PS,PS,PS,PS,PS,PS,PS,PS,47,195803,95876,369842
123961.0,1328,University of Southern California,"Private, nonprofit",1,5115,Mental and Social Health Services and Allied Professions.,5,Master's Degree,39.0,58.0,4,65,71407,56,30,74026,36,67170,PS,PS,PS,PS,PS,60,15919,59571,41812,76123
123961.0,1328,University of Southern California,"Private, nonprofit",1,5120,"Pharmacy, Pharmaceutical Sciences, and Administration.",5,Master's Degree,101.0,103.0,1,33,147157,32,PS,PS,PS,PS,16,209620,17,141759,PS,25,889,129214,87956,170566
123961.0,1328,University of Southern California,"Private, nonprofit",1,5120,"Pharmacy, Pharmaceutical Sciences, and Administration.",6,Doctoral Degree,22.0,15.0,1,17,194000,16,PS,PS,PS,PS,PS,PS,PS,PS,PS,PS,6161,136696,117606,156076
123961.0,1328,University of Southern California,"Private, nonprofit",1,5120,"Pharmacy, Pharmaceutical Sciences, and Administration.",7,First Professional Degree,200.0,193.0,2,306,170231,298,159,168016,146,176961,95,184784,211,168428,PS,281,15557,138348,120409,158074
123961.0,1328,University of Southern California,"Private, nonprofit",1,5120,"Pharmacy, Pharmaceutical Sciences, and Administration.",8,Graduate/Professional Certificate,7.0,6.0,1,PS,PS,PS,PS,PS,PS,PS,PS,PS,PS,PS,PS,PS,47,109930,69437,170339
123961.0,1328,University of Southern California,"Private, nonprofit",1,5122,Public Health.,3,Bachelor's Degree,128.0,109.0,8,73,81522,63,42,79234,31,80962,23,82201,50,79155,52,47,15585,58808,41981,79154
123961.0,1328,University of Southern California,"Private, nonprofit",1,5122,Public Health.,5,Master's Degree,215.0,262.0,21,249,83253,233,128,88124,121,81588,71,78739,178,85952,94,161,15061,82751,61518,113501
123961.0,1328,University of Southern California,"Private, nonprofit",1,5122,Public Health.,6,Doctoral Degree,10.0,10.0,0,PS,PS,PS,PS,PS,PS,PS,PS,PS,PS,PS,PS,PS,870,108962,85957,147308
123961.0,1328,University of Southern California,"Private, nonprofit",1,5123,Rehabilitation and Therapeutic Professions.,3,Bachelor's Degree,13.0,10.0,0,PS,PS,PS,PS,PS,PS,PS,PS,PS,PS,PS,PS,PS,5008,55792,40044,73848
123961.0,1328,University of Southern California,"Private, nonprofit",1,5123,Rehabilitation and Therapeutic Professions.,5,Master's Degree,168.0,175.0,9,99,86384,80,39,80824,60,87339,PS,PS,PS,PS,17,76,13189,71416,53551,86212
123961.0,1328,University of Southern California,"Private, nonprofit",1,5123,Rehabilitation and Therapeutic Professions.,6,Doctoral Degree,13.0,4.0,6,198,89483,184,66,88464,132,91249,47,99951,151,88026,PS,129,13052,82893,68836,95078
123961.0,1328,University of Southern California,"Private, nonprofit",1,5123,Rehabilitation and Therapeutic Professions.,7,First Professional Degree,213.0,239.0,PS,PS,PS,PS,PS,PS,PS,PS,PS,PS,PS,PS,PS,PS,PS,PS,PS,PS
123961.0,1328,University of Southern California,"Private, nonprofit",1,5123,Rehabilitation and Therapeutic Professions.,8,Graduate/Professional Certificate,,19.0,,,,,,,,,,,,,,,PS,PS,PS,PS
123961.0,1328,University of Southern California,"Private, nonprofit",1,5132,"Health Professions Education, Ethics, and Humanities.",5,Master's Degree,5.0,4.0,PS,PS,PS,PS,PS,PS,PS,PS,PS,PS,PS,PS,PS,PS,PS,PS,PS,PS
123961.0,1328,University of Southern California,"Private, nonprofit",1,5138,"Registered Nursing, Nursing Administration, Nursing Research and Clinical Nursing.",3,Bachelor's Degree,,1.0,,,,,,,,,,,,,,,PS,PS,PS,PS
123961.0,1328,University of Southern California,"Private, nonprofit",1,5138,"Registered Nursing, Nursing Administration, Nursing Research and Clinical Nursing.",5,Master's Degree,89.0,73.0,0,27,225065,27,PS,PS,PS,PS,PS,PS,PS,PS,PS,19,63874,120193,94642,149472
123961.0,1328,University of Southern California,"Private, nonprofit",1,5199,"Health Professions and Related Clinical Sciences, Other.",5,Master's Degree,15.0,8.0,0,PS,PS,PS,PS,PS,PS,PS,PS,PS,PS,PS,PS,PS,989,81651,58278,134036
123961.0,1328,University of Southern California,"Private, nonprofit",1,5199,"Health Professions and Related Clinical Sciences, Other.",6,Doctoral Degree,22.0,20.0,PS,PS,PS,PS,PS,PS,PS,PS,PS,PS,PS,PS,PS,PS,PS,PS,PS,PS
123961.0,1328,University of Southern California,"Private, nonprofit",1,5199,"Health Professions and Related Clinical Sciences, Other.",8,Graduate/Professional Certificate,2.0,4.0,PS,PS,PS,PS,PS,PS,PS,PS,PS,PS,PS,PS,PS,PS,47,81978,62418,173142
123961.0,1328,University of Southern California,"Private, nonprofit",1,5201,"Business/Commerce, General.",8,Graduate/Professional Certificate,0.0,,0,PS,PS,PS,PS,PS,PS,PS,PS,PS,PS,PS,PS,PS,187,103299,76776,141369
123961.0,1328,University of Southern California,"Private, nonprofit",1,5202,"Business Administration, Management and Operations.",3,Bachelor's Degree,832.0,,49,726,104833,658,426,99331,302,111311,429,108669,297,96386,60,566,183303,68257,47618,93584
123961.0,1328,University of Southern California,"Private, nonprofit",1,5202,"Business Administration, Management and Operations.",5,Master's Degree,666.0,525.0,40,694,192109,660,225,184375,469,195786,497,193658,197,187182,78,557,122193,103485,69982,153484
123961.0,1328,University of Southern California,"Private, nonprofit",1,5202,"Business Administration, Management and Operations.",6,Doctoral Degree,17.0,,0,PS,PS,PS,PS,PS,PS,PS,PS,PS,PS,PS,PS,PS,2226,113566,70833,164979
123961.0,1328,University of Southern California,"Private, nonprofit",1,5202,"Business Administration, Management and Operations.",8,Graduate/Professional Certificate,94.0,146.0,3,41,143040,37,PS,PS,PS,PS,PS,PS,PS,PS,PS,34,1989,94506,65091,135936
123961.0,1328,University of Southern California,"Private, nonprofit",1,5203,Accounting and Related Services.,3,Bachelor's Degree,160.0,,6,176,107531,170,134,105264,42,114431,85,107558,91,107532,18,150,63013,76194,56205,97191
123961.0,1328,University of Southern California,"Private, nonprofit",1,5203,Accounting and Related Services.,5,Master's Degree,0.0,,2,98,117723,95,47,116466,52,119605,46,117601,52,117318,PS,75,21288,95833,74491,118338
123961.0,1328,University of Southern California,"Private, nonprofit",1,5207,Entrepreneurial and Small Business Operations.,5,Master's Degree,156.0,100.0,2,25,86835,21,PS,PS,PS,PS,PS,PS,PS,PS,PS,20,633,97366,58036,169032
123961.0,1328,University of Southern California,"Private, nonprofit",1,5208,Finance and Financial Management Services.,5,Master's Degree,,,3,28,135370,28,PS,PS,PS,PS,PS,PS,PS,PS,PS,24,3403,110694,75597,157777
123961.0,1328,University of Southern California,"Private, nonprofit",1,5208,Finance and Financial Management Services.,8,Graduate/Professional Certificate,17.0,14.0,0,PS,PS,PS,PS,PS,PS,PS,PS,PS,PS,PS,PS,PS,149,118893,86926,169326
123961.0,1328,University of Southern California,"Private, nonprofit",1,5209,Hospitality Administration/Management.,1,Undergraduate Certificate or Diploma,,,1,PS,PS,PS,PS,PS,PS,PS,PS,PS,PS,PS,PS,PS,1190,40962,23079,58258
123961.0,1328,University of Southern California,"Private, nonprofit",1,5209,Hospitality Administration/Management.,5,Master's Degree,44.0,52.0,PS,PS,PS,PS,PS,PS,PS,PS,PS,PS,PS,PS,PS,PS,PS,PS,PS,PS
123961.0,1328,University of Southern California,"Private, nonprofit",1,5209,Hospitality Administration/Management.,8,Graduate/Professional Certificate,39.0,35.0,PS,PS,PS,PS,PS,PS,PS,PS,PS,PS,PS,PS,PS,PS,PS,PS,PS,PS
123961.0,1328,University of Southern California,"Private, nonprofit",1,5210,Human Resources Management and Services.,5,Master's Degree,218.0,234.0,PS,PS,PS,PS,PS,PS,PS,PS,PS,PS,PS,PS,PS,PS,10576,83558,58145,115680
123961.0,1328,University of Southern California,"Private, nonprofit",1,5211,International Business.,3,Bachelor's Degree,17.0,,0,PS,PS,PS,PS,PS,PS,PS,PS,PS,PS,PS,PS,PS,5548,73201,51264,98832
123961.0,1328,University of Southern California,"Private, nonprofit",1,5211,International Business.,5,Master's Degree,28.0,,2,PS,PS,PS,PS,PS,PS,PS,PS,PS,PS,PS,PS,PS,1060,97121,64056,143157
123961.0,1328,University of Southern California,"Private, nonprofit",1,5212,Management Information Systems and Services.,5,Master's Degree,0.0,,PS,PS,PS,PS,PS,PS,PS,PS,PS,PS,PS,PS,PS,PS,PS,PS,PS,PS
123961.0,1328,University of Southern California,"Private, nonprofit",1,5213,Management Sciences and Quantitative Methods.,3,Bachelor's Degree,172.0,1221.0,,,,,,,,,,,,,,,PS,PS,PS,PS
123961.0,1328,University of Southern California,"Private, nonprofit",1,5213,Management Sciences and Quantitative Methods.,5,Master's Degree,771.0,1272.0,6,43,148578,43,17,139946,PS,PS,PS,PS,PS,PS,PS,31,5066,124807,93429,167728
123961.0,1328,University of Southern California,"Private, nonprofit",1,5213,Management Sciences and Quantitative Methods.,6,Doctoral Degree,,14.0,PS,PS,PS,PS,PS,PS,PS,PS,PS,PS,PS,PS,PS,PS,PS,PS,PS,PS
123961.0,1328,University of Southern California,"Private, nonprofit",1,5213,Management Sciences and Quantitative Methods.,8,Graduate/Professional Certificate,77.0,52.0,0,PS,PS,PS,PS,PS,PS,PS,PS,PS,PS,PS,PS,PS,346,122843,89411,153017
123961.0,1328,University of Southern California,"Private, nonprofit",1,5214,Marketing.,5,Master's Degree,56.0,28.0,2,22,176716,19,PS,PS,PS,PS,PS,PS,PS,PS,PS,16,2348,79106,52679,116591
123961.0,1328,University of Southern California,"Private, nonprofit",1,5214,Marketing.,8,Graduate/Professional Certificate,25.0,36.0,0,18,158415,17,PS,PS,PS,PS,PS,PS,PS,PS,PS,PS,154,93837,60678,138491
123961.0,1328,University of Southern California,"Private, nonprofit",1,5215,Real Estate.,3,Bachelor's Degree,41.0,,0,16,145650,PS,PS,PS,PS,PS,PS,PS,PS,PS,PS,PS,1155,84821,55645,120670
123961.0,1328,University of Southern California,"Private, nonprofit",1,5216,Taxation.,5,Master's Degree,26.0,13.0,3,75,125124,72,35,120306,40,133706,37,137806,38,120630,PS,60,1531,114810,87970,148860
123961.0,1328,University of Southern California,"Private, nonprofit",1,5220,Construction Management.,5,Master's Degree,33.0,,1,PS,PS,PS,PS,PS,PS,PS,PS,PS,PS,PS,PS,PS,310,112166,80895,144950
123961.0,1328,University of Southern California,"Private, nonprofit",1,5299,"Business, Management, Marketing, and Related Support Services, Other.",5,Master's Degree,4.0,4.0,0,PS,PS,PS,PS,PS,PS,PS,PS,PS,PS,PS,PS,PS,PS,PS,PS,PS
123961.0,1328,University of Southern California,"Private, nonprofit",1,5299,"Business, Management, Marketing, and Related Support Services, Other.",8,Graduate/Professional Certificate,2.0,6.0,0,PS,PS,PS,PS,PS,PS,PS,PS,PS,PS,PS,PS,PS,PS,PS,PS,PS
123961.0,1328,University of Southern California,"Private, nonprofit",1,5401,History.,3,Bachelor's Degree,82.0,77.0,4,35,70904,29,PS,PS,PS,PS,PS,PS,PS,PS,19,24,23671,50680,36330,66736
123961.0,1328,University of Southern California,"Private, nonprofit",1,5401,History.,5,Master's Degree,12.0,4.0,1,PS,PS,PS,PS,PS,PS,PS,PS,PS,PS,PS,PS,PS,PS,PS,PS,PS
123961.0,1328,University of Southern California,"Private, nonprofit",1,5401,History.,6,Doctoral Degree,3.0,2.0,1,PS,PS,PS,PS,PS,PS,PS,PS,PS,PS,PS,PS,PS,826,70550,53413,92926
123961.0,1328,University of Southern California,"Private, nonprofit",1,6001,Dental Residency/Fellowship Programs.,8,Graduate/Professional Certificate,,,0,PS,PS,PS,PS,PS,PS,PS,PS,PS,PS,PS,PS,PS,27,182700,145696,PS
123970.0,1295,Southwestern Law School,"Private, nonprofit",1,2201,Law.,7,First Professional Degree,299.0,268.0,40,517,114121,473,242,115985,275,113293,203,119080,314,110418,PS,482,40183,107773,75568,176111
123970.0,1295,Southwestern Law School,"Private, nonprofit",1,2299,"Legal Professions and Studies, Other.",5,Master's Degree,5.0,4.0,PS,PS,PS,PS,PS,PS,PS,PS,PS,PS,PS,PS,PS,PS,PS,PS,PS,PS
124292.0,23580,Thomas Aquinas College,"Private, nonprofit",1,2401,"Liberal Arts and Sciences, General Studies and Humanities.",3,Bachelor's Degree,115.0,102.0,15,83,49029,63,46,52379,38,46866,35,51394,49,48274,PS,28,50554,53072,35750,73322
125727.0,1341,Westmont College,"Private, nonprofit",1,901,Communication and Media Studies.,3,Bachelor's Degree,29.0,24.0,0,21,47236,PS,PS,PS,PS,PS,PS,PS,PS,PS,PS,17,61357,56359,39575,76115
125727.0,1341,Westmont College,"Private, nonprofit",1,1101,"Computer and Information Sciences, General.",3,Bachelor's Degree,11.0,19.0,1,PS,PS,PS,PS,PS,PS,PS,PS,PS,PS,PS,PS,PS,41037,92374,64179,128180
125727.0,1341,Westmont College,"Private, nonprofit",1,1312,"Teacher Education and Professional Development, Specific Levels and Methods.",1,Undergraduate Certificate or Diploma,6.0,6.0,PS,PS,PS,PS,PS,PS,PS,PS,PS,PS,PS,PS,PS,PS,PS,PS,PS,PS
125727.0,1341,Westmont College,"Private, nonprofit",1,1401,"Engineering, General.",3,Bachelor's Degree,0.0,7.0,PS,PS,PS,PS,PS,PS,PS,PS,PS,PS,PS,PS,PS,PS,PS,PS,PS,PS
125727.0,1341,Westmont College,"Private, nonprofit",1,1412,Engineering Physics.,3,Bachelor's Degree,1.0,2.0,1,PS,PS,PS,PS,PS,PS,PS,PS,PS,PS,PS,PS,PS,571,89154,69182,111349
125727.0,1341,Westmont College,"Private, nonprofit",1,1601,"Linguistic, Comparative, and Related Language Studies and Services.",3,Bachelor's Degree,0.0,0.0,PS,PS,PS,PS,PS,PS,PS,PS,PS,PS,PS,PS,PS,PS,PS,PS,PS,PS
125727.0,1341,Westmont College,"Private, nonprofit",1,1609,"Romance Languages, Literatures, and Linguistics.",3,Bachelor's Degree,5.0,6.0,0,PS,PS,PS,PS,PS,PS,PS,PS,PS,PS,PS,PS,PS,10363,55000,38411,73324
125727.0,1341,Westmont College,"Private, nonprofit",1,2301,"English Language and Literature, General.",3,Bachelor's Degree,13.0,13.0,2,PS,PS,PS,PS,PS,PS,PS,PS,PS,PS,PS,PS,PS,33025,48590,33654,63810
125727.0,1341,Westmont College,"Private, nonprofit",1,2401,"Liberal Arts and Sciences, General Studies and Humanities.",3,Bachelor's Degree,6.0,11.0,0,PS,PS,PS,PS,PS,PS,PS,PS,PS,PS,PS,PS,PS,50554,53072,35750,73322
125727.0,1341,Westmont College,"Private, nonprofit",1,2601,"Biology, General.",3,Bachelor's Degree,34.0,38.0,0,PS,PS,PS,PS,PS,PS,PS,PS,PS,PS,PS,PS,PS,57101,57214,38929,79199
125727.0,1341,Westmont College,"Private, nonprofit",1,2701,Mathematics.,3,Bachelor's Degree,1.0,5.0,0,PS,PS,PS,PS,PS,PS,PS,PS,PS,PS,PS,PS,PS,15976,69562,49058,97414
125727.0,1341,Westmont College,"Private, nonprofit",1,3000,"Multi-/Interdisciplinary Studies, General.",3,Bachelor's Degree,,5.0,,,,,,,,,,,,,,,PS,PS,PS,PS
125727.0,1341,Westmont College,"Private, nonprofit",1,3020,International/Globalization Studies.,3,Bachelor's Degree,0.0,2.0,PS,PS,PS,PS,PS,PS,PS,PS,PS,PS,PS,PS,PS,PS,PS,PS,PS,PS
125727.0,1341,Westmont College,"Private, nonprofit",1,3105,"Sports, Kinesiology, and Physical Education/Fitness.",3,Bachelor's Degree,36.0,42.0,1,40,55700,36,PS,PS,PS,PS,PS,PS,22,52289,PS,27,48463,54562,39049,73020
125727.0,1341,Westmont College,"Private, nonprofit",1,3801,Philosophy.,3,Bachelor's Degree,2.0,8.0,0,PS,PS,PS,PS,PS,PS,PS,PS,PS,PS,PS,PS,PS,6085,54455,34926,78043
125727.0,1341,Westmont College,"Private, nonprofit",1,3802,Religion/Religious Studies.,3,Bachelor's Degree,8.0,14.0,0,PS,PS,PS,PS,PS,PS,PS,PS,PS,PS,PS,PS,PS,5310,41390,20518,65165
125727.0,1341,Westmont College,"Private, nonprofit",1,3802,Religion/Religious Studies.,8,Graduate/Professional Certificate,,0.0,,,,,,,,,,,,,,,PS,PS,PS,PS
125727.0,1341,Westmont College,"Private, nonprofit",1,4005,Chemistry.,3,Bachelor's Degree,16.0,17.0,0,PS,PS,PS,PS,PS,PS,PS,PS,PS,PS,PS,PS,PS,10453,65120,48307,84018
125727.0,1341,Westmont College,"Private, nonprofit",1,4008,Physics.,3,Bachelor's Degree,2.0,2.0,1,PS,PS,PS,PS,PS,PS,PS,PS,PS,PS,PS,PS,PS,5602,76786,51777,102948
125727.0,1341,Westmont College,"Private, nonprofit",1,4201,"Psychology, General.",3,Bachelor's Degree,21.0,27.0,1,19,55705,PS,PS,PS,PS,PS,PS,PS,PS,PS,PS,PS,102536,50706,35740,67229
125727.0,1341,Westmont College,"Private, nonprofit",1,4501,"Social Sciences, General.",3,Bachelor's Degree,4.0,3.0,0,PS,PS,PS,PS,PS,PS,PS,PS,PS,PS,PS,PS,PS,6624,53366,36590,72257
125727.0,1341,Westmont College,"Private, nonprofit",1,4502,Anthropology.,3,Bachelor's Degree,2.0,0.0,PS,PS,PS,PS,PS,PS,PS,PS,PS,PS,PS,PS,PS,PS,PS,PS,PS,PS
125727.0,1341,Westmont College,"Private, nonprofit",1,4510,Political Science and Government.,3,Bachelor's Degree,12.0,21.0,0,PS,PS,PS,PS,PS,PS,PS,PS,PS,PS,PS,PS,PS,36628,63293,44760,85406
125727.0,1341,Westmont College,"Private, nonprofit",1,4511,Sociology.,3,Bachelor's Degree,12.0,19.0,0,PS,PS,PS,PS,PS,PS,PS,PS,PS,PS,PS,PS,PS,31848,52657,37665,69502
125727.0,1341,Westmont College,"Private, nonprofit",1,5005,Drama/Theatre Arts and Stagecraft.,3,Bachelor's Degree,0.0,3.0,0,PS,PS,PS,PS,PS,PS,PS,PS,PS,PS,PS,PS,PS,14066,39775,25491,55399
125727.0,1341,Westmont College,"Private, nonprofit",1,5006,Film/Video and Photographic Arts.,3,Bachelor's Degree,0.0,0.0,PS,PS,PS,PS,PS,PS,PS,PS,PS,PS,PS,PS,PS,PS,PS,PS,PS,PS
125727.0,1341,Westmont College,"Private, nonprofit",1,5007,Fine and Studio Arts.,3,Bachelor's Degree,16.0,8.0,1,PS,PS,PS,PS,PS,PS,PS,PS,PS,PS,PS,PS,PS,26935,41367,26241,56653
125727.0,1341,Westmont College,"Private, nonprofit",1,5009,Music.,3,Bachelor's Degree,2.0,7.0,0,PS,PS,PS,PS,PS,PS,PS,PS,PS,PS,PS,PS,PS,14715,42892,26048,58755
125727.0,1341,Westmont College,"Private, nonprofit",1,5138,"Registered Nursing, Nursing Administration, Nursing Research and Clinical Nursing.",3,Bachelor's Degree,,8.0,,,,,,,,,,,,,,,PS,PS,PS,PS
125727.0,1341,Westmont College,"Private, nonprofit",1,5206,Business/Managerial Economics.,3,Bachelor's Degree,39.0,60.0,1,47,88820,44,25,90379,25,89286,PS,PS,PS,PS,PS,32,5426,77981,55058,106683
125727.0,1341,Westmont College,"Private, nonprofit",1,5401,History.,3,Bachelor's Degree,5.0,8.0,2,PS,PS,PS,PS,PS,PS,PS,PS,PS,PS,PS,PS,PS,23671,50680,36330,66736
125763.0,1342,Whittier College,"Private, nonprofit",1,301,Natural Resources Conservation and Research.,3,Bachelor's Degree,6.0,13.0,3,PS,PS,PS,PS,PS,PS,PS,PS,PS,PS,PS,PS,PS,15907,55012,39435,72794
125763.0,1342,Whittier College,"Private, nonprofit",1,1301,"Education, General.",3,Bachelor's Degree,,,,,,,,,,,,,,,,,6941,49808,38641,60792
125763.0,1342,Whittier College,"Private, nonprofit",1,1301,"Education, General.",5,Master's Degree,25.0,18.0,0,36,75643,32,18,67520,18,80953,PS,PS,PS,PS,PS,36,22487,65824,52724,82084
125763.0,1342,Whittier College,"Private, nonprofit",1,1301,"Education, General.",8,Graduate/Professional Certificate,,,0,PS,PS,PS,PS,PS,PS,PS,PS,PS,PS,PS,PS,PS,633,69448,52638,83726
125763.0,1342,Whittier College,"Private, nonprofit",1,1412,Engineering Physics.,3,Bachelor's Degree,1.0,6.0,PS,PS,PS,PS,PS,PS,PS,PS,PS,PS,PS,PS,PS,PS,PS,PS,PS,PS
125763.0,1342,Whittier College,"Private, nonprofit",1,1603,"East Asian Languages, Literatures, and Linguistics.",3,Bachelor's Degree,0.0,0.0,1,PS,PS,PS,PS,PS,PS,PS,PS,PS,PS,PS,PS,PS,1249,51642,32068,74398
125763.0,1342,Whittier College,"Private, nonprofit",1,1609,"Romance Languages, Literatures, and Linguistics.",3,Bachelor's Degree,20.0,16.0,4,28,40976,21,PS,PS,PS,PS,PS,PS,PS,PS,PS,26,10363,55000,38411,73324
125763.0,1342,Whittier College,"Private, nonprofit",1,1907,"Human Development, Family Studies, and Related Services.",3,Bachelor's Degree,24.0,16.0,1,31,45651,21,PS,PS,PS,PS,PS,PS,PS,PS,PS,30,15127,48568,35149,62704
125763.0,1342,Whittier College,"Private, nonprofit",1,2201,Law.,7,First Professional Degree,,,17,183,93045,163,93,87717,91,97873,77,99182,108,91595,PS,156,40183,107773,75568,176111
125763.0,1342,Whittier College,"Private, nonprofit",1,2301,"English Language and Literature, General.",3,Bachelor's Degree,14.0,14.0,2,33,32702,20,PS,PS,PS,PS,PS,PS,PS,PS,PS,32,33025,48590,33654,63810
125763.0,1342,Whittier College,"Private, nonprofit",1,2401,"Liberal Arts and Sciences, General Studies and Humanities.",3,Bachelor's Degree,,,,,,,,,,,,,,,,,50554,53072,35750,73322
125763.0,1342,Whittier College,"Private, nonprofit",1,2601,"Biology, General.",3,Bachelor's Degree,31.0,49.0,1,26,56770,22,PS,PS,PS,PS,PS,PS,PS,PS,PS,22,57101,57214,38929,79199
125763.0,1342,Whittier College,"Private, nonprofit",1,2602,"Biochemistry, Biophysics and Molecular Biology.",3,Bachelor's Degree,3.0,4.0,1,PS,PS,PS,PS,PS,PS,PS,PS,PS,PS,PS,PS,PS,6319,65466,44889,88432
125763.0,1342,Whittier College,"Private, nonprofit",1,2701,Mathematics.,3,Bachelor's Degree,6.0,13.0,0,PS,PS,PS,PS,PS,PS,PS,PS,PS,PS,PS,PS,PS,15976,69562,49058,97414
125763.0,1342,Whittier College,"Private, nonprofit",1,3020,International/Globalization Studies.,3,Bachelor's Degree,2.0,3.0,1,PS,PS,PS,PS,PS,PS,PS,PS,PS,PS,PS,PS,PS,5436,59972,40760,82911
125763.0,1342,Whittier College,"Private, nonprofit",1,3105,"Sports, Kinesiology, and Physical Education/Fitness.",3,Bachelor's Degree,46.0,32.0,3,53,45155,36,22,44811,31,46798,32,45628,21,43909,24,34,48463,54562,39049,73020
125763.0,1342,Whittier College,"Private, nonprofit",1,3801,Philosophy.,3,Bachelor's Degree,5.0,3.0,0,PS,PS,PS,PS,PS,PS,PS,PS,PS,PS,PS,PS,PS,6085,54455,34926,78043
125763.0,1342,Whittier College,"Private, nonprofit",1,3802,Religion/Religious Studies.,3,Bachelor's Degree,0.0,0.0,1,PS,PS,PS,PS,PS,PS,PS,PS,PS,PS,PS,PS,PS,5310,41390,20518,65165
125763.0,1342,Whittier College,"Private, nonprofit",1,4005,Chemistry.,3,Bachelor's Degree,6.0,1.0,1,PS,PS,PS,PS,PS,PS,PS,PS,PS,PS,PS,PS,PS,10453,65120,48307,84018
125763.0,1342,Whittier College,"Private, nonprofit",1,4008,Physics.,3,Bachelor's Degree,5.0,6.0,1,PS,PS,PS,PS,PS,PS,PS,PS,PS,PS,PS,PS,PS,5602,76786,51777,102948
125763.0,1342,Whittier College,"Private, nonprofit",1,4201,"Psychology, General.",3,Bachelor's Degree,23.0,36.0,0,42,49534,31,PS,PS,PS,PS,PS,PS,PS,PS,PS,39,102536,50706,35740,67229
125763.0,1342,Whittier College,"Private, nonprofit",1,4407,Social Work.,3,Bachelor's Degree,16.0,13.0,1,PS,PS,PS,PS,PS,PS,PS,PS,PS,PS,PS,PS,PS,28986,51790,39212,64160
125763.0,1342,Whittier College,"Private, nonprofit",1,4501,"Social Sciences, General.",3,Bachelor's Degree,21.0,34.0,2,PS,PS,PS,PS,PS,PS,PS,PS,PS,PS,PS,PS,PS,6624,53366,36590,72257
125763.0,1342,Whittier College,"Private, nonprofit",1,4502,Anthropology.,3,Bachelor's Degree,3.0,4.0,0,PS,PS,PS,PS,PS,PS,PS,PS,PS,PS,PS,PS,PS,8303,46676,32056,63905
125763.0,1342,Whittier College,"Private, nonprofit",1,4506,Economics.,3,Bachelor's Degree,10.0,9.0,0,PS,PS,PS,PS,PS,PS,PS,PS,PS,PS,PS,PS,PS,28744,82686,58184,116323
125763.0,1342,Whittier College,"Private, nonprofit",1,4510,Political Science and Government.,3,Bachelor's Degree,18.0,9.0,3,29,63587,22,PS,PS,PS,PS,PS,PS,PS,PS,PS,22,36628,63293,44760,85406
125763.0,1342,Whittier College,"Private, nonprofit",1,4511,Sociology.,3,Bachelor's Degree,9.0,6.0,1,19,60980,17,PS,PS,PS,PS,PS,PS,PS,PS,PS,16,31848,52657,37665,69502
125763.0,1342,Whittier College,"Private, nonprofit",1,5004,Design and Applied Arts.,3,Bachelor's Degree,,5.0,,,,,,,,,,,,,,,PS,PS,PS,PS
125763.0,1342,Whittier College,"Private, nonprofit",1,5005,Drama/Theatre Arts and Stagecraft.,3,Bachelor's Degree,9.0,5.0,0,PS,PS,PS,PS,PS,PS,PS,PS,PS,PS,PS,PS,PS,14066,39775,25491,55399
125763.0,1342,Whittier College,"Private, nonprofit",1,5007,Fine and Studio Arts.,3,Bachelor's Degree,19.0,4.0,0,PS,PS,PS,PS,PS,PS,PS,PS,PS,PS,PS,PS,PS,26935,41367,26241,56653
125763.0,1342,Whittier College,"Private, nonprofit",1,5009,Music.,3,Bachelor's Degree,3.0,4.0,1,PS,PS,PS,PS,PS,PS,PS,PS,PS,PS,PS,PS,PS,14715,42892,26048,58755
125763.0,1342,Whittier College,"Private, nonprofit",1,5202,"Business Administration, Management and Operations.",3,Bachelor's Degree,43.0,64.0,8,105,61761,89,53,57972,52,66745,66,69833,39,52244,PS,82,183303,68257,47618,93584
125763.0,1342,Whittier College,"Private, nonprofit",1,5213,Management Sciences and Quantitative Methods.,3,Bachelor's Degree,0.0,0.0,0,PS,PS,PS,PS,PS,PS,PS,PS,PS,PS,PS,PS,PS,7976,86176,61755,114719
125763.0,1342,Whittier College,"Private, nonprofit",1,5401,History.,3,Bachelor's Degree,15.0,7.0,3,PS,PS,PS,PS,PS,PS,PS,PS,PS,PS,PS,PS,PS,23671,50680,36330,66736
125897.0,1343,Woodbury University,"Private, nonprofit",1,301,Natural Resources Conservation and Research.,3,Bachelor's Degree,0.0,0.0,,,,,,,,,,,,,,,PS,PS,PS,PS
125897.0,1343,Woodbury University,"Private, nonprofit",1,402,Architecture.,3,Bachelor's Degree,,,10,94,72762,82,PS,PS,PS,PS,61,74974,34,67510,PS,87,4504,66914,54236,78634
125897.0,1343,Woodbury University,"Private, nonprofit",1,402,Architecture.,5,Master's Degree,2.0,1.0,1,PS,PS,PS,PS,PS,PS,PS,PS,PS,PS,PS,PS,PS,2395,74139,62872,86117
125897.0,1343,Woodbury University,"Private, nonprofit",1,405,Interior Architecture.,3,Bachelor's Degree,9.0,1.0,1,PS,PS,PS,PS,PS,PS,PS,PS,PS,PS,PS,PS,PS,563,60369,47940,72348
125897.0,1343,Woodbury University,"Private, nonprofit",1,409,Architectural Sciences and Technology.,3,Bachelor's Degree,67.0,63.0,PS,PS,PS,PS,PS,PS,PS,PS,PS,PS,PS,PS,PS,PS,PS,PS,PS,PS
125897.0,1343,Woodbury University,"Private, nonprofit",1,409,Architectural Sciences and Technology.,5,Master's Degree,10.0,11.0,PS,PS,PS,PS,PS,PS,PS,PS,PS,PS,PS,PS,PS,PS,PS,PS,PS,PS
125897.0,1343,Woodbury University,"Private, nonprofit",1,410,Real Estate Development.,5,Master's Degree,,,0,PS,PS,PS,PS,PS,PS,PS,PS,PS,PS,PS,PS,PS,195,124997,76591,186247
125897.0,1343,Woodbury University,"Private, nonprofit",1,901,Communication and Media Studies.,3,Bachelor's Degree,5.0,7.0,0,PS,PS,PS,PS,PS,PS,PS,PS,PS,PS,PS,PS,PS,61357,56359,39575,76115
125897.0,1343,Woodbury University,"Private, nonprofit",1,901,Communication and Media Studies.,5,Master's Degree,,0.0,0,PS,PS,PS,PS,PS,PS,PS,PS,PS,PS,PS,PS,PS,PS,PS,PS,PS
125897.0,1343,Woodbury University,"Private, nonprofit",1,907,"Radio, Television, and Digital Communication.",3,Bachelor's Degree,,0.0,,,,,,,,,,,,,,,PS,PS,PS,PS
125897.0,1343,Woodbury University,"Private, nonprofit",1,1003,Graphic Communications.,3,Bachelor's Degree,0.0,24.0,,,,,,,,,,,,,,,PS,PS,PS,PS
125897.0,1343,Woodbury University,"Private, nonprofit",1,1101,"Computer and Information Sciences, General.",3,Bachelor's Degree,0.0,0.0,,,,,,,,,,,,,,,PS,PS,PS,PS
125897.0,1343,Woodbury University,"Private, nonprofit",1,1108,Computer Software and Media Applications.,3,Bachelor's Degree,0.0,0.0,,,,,,,,,,,,,,,PS,PS,PS,PS
125897.0,1343,Woodbury University,"Private, nonprofit",1,1501,Architectural Engineering Technologies/Technicians.,3,Bachelor's Degree,0.0,0.0,,,,,,,,,,,,,,,PS,PS,PS,PS
125897.0,1343,Woodbury University,"Private, nonprofit",1,1513,Drafting/Design Engineering Technologies/Technicians.,3,Bachelor's Degree,3.0,8.0,PS,PS,PS,PS,PS,PS,PS,PS,PS,PS,PS,PS,PS,PS,PS,PS,PS,PS
125897.0,1343,Woodbury University,"Private, nonprofit",1,1513,Drafting/Design Engineering Technologies/Technicians.,5,Master's Degree,3.0,6.0,PS,PS,PS,PS,PS,PS,PS,PS,PS,PS,PS,PS,PS,PS,PS,PS,PS,PS
125897.0,1343,Woodbury University,"Private, nonprofit",1,2313,Rhetoric and Composition/Writing Studies.,3,Bachelor's Degree,5.0,2.0,PS,PS,PS,PS,PS,PS,PS,PS,PS,PS,PS,PS,PS,PS,PS,PS,PS,PS
125897.0,1343,Woodbury University,"Private, nonprofit",1,3008,Mathematics and Computer Science.,3,Bachelor's Degree,0.0,0.0,PS,PS,PS,PS,PS,PS,PS,PS,PS,PS,PS,PS,PS,PS,PS,PS,PS,PS
125897.0,1343,Woodbury University,"Private, nonprofit",1,3031,Human Computer Interaction.,3,Bachelor's Degree,2.0,2.0,PS,PS,PS,PS,PS,PS,PS,PS,PS,PS,PS,PS,PS,PS,PS,PS,PS,PS
125897.0,1343,Woodbury University,"Private, nonprofit",1,3099,"Multi/Interdisciplinary Studies, Other.",3,Bachelor's Degree,3.0,2.0,1,PS,PS,PS,PS,PS,PS,PS,PS,PS,PS,PS,PS,PS,27598,55693,40311,72165
125897.0,1343,Woodbury University,"Private, nonprofit",1,4201,"Psychology, General.",3,Bachelor's Degree,7.0,6.0,0,PS,PS,PS,PS,PS,PS,PS,PS,PS,PS,PS,PS,PS,102536,50706,35740,67229
125897.0,1343,Woodbury University,"Private, nonprofit",1,4227,Research and Experimental Psychology.,3,Bachelor's Degree,,0.0,,,,,,,,,,,,,,,PS,PS,PS,PS
125897.0,1343,Woodbury University,"Private, nonprofit",1,4301,Criminal Justice and Corrections.,3,Bachelor's Degree,13.0,4.0,PS,PS,PS,PS,PS,PS,PS,PS,PS,PS,PS,PS,PS,PS,PS,PS,PS,PS
125897.0,1343,Woodbury University,"Private, nonprofit",1,4510,Political Science and Government.,3,Bachelor's Degree,3.0,3.0,PS,PS,PS,PS,PS,PS,PS,PS,PS,PS,PS,PS,PS,PS,36628,63293,44760,85406
125897.0,1343,Woodbury University,"Private, nonprofit",1,5001,"Visual and Performing Arts, General.",3,Bachelor's Degree,,,0,PS,PS,PS,PS,PS,PS,PS,PS,PS,PS,PS,PS,PS,3499,41688,25771,59858
125897.0,1343,Woodbury University,"Private, nonprofit",1,5004,Design and Applied Arts.,3,Bachelor's Degree,34.0,36.0,4,PS,PS,PS,PS,PS,PS,PS,PS,PS,PS,PS,PS,PS,23871,51490,33006,70612
125897.0,1343,Woodbury University,"Private, nonprofit",1,5006,Film/Video and Photographic Arts.,3,Bachelor's Degree,44.0,14.0,2,17,51579,PS,PS,PS,PS,PS,PS,PS,PS,PS,PS,17,12193,43765,25957,63381
125897.0,1343,Woodbury University,"Private, nonprofit",1,5202,"Business Administration, Management and Operations.",1,Undergraduate Certificate or Diploma,,0.0,,,,,,,,,,,,,,,PS,PS,PS,PS
125897.0,1343,Woodbury University,"Private, nonprofit",1,5202,"Business Administration, Management and Operations.",3,Bachelor's Degree,12.0,10.0,4,32,56815,20,PS,PS,PS,PS,PS,PS,PS,PS,PS,31,183303,68257,47618,93584
125897.0,1343,Woodbury University,"Private, nonprofit",1,5202,"Business Administration, Management and Operations.",5,Master's Degree,39.0,29.0,3,99,91700,87,67,81755,31,115557,34,82783,65,93086,PS,93,122193,103485,69982,153484
125897.0,1343,Woodbury University,"Private, nonprofit",1,5203,Accounting and Related Services.,1,Undergraduate Certificate or Diploma,,0.0,,,,,,,,,,,,,,,PS,PS,PS,PS
125897.0,1343,Woodbury University,"Private, nonprofit",1,5203,Accounting and Related Services.,3,Bachelor's Degree,13.0,1.0,1,21,72776,16,PS,PS,PS,PS,PS,PS,PS,PS,PS,21,63013,76194,56205,97191
125897.0,1343,Woodbury University,"Private, nonprofit",1,5214,Marketing.,1,Undergraduate Certificate or Diploma,,0.0,,,,,,,,,,,,,,,PS,PS,PS,PS
125897.0,1343,Woodbury University,"Private, nonprofit",1,5214,Marketing.,3,Bachelor's Degree,6.0,4.0,1,PS,PS,PS,PS,PS,PS,PS,PS,PS,PS,PS,PS,PS,48162,69303,49728,93152
125897.0,1343,Woodbury University,"Private, nonprofit",1,5219,"Specialized Sales, Merchandising and  Marketing Operations.",3,Bachelor's Degree,4.0,5.0,1,PS,PS,PS,PS,PS,PS,PS,PS,PS,PS,PS,PS,PS,4289,59631,42122,77961
125897.0,1343,Woodbury University,"Private, nonprofit",1,5401,History.,3,Bachelor's Degree,0.0,0.0,1,PS,PS,PS,PS,PS,PS,PS,PS,PS,PS,PS,PS,PS,23671,50680,36330,66736
126012.0,8846,The Wright Institute,"Private, nonprofit",1,4228,"Clinical, Counseling and Applied Psychology.",5,Master's Degree,133.0,137.0,5,41,81620,36,PS,PS,PS,PS,PS,PS,PS,PS,PS,37,22438,65184,47881,83770
126012.0,8846,The Wright Institute,"Private, nonprofit",1,4228,"Clinical, Counseling and Applied Psychology.",6,Doctoral Degree,53.0,60.0,8,67,115518,62,19,108776,48,120536,17,111136,50,116139,PS,52,5714,99878,69652,126700
126049.0,10854,Thomas Jefferson School of Law,"Private, nonprofit",1,2201,Law.,5,Master's Degree,,,1,PS,PS,PS,PS,PS,PS,PS,PS,PS,PS,PS,PS,PS,589,65341,40967,98916
126049.0,10854,Thomas Jefferson School of Law,"Private, nonprofit",1,2201,Law.,6,Doctoral Degree,,,,,,,,,,,,,,,,,5584,105518,75697,161837
126049.0,10854,Thomas Jefferson School of Law,"Private, nonprofit",1,2201,Law.,7,First Professional Degree,50.0,71.0,21,300,93379,260,126,92910,174,94371,150,95345,150,92031,PS,226,40183,107773,75568,176111
126049.0,10854,Thomas Jefferson School of Law,"Private, nonprofit",1,2202,Legal Research and Advanced Professional Studies.,5,Master's Degree,10.0,2.0,PS,PS,PS,PS,PS,PS,PS,PS,PS,PS,PS,PS,PS,PS,PS,PS,PS,PS
243744.0,1305,Stanford University,"Private, nonprofit",1,181,Veterinary Biomedical and Clinical Sciences.,5,Master's Degree,0.0,0.0,PS,PS,PS,PS,PS,PS,PS,PS,PS,PS,PS,PS,PS,PS,259,119562,69889,181640
243744.0,1305,Stanford University,"Private, nonprofit",1,301,Natural Resources Conservation and Research.,5,Master's Degree,27.0,27.0,0,PS,PS,PS,PS,PS,PS,PS,PS,PS,PS,PS,PS,PS,2674,74607,55183,98711
243744.0,1305,Stanford University,"Private, nonprofit",1,301,Natural Resources Conservation and Research.,6,Doctoral Degree,11.0,9.0,0,PS,PS,PS,PS,PS,PS,PS,PS,PS,PS,PS,PS,PS,320,87076,64410,110361
243744.0,1305,Stanford University,"Private, nonprofit",1,501,Area Studies.,3,Bachelor's Degree,17.0,9.0,0,PS,PS,PS,PS,PS,PS,PS,PS,PS,PS,PS,PS,PS,3737,56625,37190,78481
243744.0,1305,Stanford University,"Private, nonprofit",1,501,Area Studies.,5,Master's Degree,42.0,34.0,2,21,94964,19,PS,PS,PS,PS,PS,PS,PS,PS,PS,PS,720,68936,45626,99104
243744.0,1305,Stanford University,"Private, nonprofit",1,501,Area Studies.,6,Doctoral Degree,3.0,1.0,0,PS,PS,PS,PS,PS,PS,PS,PS,PS,PS,PS,PS,PS,PS,PS,PS,PS
243744.0,1305,Stanford University,"Private, nonprofit",1,502,"Ethnic, Cultural Minority, Gender, and Group Studies.",3,Bachelor's Degree,31.0,24.0,1,PS,PS,PS,PS,PS,PS,PS,PS,PS,PS,PS,PS,PS,5420,51710,34946,68128
243744.0,1305,Stanford University,"Private, nonprofit",1,901,Communication and Media Studies.,3,Bachelor's Degree,25.0,13.0,1,PS,PS,PS,PS,PS,PS,PS,PS,PS,PS,PS,PS,PS,61357,56359,39575,76115
243744.0,1305,Stanford University,"Private, nonprofit",1,901,Communication and Media Studies.,5,Master's Degree,0.0,0.0,0,18,170213,16,PS,PS,PS,PS,PS,PS,PS,PS,PS,PS,4101,71953,51074,99548
243744.0,1305,Stanford University,"Private, nonprofit",1,901,Communication and Media Studies.,6,Doctoral Degree,5.0,7.0,0,PS,PS,PS,PS,PS,PS,PS,PS,PS,PS,PS,PS,PS,505,77931,63649,102203
243744.0,1305,Stanford University,"Private, nonprofit",1,907,"Radio, Television, and Digital Communication.",5,Master's Degree,36.0,34.0,,,,,,,,,,,,,,,PS,PS,PS,PS
243744.0,1305,Stanford University,"Private, nonprofit",1,909,"Public Relations, Advertising, and Applied Communication.",5,Master's Degree,0.0,0.0,PS,PS,PS,PS,PS,PS,PS,PS,PS,PS,PS,PS,PS,PS,PS,PS,PS,PS
243744.0,1305,Stanford University,"Private, nonprofit",1,1107,Computer Science.,3,Bachelor's Degree,277.0,293.0,2,83,247797,78,44,271674,39,211397,PS,PS,PS,PS,19,52,28067,107009,74830,152038
243744.0,1305,Stanford University,"Private, nonprofit",1,1107,Computer Science.,5,Master's Degree,334.0,383.0,3,53,331747,52,21,313945,31,334275,PS,PS,PS,PS,PS,36,2450,145571,108475,208641
243744.0,1305,Stanford University,"Private, nonprofit",1,1107,Computer Science.,6,Doctoral Degree,45.0,53.0,1,PS,PS,PS,PS,PS,PS,PS,PS,PS,PS,PS,PS,PS,304,178476,122550,261974
243744.0,1305,Stanford University,"Private, nonprofit",1,1301,"Education, General.",5,Master's Degree,49.0,120.0,10,180,88795,172,44,88132,136,89249,49,91826,131,87450,PS,130,22487,65824,52724,82084
243744.0,1305,Stanford University,"Private, nonprofit",1,1301,"Education, General.",6,Doctoral Degree,25.0,29.0,0,PS,PS,PS,PS,PS,PS,PS,PS,PS,PS,PS,PS,PS,2686,87373,65101,115386
243744.0,1305,Stanford University,"Private, nonprofit",1,1306,"Educational Assessment, Evaluation, and Research.",5,Master's Degree,4.0,33.0,PS,PS,PS,PS,PS,PS,PS,PS,PS,PS,PS,PS,PS,PS,PS,PS,PS,PS
243744.0,1305,Stanford University,"Private, nonprofit",1,1312,"Teacher Education and Professional Development, Specific Levels and Methods.",5,Master's Degree,15.0,0.0,PS,PS,PS,PS,PS,PS,PS,PS,PS,PS,PS,PS,PS,PS,PS,PS,PS,PS
243744.0,1305,Stanford University,"Private, nonprofit",1,1313,"Teacher Education and Professional Development, Specific Subject Areas.",5,Master's Degree,41.0,0.0,PS,PS,PS,PS,PS,PS,PS,PS,PS,PS,PS,PS,PS,PS,PS,PS,PS,PS
243744.0,1305,Stanford University,"Private, nonprofit",1,1402,"Aerospace, Aeronautical, and Astronautical/Space Engineering.",3,Bachelor's Degree,6.0,13.0,PS,PS,PS,PS,PS,PS,PS,PS,PS,PS,PS,PS,PS,PS,PS,PS,PS,PS
243744.0,1305,Stanford University,"Private, nonprofit",1,1402,"Aerospace, Aeronautical, and Astronautical/Space Engineering.",5,Master's Degree,54.0,58.0,2,19,144702,18,PS,PS,PS,PS,PS,PS,PS,PS,PS,PS,1079,122434,103582,146717
243744.0,1305,Stanford University,"Private, nonprofit",1,1402,"Aerospace, Aeronautical, and Astronautical/Space Engineering.",6,Doctoral Degree,23.0,18.0,0,PS,PS,PS,PS,PS,PS,PS,PS,PS,PS,PS,PS,PS,163,138660,119925,160608
243744.0,1305,Stanford University,"Private, nonprofit",1,1402,"Aerospace, Aeronautical, and Astronautical/Space Engineering.",8,Graduate/Professional Certificate,0.0,1.0,PS,PS,PS,PS,PS,PS,PS,PS,PS,PS,PS,PS,PS,PS,PS,PS,PS,PS
243744.0,1305,Stanford University,"Private, nonprofit",1,1405,Biomedical/Medical Engineering.,3,Bachelor's Degree,33.0,41.0,0,PS,PS,PS,PS,PS,PS,PS,PS,PS,PS,PS,PS,PS,5726,93451,74134,113859
243744.0,1305,Stanford University,"Private, nonprofit",1,1405,Biomedical/Medical Engineering.,5,Master's Degree,42.0,33.0,0,PS,PS,PS,PS,PS,PS,PS,PS,PS,PS,PS,PS,PS,1704,106375,84793,130445
243744.0,1305,Stanford University,"Private, nonprofit",1,1405,Biomedical/Medical Engineering.,6,Doctoral Degree,40.0,29.0,0,PS,PS,PS,PS,PS,PS,PS,PS,PS,PS,PS,PS,PS,590,131848,93154,174349
243744.0,1305,Stanford University,"Private, nonprofit",1,1407,Chemical Engineering.,3,Bachelor's Degree,12.0,10.0,0,PS,PS,PS,PS,PS,PS,PS,PS,PS,PS,PS,PS,PS,10079,98158,80300,117974
243744.0,1305,Stanford University,"Private, nonprofit",1,1407,Chemical Engineering.,5,Master's Degree,22.0,18.0,0,PS,PS,PS,PS,PS,PS,PS,PS,PS,PS,PS,PS,PS,710,115468,92260,139894
243744.0,1305,Stanford University,"Private, nonprofit",1,1407,Chemical Engineering.,6,Doctoral Degree,23.0,19.0,0,PS,PS,PS,PS,PS,PS,PS,PS,PS,PS,PS,PS,PS,415,141187,110318,181849
243744.0,1305,Stanford University,"Private, nonprofit",1,1407,Chemical Engineering.,8,Graduate/Professional Certificate,0.0,0.0,PS,PS,PS,PS,PS,PS,PS,PS,PS,PS,PS,PS,PS,PS,PS,PS,PS,PS
243744.0,1305,Stanford University,"Private, nonprofit",1,1408,Civil Engineering.,3,Bachelor's Degree,6.0,3.0,0,PS,PS,PS,PS,PS,PS,PS,PS,PS,PS,PS,PS,PS,15798,86517,73883,101174
243744.0,1305,Stanford University,"Private, nonprofit",1,1408,Civil Engineering.,5,Master's Degree,137.0,212.0,5,59,122256,57,18,112460,41,133386,33,113342,26,130240,PS,38,3258,98323,84186,116108
243744.0,1305,Stanford University,"Private, nonprofit",1,1408,Civil Engineering.,6,Doctoral Degree,34.0,23.0,1,PS,PS,PS,PS,PS,PS,PS,PS,PS,PS,PS,PS,PS,293,110980,87489,147569
243744.0,1305,Stanford University,"Private, nonprofit",1,1408,Civil Engineering.,8,Graduate/Professional Certificate,4.0,2.0,PS,PS,PS,PS,PS,PS,PS,PS,PS,PS,PS,PS,PS,PS,PS,PS,PS,PS
243744.0,1305,Stanford University,"Private, nonprofit",1,1410,"Electrical, Electronics, and Communications Engineering.",3,Bachelor's Degree,43.0,30.0,3,20,187527,21,PS,PS,PS,PS,PS,PS,PS,PS,PS,PS,16532,100647,84635,122440
243744.0,1305,Stanford University,"Private, nonprofit",1,1410,"Electrical, Electronics, and Communications Engineering.",5,Master's Degree,96.0,138.0,3,45,230373,44,PS,PS,20,213734,PS,PS,PS,PS,PS,35,3090,133654,107420,171817
243744.0,1305,Stanford University,"Private, nonprofit",1,1410,"Electrical, Electronics, and Communications Engineering.",6,Doctoral Degree,67.0,72.0,1,20,314606,20,PS,PS,PS,PS,PS,PS,PS,PS,PS,PS,431,157305,129276,205872
243744.0,1305,Stanford University,"Private, nonprofit",1,1410,"Electrical, Electronics, and Communications Engineering.",8,Graduate/Professional Certificate,0.0,0.0,PS,PS,PS,PS,PS,PS,PS,PS,PS,PS,PS,PS,PS,PS,PS,PS,PS,PS
243744.0,1305,Stanford University,"Private, nonprofit",1,1414,Environmental/Environmental Health Engineering.,3,Bachelor's Degree,11.0,5.0,0,PS,PS,PS,PS,PS,PS,PS,PS,PS,PS,PS,PS,PS,1579,81171,68911,95232
243744.0,1305,Stanford University,"Private, nonprofit",1,1418,Materials Engineering.,3,Bachelor's Degree,10.0,12.0,0,PS,PS,PS,PS,PS,PS,PS,PS,PS,PS,PS,PS,PS,1151,91449,76710,109151
243744.0,1305,Stanford University,"Private, nonprofit",1,1418,Materials Engineering.,5,Master's Degree,56.0,58.0,0,PS,PS,PS,PS,PS,PS,PS,PS,PS,PS,PS,PS,PS,476,112282,92894,138293
243744.0,1305,Stanford University,"Private, nonprofit",1,1418,Materials Engineering.,6,Doctoral Degree,30.0,19.0,0,PS,PS,PS,PS,PS,PS,PS,PS,PS,PS,PS,PS,PS,302,130845,107103,164176
243744.0,1305,Stanford University,"Private, nonprofit",1,1419,Mechanical Engineering.,3,Bachelor's Degree,49.0,56.0,2,46,140707,43,24,136730,22,147693,PS,PS,PS,PS,20,32,36057,92135,77715,109121
243744.0,1305,Stanford University,"Private, nonprofit",1,1419,Mechanical Engineering.,5,Master's Degree,94.0,148.0,4,51,161655,50,21,185801,30,162880,PS,PS,PS,PS,PS,33,3775,115974,97429,140629
243744.0,1305,Stanford University,"Private, nonprofit",1,1419,Mechanical Engineering.,6,Doctoral Degree,54.0,42.0,0,PS,PS,PS,PS,PS,PS,PS,PS,PS,PS,PS,PS,PS,522,131070,106875,161760
243744.0,1305,Stanford University,"Private, nonprofit",1,1419,Mechanical Engineering.,8,Graduate/Professional Certificate,0.0,0.0,PS,PS,PS,PS,PS,PS,PS,PS,PS,PS,PS,PS,PS,PS,PS,PS,PS,PS
243744.0,1305,Stanford University,"Private, nonprofit",1,1425,Petroleum Engineering.,5,Master's Degree,2.0,1.0,0,PS,PS,PS,PS,PS,PS,PS,PS,PS,PS,PS,PS,PS,PS,PS,PS,PS
243744.0,1305,Stanford University,"Private, nonprofit",1,1425,Petroleum Engineering.,6,Doctoral Degree,1.0,2.0,PS,PS,PS,PS,PS,PS,PS,PS,PS,PS,PS,PS,PS,PS,PS,PS,PS,PS
243744.0,1305,Stanford University,"Private, nonprofit",1,1425,Petroleum Engineering.,8,Graduate/Professional Certificate,0.0,0.0,PS,PS,PS,PS,PS,PS,PS,PS,PS,PS,PS,PS,PS,PS,PS,PS,PS,PS
243744.0,1305,Stanford University,"Private, nonprofit",1,1499,"Engineering, Other.",3,Bachelor's Degree,91.0,89.0,7,56,122212,51,29,96674,27,146792,29,108032,29,138251,PS,28,846,93989,77377,115349
243744.0,1305,Stanford University,"Private, nonprofit",1,1499,"Engineering, Other.",5,Master's Degree,22.0,14.0,4,PS,PS,PS,PS,PS,PS,PS,PS,PS,PS,PS,PS,PS,809,129974,100673,169304
243744.0,1305,Stanford University,"Private, nonprofit",1,1499,"Engineering, Other.",6,Doctoral Degree,13.0,17.0,1,PS,PS,PS,PS,PS,PS,PS,PS,PS,PS,PS,PS,PS,68,140028,112013,172239
243744.0,1305,Stanford University,"Private, nonprofit",1,1499,"Engineering, Other.",8,Graduate/Professional Certificate,0.0,0.0,PS,PS,PS,PS,PS,PS,PS,PS,PS,PS,PS,PS,PS,PS,PS,PS,PS,PS
243744.0,1305,Stanford University,"Private, nonprofit",1,1515,Engineering-Related Fields.,3,Bachelor's Degree,77.0,52.0,1,17,168931,18,PS,PS,PS,PS,PS,PS,PS,PS,PS,PS,1839,89619,71039,110158
243744.0,1305,Stanford University,"Private, nonprofit",1,1515,Engineering-Related Fields.,5,Master's Degree,99.0,110.0,1,30,227320,29,PS,PS,PS,PS,PS,PS,PS,PS,PS,PS,1847,125651,97217,158811
243744.0,1305,Stanford University,"Private, nonprofit",1,1515,Engineering-Related Fields.,6,Doctoral Degree,17.0,10.0,0,PS,PS,PS,PS,PS,PS,PS,PS,PS,PS,PS,PS,PS,115,171574,112761,235535
243744.0,1305,Stanford University,"Private, nonprofit",1,1601,"Linguistic, Comparative, and Related Language Studies and Services.",3,Bachelor's Degree,17.0,21.0,0,PS,PS,PS,PS,PS,PS,PS,PS,PS,PS,PS,PS,PS,4565,49984,32888,69881
243744.0,1305,Stanford University,"Private, nonprofit",1,1601,"Linguistic, Comparative, and Related Language Studies and Services.",5,Master's Degree,1.0,3.0,PS,PS,PS,PS,PS,PS,PS,PS,PS,PS,PS,PS,PS,PS,PS,PS,PS,PS
243744.0,1305,Stanford University,"Private, nonprofit",1,1601,"Linguistic, Comparative, and Related Language Studies and Services.",6,Doctoral Degree,6.0,9.0,0,PS,PS,PS,PS,PS,PS,PS,PS,PS,PS,PS,PS,PS,250,77285,53697,110956
243744.0,1305,Stanford University,"Private, nonprofit",1,1603,"East Asian Languages, Literatures, and Linguistics.",3,Bachelor's Degree,0.0,0.0,PS,PS,PS,PS,PS,PS,PS,PS,PS,PS,PS,PS,PS,PS,1249,51642,32068,74398
243744.0,1305,Stanford University,"Private, nonprofit",1,1603,"East Asian Languages, Literatures, and Linguistics.",5,Master's Degree,2.0,3.0,1,PS,PS,PS,PS,PS,PS,PS,PS,PS,PS,PS,PS,PS,44,62871,PS,72283
243744.0,1305,Stanford University,"Private, nonprofit",1,1603,"East Asian Languages, Literatures, and Linguistics.",6,Doctoral Degree,6.0,3.0,PS,PS,PS,PS,PS,PS,PS,PS,PS,PS,PS,PS,PS,PS,27,72231,PS,78429
243744.0,1305,Stanford University,"Private, nonprofit",1,1604,"Slavic, Baltic and Albanian Languages, Literatures, and Linguistics.",3,Bachelor's Degree,2.0,0.0,PS,PS,PS,PS,PS,PS,PS,PS,PS,PS,PS,PS,PS,PS,PS,PS,PS,PS
243744.0,1305,Stanford University,"Private, nonprofit",1,1604,"Slavic, Baltic and Albanian Languages, Literatures, and Linguistics.",5,Master's Degree,0.0,0.0,PS,PS,PS,PS,PS,PS,PS,PS,PS,PS,PS,PS,PS,PS,PS,PS,PS,PS
243744.0,1305,Stanford University,"Private, nonprofit",1,1604,"Slavic, Baltic and Albanian Languages, Literatures, and Linguistics.",6,Doctoral Degree,0.0,4.0,0,PS,PS,PS,PS,PS,PS,PS,PS,PS,PS,PS,PS,PS,17,59812,PS,78353
243744.0,1305,Stanford University,"Private, nonprofit",1,1605,"Germanic Languages, Literatures, and Linguistics.",3,Bachelor's Degree,3.0,2.0,PS,PS,PS,PS,PS,PS,PS,PS,PS,PS,PS,PS,PS,PS,925,55459,36860,80954
243744.0,1305,Stanford University,"Private, nonprofit",1,1605,"Germanic Languages, Literatures, and Linguistics.",5,Master's Degree,2.0,2.0,PS,PS,PS,PS,PS,PS,PS,PS,PS,PS,PS,PS,PS,PS,PS,PS,PS,PS
243744.0,1305,Stanford University,"Private, nonprofit",1,1605,"Germanic Languages, Literatures, and Linguistics.",6,Doctoral Degree,2.0,2.0,PS,PS,PS,PS,PS,PS,PS,PS,PS,PS,PS,PS,PS,PS,PS,PS,PS,PS
243744.0,1305,Stanford University,"Private, nonprofit",1,1609,"Romance Languages, Literatures, and Linguistics.",3,Bachelor's Degree,1.0,7.0,0,PS,PS,PS,PS,PS,PS,PS,PS,PS,PS,PS,PS,PS,10363,55000,38411,73324
243744.0,1305,Stanford University,"Private, nonprofit",1,1609,"Romance Languages, Literatures, and Linguistics.",5,Master's Degree,0.0,0.0,0,PS,PS,PS,PS,PS,PS,PS,PS,PS,PS,PS,PS,PS,654,60728,46427,78882
243744.0,1305,Stanford University,"Private, nonprofit",1,1609,"Romance Languages, Literatures, and Linguistics.",6,Doctoral Degree,3.0,3.0,0,PS,PS,PS,PS,PS,PS,PS,PS,PS,PS,PS,PS,PS,PS,PS,PS,PS
243744.0,1305,Stanford University,"Private, nonprofit",1,1612,"Classics and Classical Languages, Literatures, and Linguistics.",3,Bachelor's Degree,16.0,9.0,1,PS,PS,PS,PS,PS,PS,PS,PS,PS,PS,PS,PS,PS,813,49429,32066,67794
243744.0,1305,Stanford University,"Private, nonprofit",1,1612,"Classics and Classical Languages, Literatures, and Linguistics.",5,Master's Degree,2.0,1.0,PS,PS,PS,PS,PS,PS,PS,PS,PS,PS,PS,PS,PS,PS,PS,PS,PS,PS
243744.0,1305,Stanford University,"Private, nonprofit",1,1612,"Classics and Classical Languages, Literatures, and Linguistics.",6,Doctoral Degree,6.0,4.0,1,PS,PS,PS,PS,PS,PS,PS,PS,PS,PS,PS,PS,PS,80,66710,45559,92190
243744.0,1305,Stanford University,"Private, nonprofit",1,2201,Law.,7,First Professional Degree,190.0,183.0,11,246,289230,244,60,284252,188,288997,135,308948,113,260449,PS,104,40183,107773,75568,176111
243744.0,1305,Stanford University,"Private, nonprofit",1,2202,Legal Research and Advanced Professional Studies.,5,Master's Degree,94.0,94.0,0,PS,PS,PS,PS,PS,PS,PS,PS,PS,PS,PS,PS,PS,PS,PS,PS,PS
243744.0,1305,Stanford University,"Private, nonprofit",1,2202,Legal Research and Advanced Professional Studies.,6,Doctoral Degree,3.0,2.0,PS,PS,PS,PS,PS,PS,PS,PS,PS,PS,PS,PS,PS,PS,PS,PS,PS,PS
243744.0,1305,Stanford University,"Private, nonprofit",1,2301,"English Language and Literature, General.",3,Bachelor's Degree,33.0,52.0,3,19,56399,PS,PS,PS,PS,PS,PS,PS,PS,PS,PS,PS,33025,48590,33654,63810
243744.0,1305,Stanford University,"Private, nonprofit",1,2301,"English Language and Literature, General.",5,Master's Degree,3.0,3.0,0,PS,PS,PS,PS,PS,PS,PS,PS,PS,PS,PS,PS,PS,3708,55512,39177,72721
243744.0,1305,Stanford University,"Private, nonprofit",1,2301,"English Language and Literature, General.",6,Doctoral Degree,5.0,4.0,1,PS,PS,PS,PS,PS,PS,PS,PS,PS,PS,PS,PS,PS,1151,65831,51001,82694
243744.0,1305,Stanford University,"Private, nonprofit",1,2399,"English Language and Literature/Letters, Other.",5,Master's Degree,2.0,5.0,PS,PS,PS,PS,PS,PS,PS,PS,PS,PS,PS,PS,PS,PS,154,50850,30785,72126
243744.0,1305,Stanford University,"Private, nonprofit",1,2399,"English Language and Literature/Letters, Other.",6,Doctoral Degree,2.0,3.0,0,PS,PS,PS,PS,PS,PS,PS,PS,PS,PS,PS,PS,PS,20,74325,PS,87974
243744.0,1305,Stanford University,"Private, nonprofit",1,2401,"Liberal Arts and Sciences, General Studies and Humanities.",3,Bachelor's Degree,,,PS,PS,PS,PS,PS,PS,PS,PS,PS,PS,PS,PS,PS,PS,50554,53072,35750,73322
243744.0,1305,Stanford University,"Private, nonprofit",1,2401,"Liberal Arts and Sciences, General Studies and Humanities.",5,Master's Degree,13.0,7.0,1,PS,PS,PS,PS,PS,PS,PS,PS,PS,PS,PS,PS,PS,2419,65716,45452,93350
243744.0,1305,Stanford University,"Private, nonprofit",1,2601,"Biology, General.",3,Bachelor's Degree,62.0,56.0,3,18,76182,16,PS,PS,PS,PS,PS,PS,PS,PS,PS,PS,57101,57214,38929,79199
243744.0,1305,Stanford University,"Private, nonprofit",1,2601,"Biology, General.",5,Master's Degree,19.0,22.0,0,PS,PS,PS,PS,PS,PS,PS,PS,PS,PS,PS,PS,PS,3962,69830,50928,96355
243744.0,1305,Stanford University,"Private, nonprofit",1,2601,"Biology, General.",6,Doctoral Degree,19.0,36.0,0,PS,PS,PS,PS,PS,PS,PS,PS,PS,PS,PS,PS,PS,1183,92983,66390,139917
243744.0,1305,Stanford University,"Private, nonprofit",1,2602,"Biochemistry, Biophysics and Molecular Biology.",5,Master's Degree,0.0,0.0,PS,PS,PS,PS,PS,PS,PS,PS,PS,PS,PS,PS,PS,PS,PS,PS,PS,PS
243744.0,1305,Stanford University,"Private, nonprofit",1,2602,"Biochemistry, Biophysics and Molecular Biology.",6,Doctoral Degree,26.0,19.0,0,PS,PS,PS,PS,PS,PS,PS,PS,PS,PS,PS,PS,PS,647,112683,70874,159820
243744.0,1305,Stanford University,"Private, nonprofit",1,2604,Cell/Cellular Biology and Anatomical Sciences.,5,Master's Degree,0.0,0.0,PS,PS,PS,PS,PS,PS,PS,PS,PS,PS,PS,PS,PS,PS,PS,PS,PS,PS
243744.0,1305,Stanford University,"Private, nonprofit",1,2604,Cell/Cellular Biology and Anatomical Sciences.,6,Doctoral Degree,4.0,2.0,0,PS,PS,PS,PS,PS,PS,PS,PS,PS,PS,PS,PS,PS,PS,PS,PS,PS
243744.0,1305,Stanford University,"Private, nonprofit",1,2605,Microbiological Sciences and Immunology.,5,Master's Degree,1.0,0.0,PS,PS,PS,PS,PS,PS,PS,PS,PS,PS,PS,PS,PS,PS,PS,PS,PS,PS
243744.0,1305,Stanford University,"Private, nonprofit",1,2605,Microbiological Sciences and Immunology.,6,Doctoral Degree,18.0,14.0,1,PS,PS,PS,PS,PS,PS,PS,PS,PS,PS,PS,PS,PS,436,101435,67906,148718
243744.0,1305,Stanford University,"Private, nonprofit",1,2608,Genetics.,5,Master's Degree,13.0,17.0,0,PS,PS,PS,PS,PS,PS,PS,PS,PS,PS,PS,PS,PS,244,92660,77494,105472
243744.0,1305,Stanford University,"Private, nonprofit",1,2608,Genetics.,6,Doctoral Degree,13.0,13.0,0,PS,PS,PS,PS,PS,PS,PS,PS,PS,PS,PS,PS,PS,244,102123,68994,144302
243744.0,1305,Stanford University,"Private, nonprofit",1,2609,"Physiology, Pathology and Related Sciences.",5,Master's Degree,0.0,2.0,PS,PS,PS,PS,PS,PS,PS,PS,PS,PS,PS,PS,PS,PS,PS,PS,PS,PS
243744.0,1305,Stanford University,"Private, nonprofit",1,2609,"Physiology, Pathology and Related Sciences.",6,Doctoral Degree,16.0,12.0,0,PS,PS,PS,PS,PS,PS,PS,PS,PS,PS,PS,PS,PS,474,93640,66380,138797
243744.0,1305,Stanford University,"Private, nonprofit",1,2613,"Ecology, Evolution, Systematics, and Population Biology.",5,Master's Degree,28.0,30.0,1,PS,PS,PS,PS,PS,PS,PS,PS,PS,PS,PS,PS,PS,1666,82527,62410,110761
243744.0,1305,Stanford University,"Private, nonprofit",1,2613,"Ecology, Evolution, Systematics, and Population Biology.",6,Doctoral Degree,2.0,2.0,PS,PS,PS,PS,PS,PS,PS,PS,PS,PS,PS,PS,PS,PS,PS,PS,PS,PS
243744.0,1305,Stanford University,"Private, nonprofit",1,2615,Neurobiology and Neurosciences.,5,Master's Degree,1.0,1.0,PS,PS,PS,PS,PS,PS,PS,PS,PS,PS,PS,PS,PS,PS,PS,PS,PS,PS
243744.0,1305,Stanford University,"Private, nonprofit",1,2615,Neurobiology and Neurosciences.,6,Doctoral Degree,14.0,13.0,1,PS,PS,PS,PS,PS,PS,PS,PS,PS,PS,PS,PS,PS,505,96176,66743,141523
243744.0,1305,Stanford University,"Private, nonprofit",1,2699,"Biological and Biomedical Sciences, Other.",5,Master's Degree,1.0,0.0,PS,PS,PS,PS,PS,PS,PS,PS,PS,PS,PS,PS,PS,PS,PS,PS,PS,PS
243744.0,1305,Stanford University,"Private, nonprofit",1,2699,"Biological and Biomedical Sciences, Other.",6,Doctoral Degree,8.0,6.0,0,PS,PS,PS,PS,PS,PS,PS,PS,PS,PS,PS,PS,PS,184,101096,70072,147391
243744.0,1305,Stanford University,"Private, nonprofit",1,2701,Mathematics.,3,Bachelor's Degree,71.0,65.0,1,PS,PS,PS,PS,PS,PS,PS,PS,PS,PS,PS,PS,PS,15976,69562,49058,97414
243744.0,1305,Stanford University,"Private, nonprofit",1,2701,Mathematics.,5,Master's Degree,2.0,2.0,PS,PS,PS,PS,PS,PS,PS,PS,PS,PS,PS,PS,PS,PS,PS,PS,PS,PS
243744.0,1305,Stanford University,"Private, nonprofit",1,2701,Mathematics.,6,Doctoral Degree,19.0,18.0,0,PS,PS,PS,PS,PS,PS,PS,PS,PS,PS,PS,PS,PS,591,89656,63050,141934
243744.0,1305,Stanford University,"Private, nonprofit",1,2703,Applied Mathematics.,3,Bachelor's Degree,43.0,31.0,2,PS,PS,PS,PS,PS,PS,PS,PS,PS,PS,PS,PS,PS,2680,91532,63368,127252
243744.0,1305,Stanford University,"Private, nonprofit",1,2703,Applied Mathematics.,5,Master's Degree,42.0,49.0,1,PS,PS,PS,PS,PS,PS,PS,PS,PS,PS,PS,PS,PS,1088,116060,85199,161426
243744.0,1305,Stanford University,"Private, nonprofit",1,2703,Applied Mathematics.,6,Doctoral Degree,17.0,16.0,0,PS,PS,PS,PS,PS,PS,PS,PS,PS,PS,PS,PS,PS,PS,PS,PS,PS
243744.0,1305,Stanford University,"Private, nonprofit",1,2705,Statistics.,5,Master's Degree,60.0,54.0,0,PS,PS,PS,PS,PS,PS,PS,PS,PS,PS,PS,PS,PS,1073,123816,89177,164755
243744.0,1305,Stanford University,"Private, nonprofit",1,2705,Statistics.,6,Doctoral Degree,14.0,11.0,PS,PS,PS,PS,PS,PS,PS,PS,PS,PS,PS,PS,PS,PS,132,156733,114323,215667
243744.0,1305,Stanford University,"Private, nonprofit",1,3006,Systems Science and Theory.,3,Bachelor's Degree,,4.0,,,,,,,,,,,,,,,PS,PS,PS,PS
243744.0,1305,Stanford University,"Private, nonprofit",1,3015,"Science, Technology and Society.",3,Bachelor's Degree,40.0,27.0,2,45,92295,39,27,76863,18,99228,26,76448,19,95286,PS,23,781,67452,44884,93107
243744.0,1305,Stanford University,"Private, nonprofit",1,3025,Cognitive Science.,3,Bachelor's Degree,64.0,83.0,0,PS,PS,PS,PS,PS,PS,PS,PS,PS,PS,PS,PS,PS,1411,81496,53334,130402
243744.0,1305,Stanford University,"Private, nonprofit",1,3025,Cognitive Science.,5,Master's Degree,8.0,6.0,0,PS,PS,PS,PS,PS,PS,PS,PS,PS,PS,PS,PS,PS,65,71800,PS,105988
243744.0,1305,Stanford University,"Private, nonprofit",1,3027,Human Biology.,3,Bachelor's Degree,114.0,140.0,5,54,79098,48,37,75065,16,81445,22,86039,31,71183,16,32,611,64732,42154,98218
243744.0,1305,Stanford University,"Private, nonprofit",1,3033,Sustainability Studies.,3,Bachelor's Degree,,,,,,,,,,,,,,,,,699,57887,37231,77143
243744.0,1305,Stanford University,"Private, nonprofit",1,3033,Sustainability Studies.,5,Master's Degree,35.0,26.0,PS,PS,PS,PS,PS,PS,PS,PS,PS,PS,PS,PS,PS,PS,657,76897,59678,102020
243744.0,1305,Stanford University,"Private, nonprofit",1,3801,Philosophy.,3,Bachelor's Degree,17.0,19.0,0,PS,PS,PS,PS,PS,PS,PS,PS,PS,PS,PS,PS,PS,6085,54455,34926,78043
243744.0,1305,Stanford University,"Private, nonprofit",1,3801,Philosophy.,5,Master's Degree,7.0,5.0,0,PS,PS,PS,PS,PS,PS,PS,PS,PS,PS,PS,PS,PS,381,60272,35130,84227
243744.0,1305,Stanford University,"Private, nonprofit",1,3801,Philosophy.,6,Doctoral Degree,3.0,6.0,0,PS,PS,PS,PS,PS,PS,PS,PS,PS,PS,PS,PS,PS,412,70449,49402,96456
243744.0,1305,Stanford University,"Private, nonprofit",1,3802,Religion/Religious Studies.,3,Bachelor's Degree,2.0,2.0,PS,PS,PS,PS,PS,PS,PS,PS,PS,PS,PS,PS,PS,PS,PS,PS,PS,PS
243744.0,1305,Stanford University,"Private, nonprofit",1,3802,Religion/Religious Studies.,5,Master's Degree,2.0,0.0,0,PS,PS,PS,PS,PS,PS,PS,PS,PS,PS,PS,PS,PS,PS,PS,PS,PS
243744.0,1305,Stanford University,"Private, nonprofit",1,3802,Religion/Religious Studies.,6,Doctoral Degree,1.0,4.0,1,PS,PS,PS,PS,PS,PS,PS,PS,PS,PS,PS,PS,PS,312,67164,45379,91516
243744.0,1305,Stanford University,"Private, nonprofit",1,3899,"Philosophy and Religious Studies, Other.",3,Bachelor's Degree,4.0,1.0,1,PS,PS,PS,PS,PS,PS,PS,PS,PS,PS,PS,PS,PS,PS,PS,PS,PS
243744.0,1305,Stanford University,"Private, nonprofit",1,4005,Chemistry.,3,Bachelor's Degree,11.0,12.0,0,PS,PS,PS,PS,PS,PS,PS,PS,PS,PS,PS,PS,PS,10453,65120,48307,84018
243744.0,1305,Stanford University,"Private, nonprofit",1,4005,Chemistry.,5,Master's Degree,4.0,3.0,0,PS,PS,PS,PS,PS,PS,PS,PS,PS,PS,PS,PS,PS,1187,82937,60941,109811
243744.0,1305,Stanford University,"Private, nonprofit",1,4005,Chemistry.,6,Doctoral Degree,31.0,44.0,0,PS,PS,PS,PS,PS,PS,PS,PS,PS,PS,PS,PS,PS,1894,115386,83589,152460
243744.0,1305,Stanford University,"Private, nonprofit",1,4006,Geological and Earth Sciences/Geosciences.,3,Bachelor's Degree,38.0,32.0,2,PS,PS,PS,PS,PS,PS,PS,PS,PS,PS,PS,PS,PS,6193,60190,44343,77573
243744.0,1305,Stanford University,"Private, nonprofit",1,4006,Geological and Earth Sciences/Geosciences.,5,Master's Degree,30.0,34.0,1,PS,PS,PS,PS,PS,PS,PS,PS,PS,PS,PS,PS,PS,1356,79463,59785,103530
243744.0,1305,Stanford University,"Private, nonprofit",1,4006,Geological and Earth Sciences/Geosciences.,6,Doctoral Degree,30.0,19.0,1,PS,PS,PS,PS,PS,PS,PS,PS,PS,PS,PS,PS,PS,509,92039,69189,121816
243744.0,1305,Stanford University,"Private, nonprofit",1,4008,Physics.,3,Bachelor's Degree,27.0,33.0,1,PS,PS,PS,PS,PS,PS,PS,PS,PS,PS,PS,PS,PS,5602,76786,51777,102948
243744.0,1305,Stanford University,"Private, nonprofit",1,4008,Physics.,5,Master's Degree,17.0,18.0,0,PS,PS,PS,PS,PS,PS,PS,PS,PS,PS,PS,PS,PS,722,96478,63485,130121
243744.0,1305,Stanford University,"Private, nonprofit",1,4008,Physics.,6,Doctoral Degree,55.0,60.0,0,PS,PS,PS,PS,PS,PS,PS,PS,PS,PS,PS,PS,PS,854,130153,87633,170254
243744.0,1305,Stanford University,"Private, nonprofit",1,4201,"Psychology, General.",3,Bachelor's Degree,0.0,0.0,3,39,63396,31,PS,PS,PS,PS,PS,PS,PS,PS,PS,18,102536,50706,35740,67229
243744.0,1305,Stanford University,"Private, nonprofit",1,4201,"Psychology, General.",5,Master's Degree,0.0,0.0,0,PS,PS,PS,PS,PS,PS,PS,PS,PS,PS,PS,PS,PS,5527,64711,45967,86199
243744.0,1305,Stanford University,"Private, nonprofit",1,4201,"Psychology, General.",6,Doctoral Degree,0.0,0.0,1,PS,PS,PS,PS,PS,PS,PS,PS,PS,PS,PS,PS,PS,1927,98707,69268,127593
243744.0,1305,Stanford University,"Private, nonprofit",1,4227,Research and Experimental Psychology.,3,Bachelor's Degree,71.0,57.0,PS,PS,PS,PS,PS,PS,PS,PS,PS,PS,PS,PS,PS,PS,7947,55695,38073,76465
243744.0,1305,Stanford University,"Private, nonprofit",1,4227,Research and Experimental Psychology.,5,Master's Degree,3.0,2.0,PS,PS,PS,PS,PS,PS,PS,PS,PS,PS,PS,PS,PS,PS,PS,PS,PS,PS
243744.0,1305,Stanford University,"Private, nonprofit",1,4227,Research and Experimental Psychology.,6,Doctoral Degree,10.0,11.0,PS,PS,PS,PS,PS,PS,PS,PS,PS,PS,PS,PS,PS,PS,PS,PS,PS,PS
243744.0,1305,Stanford University,"Private, nonprofit",1,4405,Public Policy Analysis.,3,Bachelor's Degree,18.0,16.0,1,PS,PS,PS,PS,PS,PS,PS,PS,PS,PS,PS,PS,PS,1612,73721,53280,104068
243744.0,1305,Stanford University,"Private, nonprofit",1,4405,Public Policy Analysis.,5,Master's Degree,23.0,24.0,1,PS,PS,PS,PS,PS,PS,PS,PS,PS,PS,PS,PS,PS,2714,93020,70186,121540
243744.0,1305,Stanford University,"Private, nonprofit",1,4502,Anthropology.,3,Bachelor's Degree,5.0,9.0,1,PS,PS,PS,PS,PS,PS,PS,PS,PS,PS,PS,PS,PS,8303,46676,32056,63905
243744.0,1305,Stanford University,"Private, nonprofit",1,4502,Anthropology.,5,Master's Degree,15.0,3.0,1,PS,PS,PS,PS,PS,PS,PS,PS,PS,PS,PS,PS,PS,PS,PS,PS,PS
243744.0,1305,Stanford University,"Private, nonprofit",1,4502,Anthropology.,6,Doctoral Degree,12.0,4.0,0,PS,PS,PS,PS,PS,PS,PS,PS,PS,PS,PS,PS,PS,534,77473,57038,100081
243744.0,1305,Stanford University,"Private, nonprofit",1,4503,Archeology.,3,Bachelor's Degree,0.0,2.0,0,PS,PS,PS,PS,PS,PS,PS,PS,PS,PS,PS,PS,PS,PS,PS,PS,PS
243744.0,1305,Stanford University,"Private, nonprofit",1,4506,Economics.,3,Bachelor's Degree,108.0,112.0,3,30,148692,29,PS,PS,PS,PS,PS,PS,PS,PS,PS,18,28744,82686,58184,116323
243744.0,1305,Stanford University,"Private, nonprofit",1,4506,Economics.,5,Master's Degree,17.0,5.0,0,PS,PS,PS,PS,PS,PS,PS,PS,PS,PS,PS,PS,PS,1664,100743,74382,133995
243744.0,1305,Stanford University,"Private, nonprofit",1,4506,Economics.,6,Doctoral Degree,24.0,22.0,0,PS,PS,PS,PS,PS,PS,PS,PS,PS,PS,PS,PS,PS,385,135560,99377,184676
243744.0,1305,Stanford University,"Private, nonprofit",1,4509,International Relations and National Security Studies.,3,Bachelor's Degree,64.0,61.0,2,23,128687,21,PS,PS,PS,PS,PS,PS,PS,PS,PS,PS,8070,66596,46031,87798
243744.0,1305,Stanford University,"Private, nonprofit",1,4509,International Relations and National Security Studies.,5,Master's Degree,25.0,22.0,0,PS,PS,PS,PS,PS,PS,PS,PS,PS,PS,PS,PS,PS,4177,95627,68941,122748
243744.0,1305,Stanford University,"Private, nonprofit",1,4510,Political Science and Government.,3,Bachelor's Degree,78.0,72.0,2,20,73221,17,PS,PS,PS,PS,PS,PS,PS,PS,PS,PS,36628,63293,44760,85406
243744.0,1305,Stanford University,"Private, nonprofit",1,4510,Political Science and Government.,5,Master's Degree,10.0,11.0,0,PS,PS,PS,PS,PS,PS,PS,PS,PS,PS,PS,PS,PS,1501,78850,57200,106611
243744.0,1305,Stanford University,"Private, nonprofit",1,4510,Political Science and Government.,6,Doctoral Degree,11.0,19.0,0,PS,PS,PS,PS,PS,PS,PS,PS,PS,PS,PS,PS,PS,628,90908,67841,122328
243744.0,1305,Stanford University,"Private, nonprofit",1,4511,Sociology.,3,Bachelor's Degree,17.0,13.0,1,PS,PS,PS,PS,PS,PS,PS,PS,PS,PS,PS,PS,PS,31848,52657,37665,69502
243744.0,1305,Stanford University,"Private, nonprofit",1,4511,Sociology.,5,Master's Degree,34.0,14.0,0,PS,PS,PS,PS,PS,PS,PS,PS,PS,PS,PS,PS,PS,989,63330,46335,84688
243744.0,1305,Stanford University,"Private, nonprofit",1,4511,Sociology.,6,Doctoral Degree,4.0,10.0,1,PS,PS,PS,PS,PS,PS,PS,PS,PS,PS,PS,PS,PS,692,88618,69229,114336
243744.0,1305,Stanford University,"Private, nonprofit",1,4512,Urban Studies/Affairs.,3,Bachelor's Degree,11.0,4.0,PS,PS,PS,PS,PS,PS,PS,PS,PS,PS,PS,PS,PS,PS,999,62532,43623,81699
243744.0,1305,Stanford University,"Private, nonprofit",1,5004,Design and Applied Arts.,5,Master's Degree,0.0,0.0,0,PS,PS,PS,PS,PS,PS,PS,PS,PS,PS,PS,PS,PS,PS,PS,PS,PS
243744.0,1305,Stanford University,"Private, nonprofit",1,5005,Drama/Theatre Arts and Stagecraft.,3,Bachelor's Degree,5.0,7.0,0,PS,PS,PS,PS,PS,PS,PS,PS,PS,PS,PS,PS,PS,14066,39775,25491,55399
243744.0,1305,Stanford University,"Private, nonprofit",1,5005,Drama/Theatre Arts and Stagecraft.,5,Master's Degree,2.0,0.0,PS,PS,PS,PS,PS,PS,PS,PS,PS,PS,PS,PS,PS,PS,PS,PS,PS,PS
243744.0,1305,Stanford University,"Private, nonprofit",1,5005,Drama/Theatre Arts and Stagecraft.,6,Doctoral Degree,1.0,2.0,0,PS,PS,PS,PS,PS,PS,PS,PS,PS,PS,PS,PS,PS,106,64704,49465,87221
243744.0,1305,Stanford University,"Private, nonprofit",1,5006,Film/Video and Photographic Arts.,3,Bachelor's Degree,8.0,9.0,0,PS,PS,PS,PS,PS,PS,PS,PS,PS,PS,PS,PS,PS,12193,43765,25957,63381
243744.0,1305,Stanford University,"Private, nonprofit",1,5006,Film/Video and Photographic Arts.,5,Master's Degree,6.0,7.0,0,PS,PS,PS,PS,PS,PS,PS,PS,PS,PS,PS,PS,PS,1639,51486,27165,77049
243744.0,1305,Stanford University,"Private, nonprofit",1,5007,Fine and Studio Arts.,3,Bachelor's Degree,22.0,15.0,0,PS,PS,PS,PS,PS,PS,PS,PS,PS,PS,PS,PS,PS,26935,41367,26241,56653
243744.0,1305,Stanford University,"Private, nonprofit",1,5007,Fine and Studio Arts.,5,Master's Degree,6.0,5.0,0,PS,PS,PS,PS,PS,PS,PS,PS,PS,PS,PS,PS,PS,3268,49079,29496,66541
243744.0,1305,Stanford University,"Private, nonprofit",1,5007,Fine and Studio Arts.,6,Doctoral Degree,7.0,2.0,0,PS,PS,PS,PS,PS,PS,PS,PS,PS,PS,PS,PS,PS,174,68718,51460,81910
243744.0,1305,Stanford University,"Private, nonprofit",1,5009,Music.,3,Bachelor's Degree,12.0,7.0,1,PS,PS,PS,PS,PS,PS,PS,PS,PS,PS,PS,PS,PS,14715,42892,26048,58755
243744.0,1305,Stanford University,"Private, nonprofit",1,5009,Music.,5,Master's Degree,9.0,9.0,2,PS,PS,PS,PS,PS,PS,PS,PS,PS,PS,PS,PS,PS,5004,48285,28079,65736
243744.0,1305,Stanford University,"Private, nonprofit",1,5009,Music.,6,Doctoral Degree,7.0,7.0,2,PS,PS,PS,PS,PS,PS,PS,PS,PS,PS,PS,PS,PS,1170,59592,38708,76817
243744.0,1305,Stanford University,"Private, nonprofit",1,5108,Allied Health and Medical Assisting Services.,5,Master's Degree,0.0,0.0,PS,PS,PS,PS,PS,PS,PS,PS,PS,PS,PS,PS,PS,PS,PS,PS,PS,PS
243744.0,1305,Stanford University,"Private, nonprofit",1,5109,"Allied Health Diagnostic, Intervention, and Treatment Professions.",5,Master's Degree,28.0,27.0,,,,,,,,,,,,,,,PS,PS,PS,PS
243744.0,1305,Stanford University,"Private, nonprofit",1,5112,Medicine.,7,First Professional Degree,88.0,87.0,1,106,146203,105,26,122326,79,150030,59,133685,48,154224,PS,60,36252,112460,77012,214525
243744.0,1305,Stanford University,"Private, nonprofit",1,5122,Public Health.,5,Master's Degree,30.0,36.0,0,PS,PS,PS,PS,PS,PS,PS,PS,PS,PS,PS,PS,PS,15061,82751,61518,113501
243744.0,1305,Stanford University,"Private, nonprofit",1,5122,Public Health.,6,Doctoral Degree,2.0,2.0,PS,PS,PS,PS,PS,PS,PS,PS,PS,PS,PS,PS,PS,PS,PS,PS,PS,PS
243744.0,1305,Stanford University,"Private, nonprofit",1,5127,Medical Illustration and Informatics.,5,Master's Degree,51.0,38.0,0,PS,PS,PS,PS,PS,PS,PS,PS,PS,PS,PS,PS,PS,1239,101441,77716,136744
243744.0,1305,Stanford University,"Private, nonprofit",1,5127,Medical Illustration and Informatics.,6,Doctoral Degree,10.0,6.0,0,PS,PS,PS,PS,PS,PS,PS,PS,PS,PS,PS,PS,PS,23,162120,118698,PS
243744.0,1305,Stanford University,"Private, nonprofit",1,5202,"Business Administration, Management and Operations.",5,Master's Degree,0.0,0.0,17,194,283761,187,29,287363,165,284449,114,286660,80,278360,PS,104,122193,103485,69982,153484
243744.0,1305,Stanford University,"Private, nonprofit",1,5202,"Business Administration, Management and Operations.",6,Doctoral Degree,0.0,0.0,0,PS,PS,PS,PS,PS,PS,PS,PS,PS,PS,PS,PS,PS,2226,113566,70833,164979
243744.0,1305,Stanford University,"Private, nonprofit",1,5213,Management Sciences and Quantitative Methods.,5,Master's Degree,583.0,493.0,PS,PS,PS,PS,PS,PS,PS,PS,PS,PS,PS,PS,PS,PS,PS,PS,PS,PS
243744.0,1305,Stanford University,"Private, nonprofit",1,5213,Management Sciences and Quantitative Methods.,6,Doctoral Degree,25.0,20.0,PS,PS,PS,PS,PS,PS,PS,PS,PS,PS,PS,PS,PS,PS,PS,PS,PS,PS
243744.0,1305,Stanford University,"Private, nonprofit",1,5299,"Business, Management, Marketing, and Related Support Services, Other.",5,Master's Degree,0.0,0.0,0,PS,PS,PS,PS,PS,PS,PS,PS,PS,PS,PS,PS,PS,PS,PS,PS,PS
243744.0,1305,Stanford University,"Private, nonprofit",1,5401,History.,3,Bachelor's Degree,27.0,25.0,3,PS,PS,PS,PS,PS,PS,PS,PS,PS,PS,PS,PS,PS,23671,50680,36330,66736
243744.0,1305,Stanford University,"Private, nonprofit",1,5401,History.,5,Master's Degree,11.0,8.0,0,PS,PS,PS,PS,PS,PS,PS,PS,PS,PS,PS,PS,PS,2810,55360,40544,73546
243744.0,1305,Stanford University,"Private, nonprofit",1,5401,History.,6,Doctoral Degree,10.0,15.0,0,PS,PS,PS,PS,PS,PS,PS,PS,PS,PS,PS,PS,PS,826,70550,53413,92926
262086.0,41618,University of Massachusetts Global,Public,1,901,Communication and Media Studies.,3,Bachelor's Degree,14.0,12.0,PS,PS,PS,PS,PS,PS,PS,PS,PS,PS,PS,PS,PS,PS,61357,56359,39575,76115
262086.0,41618,University of Massachusetts Global,Public,1,1101,"Computer and Information Sciences, General.",3,Bachelor's Degree,38.0,40.0,1,PS,PS,PS,PS,PS,PS,PS,PS,PS,PS,PS,PS,PS,41037,92374,64179,128180
262086.0,41618,University of Massachusetts Global,Public,1,1301,"Education, General.",5,Master's Degree,128.0,96.0,2,73,91259,71,44,92629,28,87904,PS,PS,PS,PS,PS,67,22487,65824,52724,82084
262086.0,41618,University of Massachusetts Global,Public,1,1302,"Bilingual, Multilingual, and Multicultural Education.",99,Non-Credential Program (Preparatory Coursework/Teacher Certification),,,,,,,,,,,,,,,,,PS,PS,PS,PS
262086.0,41618,University of Massachusetts Global,Public,1,1303,Curriculum and Instruction.,5,Master's Degree,20.0,19.0,PS,PS,PS,PS,PS,PS,PS,PS,PS,PS,PS,PS,PS,PS,PS,PS,PS,PS
262086.0,41618,University of Massachusetts Global,Public,1,1304,Educational Administration and Supervision.,5,Master's Degree,57.0,48.0,0,31,104567,32,PS,PS,PS,PS,PS,PS,PS,PS,PS,32,32412,71685,57739,90151
262086.0,41618,University of Massachusetts Global,Public,1,1304,Educational Administration and Supervision.,6,Doctoral Degree,66.0,70.0,0,PS,PS,PS,PS,PS,PS,PS,PS,PS,PS,PS,PS,PS,7878,100573,76116,135360
262086.0,41618,University of Massachusetts Global,Public,1,1304,Educational Administration and Supervision.,99,Non-Credential Program (Preparatory Coursework/Teacher Certification),,,,,,,,,,,,,,,,,514,90560,69507,117595
262086.0,41618,University of Massachusetts Global,Public,1,1305,Educational/Instructional Media Design.,5,Master's Degree,20.0,6.0,PS,PS,PS,PS,PS,PS,PS,PS,PS,PS,PS,PS,PS,PS,PS,PS,PS,PS
262086.0,41618,University of Massachusetts Global,Public,1,1305,Educational/Instructional Media Design.,8,Graduate/Professional Certificate,8.0,1.0,PS,PS,PS,PS,PS,PS,PS,PS,PS,PS,PS,PS,PS,PS,PS,PS,PS,PS
262086.0,41618,University of Massachusetts Global,Public,1,1310,Special Education and Teaching.,5,Master's Degree,116.0,119.0,0,PS,PS,PS,PS,PS,PS,PS,PS,PS,PS,PS,PS,PS,21493,64397,52390,79764
262086.0,41618,University of Massachusetts Global,Public,1,1310,Special Education and Teaching.,99,Non-Credential Program (Preparatory Coursework/Teacher Certification),,,,,,,,,,,,,,,,,304,70406,57253,85837
262086.0,41618,University of Massachusetts Global,Public,1,1311,Student Counseling and Personnel Services.,5,Master's Degree,149.0,91.0,0,PS,PS,PS,PS,PS,PS,PS,PS,PS,PS,PS,PS,PS,15495,60111,48192,74890
262086.0,41618,University of Massachusetts Global,Public,1,1311,Student Counseling and Personnel Services.,99,Non-Credential Program (Preparatory Coursework/Teacher Certification),,,,,,,,,,,,,,,,,74,65259,51127,90461
262086.0,41618,University of Massachusetts Global,Public,1,1312,"Teacher Education and Professional Development, Specific Levels and Methods.",3,Bachelor's Degree,68.0,48.0,6,57,51104,46,PS,PS,PS,PS,PS,PS,PS,PS,PS,56,50018,47382,38431,56096
262086.0,41618,University of Massachusetts Global,Public,1,1312,"Teacher Education and Professional Development, Specific Levels and Methods.",5,Master's Degree,240.0,166.0,2,50,78261,49,24,78528,26,78282,PS,PS,PS,PS,PS,45,30920,59916,48965,72958
262086.0,41618,University of Massachusetts Global,Public,1,1312,"Teacher Education and Professional Development, Specific Levels and Methods.",99,Non-Credential Program (Preparatory Coursework/Teacher Certification),,,,,,,,,,,,,,,,,709,57802,47934,73061
262086.0,41618,University of Massachusetts Global,Public,1,1314,Teaching English or French as a Second or Foreign Language.,99,Non-Credential Program (Preparatory Coursework/Teacher Certification),,,,,,,,,,,,,,,,,120,58231,45849,76016
262086.0,41618,University of Massachusetts Global,Public,1,1905,"Foods, Nutrition, and Related Services.",1,Undergraduate Certificate or Diploma,7.0,2.0,1,PS,PS,PS,PS,PS,PS,PS,PS,PS,PS,PS,PS,PS,PS,PS,PS,PS
262086.0,41618,University of Massachusetts Global,Public,1,2200,Non-Professional Legal Studies.,3,Bachelor's Degree,9.0,9.0,0,PS,PS,PS,PS,PS,PS,PS,PS,PS,PS,PS,PS,PS,2380,61959,42689,82578
262086.0,41618,University of Massachusetts Global,Public,1,2203,Legal Support Services.,1,Undergraduate Certificate or Diploma,6.0,5.0,PS,PS,PS,PS,PS,PS,PS,PS,PS,PS,PS,PS,PS,PS,PS,PS,PS,PS
262086.0,41618,University of Massachusetts Global,Public,1,2203,Legal Support Services.,3,Bachelor's Degree,18.0,5.0,PS,PS,PS,PS,PS,PS,PS,PS,PS,PS,PS,PS,PS,PS,PS,PS,PS,PS
262086.0,41618,University of Massachusetts Global,Public,1,2401,"Liberal Arts and Sciences, General Studies and Humanities.",2,Associate's Degree,153.0,122.0,2,PS,PS,PS,PS,PS,PS,PS,PS,PS,PS,PS,PS,PS,208003,44125,28893,61611
262086.0,41618,University of Massachusetts Global,Public,1,2401,"Liberal Arts and Sciences, General Studies and Humanities.",3,Bachelor's Degree,97.0,76.0,10,80,59101,65,PS,PS,PS,PS,PS,PS,PS,PS,PS,71,50554,53072,35750,73322
262086.0,41618,University of Massachusetts Global,Public,1,3000,"Multi-/Interdisciplinary Studies, General.",3,Bachelor's Degree,89.0,67.0,PS,PS,PS,PS,PS,PS,PS,PS,PS,PS,PS,PS,PS,PS,PS,PS,PS,PS
262086.0,41618,University of Massachusetts Global,Public,1,3071,Data Analytics.,8,Graduate/Professional Certificate,8.0,10.0,PS,PS,PS,PS,PS,PS,PS,PS,PS,PS,PS,PS,PS,PS,PS,PS,PS,PS
262086.0,41618,University of Massachusetts Global,Public,1,4201,"Psychology, General.",3,Bachelor's Degree,197.0,124.0,12,98,53859,77,PS,PS,PS,PS,18,63069,79,53133,30,72,102536,50706,35740,67229
262086.0,41618,University of Massachusetts Global,Public,1,4201,"Psychology, General.",5,Master's Degree,,,6,72,76973,65,53,79324,19,66692,PS,PS,PS,PS,PS,61,5527,64711,45967,86199
262086.0,41618,University of Massachusetts Global,Public,1,4228,"Clinical, Counseling and Applied Psychology.",5,Master's Degree,134.0,222.0,0,PS,PS,PS,PS,PS,PS,PS,PS,PS,PS,PS,PS,PS,22438,65184,47881,83770
262086.0,41618,University of Massachusetts Global,Public,1,4228,"Clinical, Counseling and Applied Psychology.",8,Graduate/Professional Certificate,58.0,35.0,0,PS,PS,PS,PS,PS,PS,PS,PS,PS,PS,PS,PS,PS,PS,PS,PS,PS
262086.0,41618,University of Massachusetts Global,Public,1,4301,Criminal Justice and Corrections.,3,Bachelor's Degree,47.0,39.0,PS,PS,PS,PS,PS,PS,PS,PS,PS,PS,PS,PS,PS,PS,PS,PS,PS,PS
262086.0,41618,University of Massachusetts Global,Public,1,4404,Public Administration.,5,Master's Degree,33.0,14.0,1,PS,PS,PS,PS,PS,PS,PS,PS,PS,PS,PS,PS,PS,13451,81408,60052,109056
262086.0,41618,University of Massachusetts Global,Public,1,4404,Public Administration.,8,Graduate/Professional Certificate,1.0,1.0,PS,PS,PS,PS,PS,PS,PS,PS,PS,PS,PS,PS,PS,PS,PS,PS,PS,PS
262086.0,41618,University of Massachusetts Global,Public,1,4407,Social Work.,3,Bachelor's Degree,148.0,130.0,6,36,46024,29,PS,PS,PS,PS,PS,PS,PS,PS,PS,26,28986,51790,39212,64160
262086.0,41618,University of Massachusetts Global,Public,1,4407,Social Work.,5,Master's Degree,163.0,202.0,PS,PS,PS,PS,PS,PS,PS,PS,PS,PS,PS,PS,PS,PS,PS,PS,PS,PS
262086.0,41618,University of Massachusetts Global,Public,1,4501,"Social Sciences, General.",1,Undergraduate Certificate or Diploma,2.0,0.0,,,,,,,,,,,,,,,PS,PS,PS,PS
262086.0,41618,University of Massachusetts Global,Public,1,4501,"Social Sciences, General.",3,Bachelor's Degree,7.0,2.0,6,44,65739,36,PS,PS,PS,PS,PS,PS,PS,PS,PS,26,6624,53366,36590,72257
262086.0,41618,University of Massachusetts Global,Public,1,4504,Criminology.,3,Bachelor's Degree,,,10,65,64250,57,49,63925,16,63810,30,76713,36,57509,PS,49,9717,55556,41042,73111
262086.0,41618,University of Massachusetts Global,Public,1,4507,Geography and Cartography.,1,Undergraduate Certificate or Diploma,1.0,0.0,PS,PS,PS,PS,PS,PS,PS,PS,PS,PS,PS,PS,PS,PS,PS,PS,PS,PS
262086.0,41618,University of Massachusetts Global,Public,1,4507,Geography and Cartography.,5,Master's Degree,0.0,,PS,PS,PS,PS,PS,PS,PS,PS,PS,PS,PS,PS,PS,PS,PS,PS,PS,PS
262086.0,41618,University of Massachusetts Global,Public,1,4511,Sociology.,3,Bachelor's Degree,24.0,19.0,6,37,56285,32,PS,PS,PS,PS,PS,PS,PS,PS,PS,29,31848,52657,37665,69502
262086.0,41618,University of Massachusetts Global,Public,1,5100,"Health Services/Allied Health/Health Sciences, General.",8,Graduate/Professional Certificate,,,0,PS,PS,PS,PS,PS,PS,PS,PS,PS,PS,PS,PS,PS,95,63888,50976,81106
262086.0,41618,University of Massachusetts Global,Public,1,5115,Mental and Social Health Services and Allied Professions.,5,Master's Degree,181.0,210.0,PS,PS,PS,PS,PS,PS,PS,PS,PS,PS,PS,PS,PS,PS,PS,PS,PS,PS
262086.0,41618,University of Massachusetts Global,Public,1,5122,Public Health.,8,Graduate/Professional Certificate,1.0,0.0,PS,PS,PS,PS,PS,PS,PS,PS,PS,PS,PS,PS,PS,PS,PS,PS,PS,PS
262086.0,41618,University of Massachusetts Global,Public,1,5138,"Registered Nursing, Nursing Administration, Nursing Research and Clinical Nursing.",3,Bachelor's Degree,42.0,65.0,0,PS,PS,PS,PS,PS,PS,PS,PS,PS,PS,PS,PS,PS,177924,88910,67853,114470
262086.0,41618,University of Massachusetts Global,Public,1,5138,"Registered Nursing, Nursing Administration, Nursing Research and Clinical Nursing.",6,Doctoral Degree,,,1,35,155615,35,PS,PS,PS,PS,PS,PS,PS,PS,PS,19,8559,138131,106294,185434
262086.0,41618,University of Massachusetts Global,Public,1,5138,"Registered Nursing, Nursing Administration, Nursing Research and Clinical Nursing.",7,First Professional Degree,92.0,56.0,PS,PS,PS,PS,PS,PS,PS,PS,PS,PS,PS,PS,PS,PS,PS,PS,PS,PS
262086.0,41618,University of Massachusetts Global,Public,1,5138,"Registered Nursing, Nursing Administration, Nursing Research and Clinical Nursing.",8,Graduate/Professional Certificate,39.0,31.0,0,PS,PS,PS,PS,PS,PS,PS,PS,PS,PS,PS,PS,PS,PS,PS,PS,PS
262086.0,41618,University of Massachusetts Global,Public,1,5202,"Business Administration, Management and Operations.",2,Associate's Degree,4.0,12.0,PS,PS,PS,PS,PS,PS,PS,PS,PS,PS,PS,PS,PS,PS,PS,PS,PS,PS
262086.0,41618,University of Massachusetts Global,Public,1,5202,"Business Administration, Management and Operations.",3,Bachelor's Degree,413.0,340.0,7,103,77949,92,86,71383,18,101827,48,90531,55,72387,PS,73,183303,68257,47618,93584
262086.0,41618,University of Massachusetts Global,Public,1,5202,"Business Administration, Management and Operations.",5,Master's Degree,395.0,295.0,9,177,104795,165,94,103986,83,111574,83,108638,94,99095,PS,125,122193,103485,69982,153484
262086.0,41618,University of Massachusetts Global,Public,1,5202,"Business Administration, Management and Operations.",8,Graduate/Professional Certificate,22.0,11.0,0,PS,PS,PS,PS,PS,PS,PS,PS,PS,PS,PS,PS,PS,1989,94506,65091,135936
262086.0,41618,University of Massachusetts Global,Public,1,5210,Human Resources Management and Services.,3,Bachelor's Degree,,,9,91,79997,73,71,80440,21,74875,41,81060,50,73447,19,58,13480,68069,50156,90619
262086.0,41618,University of Massachusetts Global,Public,1,5210,Human Resources Management and Services.,5,Master's Degree,52.0,34.0,10,116,88903,107,61,79775,53,93372,50,102064,64,82141,PS,48,10576,83558,58145,115680
262086.0,41618,University of Massachusetts Global,Public,1,5210,Human Resources Management and Services.,8,Graduate/Professional Certificate,8.0,14.0,0,19,78475,18,PS,PS,PS,PS,PS,PS,PS,PS,PS,PS,834,74850,53624,106515
367954.0,31713,University of St. Augustine for Health Sciences,"Private, for-profit",1,1304,Educational Administration and Supervision.,6,Doctoral Degree,22.0,40.0,0,PS,PS,PS,PS,PS,PS,PS,PS,PS,PS,PS,PS,PS,7878,100573,76116,135360
367954.0,31713,University of St. Augustine for Health Sciences,"Private, for-profit",1,5100,"Health Services/Allied Health/Health Sciences, General.",5,Master's Degree,21.0,9.0,PS,PS,PS,PS,PS,PS,PS,PS,PS,PS,PS,PS,PS,PS,989,78149,55861,109866
367954.0,31713,University of St. Augustine for Health Sciences,"Private, for-profit",1,5102,Communication Disorders Sciences and Services.,5,Master's Degree,102.0,115.0,PS,PS,PS,PS,PS,PS,PS,PS,PS,PS,PS,PS,PS,PS,PS,PS,PS,PS
367954.0,31713,University of St. Augustine for Health Sciences,"Private, for-profit",1,5107,Health and Medical Administrative Services.,5,Master's Degree,17.0,7.0,PS,PS,PS,PS,PS,PS,PS,PS,PS,PS,PS,PS,PS,PS,PS,PS,PS,PS
367954.0,31713,University of St. Augustine for Health Sciences,"Private, for-profit",1,5107,Health and Medical Administrative Services.,8,Graduate/Professional Certificate,,0.0,,,,,,,,,,,,,,,PS,PS,PS,PS
367954.0,31713,University of St. Augustine for Health Sciences,"Private, for-profit",1,5109,"Allied Health Diagnostic, Intervention, and Treatment Professions.",5,Master's Degree,,,0,PS,PS,PS,PS,PS,PS,PS,PS,PS,PS,PS,PS,PS,15912,127347,103242,152756
367954.0,31713,University of St. Augustine for Health Sciences,"Private, for-profit",1,5123,Rehabilitation and Therapeutic Professions.,5,Master's Degree,329.0,341.0,2,74,83761,67,21,76687,53,84622,18,93099,55,82742,29,17,13189,71416,53551,86212
367954.0,31713,University of St. Augustine for Health Sciences,"Private, for-profit",1,5123,Rehabilitation and Therapeutic Professions.,6,Doctoral Degree,88.0,77.0,8,191,88498,182,69,89291,122,87967,88,90197,103,85729,18,28,13052,82893,68836,95078
367954.0,31713,University of St. Augustine for Health Sciences,"Private, for-profit",1,5123,Rehabilitation and Therapeutic Professions.,7,First Professional Degree,1033.0,1063.0,6,188,82784,177,53,82151,135,84504,64,91548,124,79351,PS,33,5234,81641,67036,93971
367954.0,31713,University of St. Augustine for Health Sciences,"Private, for-profit",1,5138,"Registered Nursing, Nursing Administration, Nursing Research and Clinical Nursing.",5,Master's Degree,50.0,57.0,PS,PS,PS,PS,PS,PS,PS,PS,PS,PS,PS,PS,PS,PS,63874,120193,94642,149472
367954.0,31713,University of St. Augustine for Health Sciences,"Private, for-profit",1,5138,"Registered Nursing, Nursing Administration, Nursing Research and Clinical Nursing.",6,Doctoral Degree,42.0,38.0,PS,PS,PS,PS,PS,PS,PS,PS,PS,PS,PS,PS,PS,PS,8559,138131,106294,185434
367954.0,31713,University of St. Augustine for Health Sciences,"Private, for-profit",1,5138,"Registered Nursing, Nursing Administration, Nursing Research and Clinical Nursing.",8,Graduate/Professional Certificate,5.0,3.0,PS,PS,PS,PS,PS,PS,PS,PS,PS,PS,PS,PS,PS,PS,PS,PS,PS,PS
367954.0,31713,University of St. Augustine for Health Sciences,"Private, for-profit",1,5199,"Health Professions and Related Clinical Sciences, Other.",6,Doctoral Degree,1.0,1.0,PS,PS,PS,PS,PS,PS,PS,PS,PS,PS,PS,PS,PS,PS,99,130822,101502,212051
399911.0,38144,Soka University of America,"Private, nonprofit",1,1304,Educational Administration and Supervision.,5,Master's Degree,4.0,4.0,0,PS,PS,PS,PS,PS,PS,PS,PS,PS,PS,PS,PS,PS,32412,71685,57739,90151
399911.0,38144,Soka University of America,"Private, nonprofit",1,2401,"Liberal Arts and Sciences, General Studies and Humanities.",3,Bachelor's Degree,97.0,98.0,11,60,49249,42,PS,PS,PS,PS,26,43399,34,52903,16,44,50554,53072,35750,73322
440031.0,38533,Keck Graduate Institute,"Private, nonprofit",1,1405,Biomedical/Medical Engineering.,5,Master's Degree,22.0,14.0,PS,PS,PS,PS,PS,PS,PS,PS,PS,PS,PS,PS,PS,PS,1704,106375,84793,130445
440031.0,38533,Keck Graduate Institute,"Private, nonprofit",1,2608,Genetics.,5,Master's Degree,11.0,12.0,PS,PS,PS,PS,PS,PS,PS,PS,PS,PS,PS,PS,PS,PS,PS,PS,PS,PS
440031.0,38533,Keck Graduate Institute,"Private, nonprofit",1,3001,Biological and Physical Sciences.,4,Post-baccalaureate Certificate,,,3,PS,PS,PS,PS,PS,PS,PS,PS,PS,PS,PS,PS,PS,PS,PS,PS,PS
440031.0,38533,Keck Graduate Institute,"Private, nonprofit",1,3001,Biological and Physical Sciences.,5,Master's Degree,104.0,88.0,5,83,105291,80,33,122714,50,102315,39,101858,44,123520,17,50,325,82371,56958,120882
440031.0,38533,Keck Graduate Institute,"Private, nonprofit",1,3001,Biological and Physical Sciences.,6,Doctoral Degree,3.0,3.0,0,PS,PS,PS,PS,PS,PS,PS,PS,PS,PS,PS,PS,PS,58,99653,72061,128157
440031.0,38533,Keck Graduate Institute,"Private, nonprofit",1,3001,Biological and Physical Sciences.,8,Graduate/Professional Certificate,58.0,90.0,0,PS,PS,PS,PS,PS,PS,PS,PS,PS,PS,PS,PS,PS,PS,PS,PS,PS
440031.0,38533,Keck Graduate Institute,"Private, nonprofit",1,5111,Health/Medical Preparatory Programs.,4,Post-baccalaureate Certificate,,,3,PS,PS,PS,PS,PS,PS,PS,PS,PS,PS,PS,PS,PS,86,63593,31331,91960
440031.0,38533,Keck Graduate Institute,"Private, nonprofit",1,5111,Health/Medical Preparatory Programs.,8,Graduate/Professional Certificate,30.0,47.0,PS,PS,PS,PS,PS,PS,PS,PS,PS,PS,PS,PS,PS,PS,PS,PS,PS,PS
440031.0,38533,Keck Graduate Institute,"Private, nonprofit",1,5114,Medical Clinical Sciences/Graduate Medical Studies.,5,Master's Degree,7.0,2.0,PS,PS,PS,PS,PS,PS,PS,PS,PS,PS,PS,PS,PS,PS,PS,PS,PS,PS
440031.0,38533,Keck Graduate Institute,"Private, nonprofit",1,5115,Mental and Social Health Services and Allied Professions.,5,Master's Degree,19.0,21.0,PS,PS,PS,PS,PS,PS,PS,PS,PS,PS,PS,PS,PS,PS,PS,PS,PS,PS
440031.0,38533,Keck Graduate Institute,"Private, nonprofit",1,5120,"Pharmacy, Pharmaceutical Sciences, and Administration.",5,Master's Degree,,,0,PS,PS,PS,PS,PS,PS,PS,PS,PS,PS,PS,PS,PS,889,129214,87956,170566
440031.0,38533,Keck Graduate Institute,"Private, nonprofit",1,5120,"Pharmacy, Pharmaceutical Sciences, and Administration.",7,First Professional Degree,59.0,57.0,PS,PS,PS,PS,PS,PS,PS,PS,PS,PS,PS,PS,PS,PS,15557,138348,120409,158074
440031.0,38533,Keck Graduate Institute,"Private, nonprofit",1,5122,Public Health.,5,Master's Degree,,18.0,,,,,,,,,,,,,,,PS,PS,PS,PS
447050.0,40053,United States University,"Private, for-profit",1,1101,"Computer and Information Sciences, General.",3,Bachelor's Degree,0.0,2.0,PS,PS,PS,PS,PS,PS,PS,PS,PS,PS,PS,PS,PS,PS,PS,PS,PS,PS
447050.0,40053,United States University,"Private, for-profit",1,1304,Educational Administration and Supervision.,5,Master's Degree,4.0,10.0,1,PS,PS,PS,PS,PS,PS,PS,PS,PS,PS,PS,PS,PS,32412,71685,57739,90151
447050.0,40053,United States University,"Private, for-profit",1,1304,Educational Administration and Supervision.,6,Doctoral Degree,,0.0,,,,,,,,,,,,,,,PS,PS,PS,PS
447050.0,40053,United States University,"Private, for-profit",1,1304,Educational Administration and Supervision.,8,Graduate/Professional Certificate,0.0,2.0,PS,PS,PS,PS,PS,PS,PS,PS,PS,PS,PS,PS,PS,PS,PS,PS,PS,PS
447050.0,40053,United States University,"Private, for-profit",1,1310,Special Education and Teaching.,8,Graduate/Professional Certificate,0.0,0.0,PS,PS,PS,PS,PS,PS,PS,PS,PS,PS,PS,PS,PS,PS,PS,PS,PS,PS
447050.0,40053,United States University,"Private, for-profit",1,1312,"Teacher Education and Professional Development, Specific Levels and Methods.",1,Undergraduate Certificate or Diploma,25.0,39.0,0,PS,PS,PS,PS,PS,PS,PS,PS,PS,PS,PS,PS,PS,2032,34631,22707,46633
447050.0,40053,United States University,"Private, for-profit",1,1312,"Teacher Education and Professional Development, Specific Levels and Methods.",3,Bachelor's Degree,,1.0,PS,PS,PS,PS,PS,PS,PS,PS,PS,PS,PS,PS,PS,PS,PS,PS,PS,PS
447050.0,40053,United States University,"Private, for-profit",1,1312,"Teacher Education and Professional Development, Specific Levels and Methods.",4,Post-baccalaureate Certificate,,,0,PS,PS,PS,PS,PS,PS,PS,PS,PS,PS,PS,PS,PS,311,58414,46801,76227
447050.0,40053,United States University,"Private, for-profit",1,1312,"Teacher Education and Professional Development, Specific Levels and Methods.",5,Master's Degree,2.0,10.0,,,,,,,,,,,,,,,PS,PS,PS,PS
447050.0,40053,United States University,"Private, for-profit",1,1312,"Teacher Education and Professional Development, Specific Levels and Methods.",8,Graduate/Professional Certificate,0.0,0.0,PS,PS,PS,PS,PS,PS,PS,PS,PS,PS,PS,PS,PS,PS,PS,PS,PS,PS
447050.0,40053,United States University,"Private, for-profit",1,2401,"Liberal Arts and Sciences, General Studies and Humanities.",1,Undergraduate Certificate or Diploma,,,3,21,70423,20,PS,PS,PS,PS,PS,PS,PS,PS,PS,19,12220,44906,29208,64121
447050.0,40053,United States University,"Private, for-profit",1,2401,"Liberal Arts and Sciences, General Studies and Humanities.",3,Bachelor's Degree,0.0,1.0,0,PS,PS,PS,PS,PS,PS,PS,PS,PS,PS,PS,PS,PS,PS,PS,PS,PS
447050.0,40053,United States University,"Private, for-profit",1,5100,"Health Services/Allied Health/Health Sciences, General.",3,Bachelor's Degree,3.0,1.0,4,26,69346,20,PS,PS,PS,PS,PS,PS,PS,PS,PS,23,14079,61296,42849,82291
447050.0,40053,United States University,"Private, for-profit",1,5107,Health and Medical Administrative Services.,5,Master's Degree,,,3,PS,PS,PS,PS,PS,PS,PS,PS,PS,PS,PS,PS,PS,15437,89981,62852,126886
447050.0,40053,United States University,"Private, for-profit",1,5132,"Health Professions Education, Ethics, and Humanities.",5,Master's Degree,13.0,26.0,PS,PS,PS,PS,PS,PS,PS,PS,PS,PS,PS,PS,PS,PS,2338,100487,74171,131323
447050.0,40053,United States University,"Private, for-profit",1,5132,"Health Professions Education, Ethics, and Humanities.",8,Graduate/Professional Certificate,1.0,1.0,PS,PS,PS,PS,PS,PS,PS,PS,PS,PS,PS,PS,PS,PS,PS,PS,PS,PS
447050.0,40053,United States University,"Private, for-profit",1,5138,"Registered Nursing, Nursing Administration, Nursing Research and Clinical Nursing.",1,Undergraduate Certificate or Diploma,,,0,PS,PS,PS,PS,PS,PS,PS,PS,PS,PS,PS,PS,PS,3584,80020,58256,105261
447050.0,40053,United States University,"Private, for-profit",1,5138,"Registered Nursing, Nursing Administration, Nursing Research and Clinical Nursing.",3,Bachelor's Degree,42.0,42.0,2,36,110580,35,PS,PS,PS,PS,PS,PS,PS,PS,PS,34,177924,88910,67853,114470
447050.0,40053,United States University,"Private, for-profit",1,5138,"Registered Nursing, Nursing Administration, Nursing Research and Clinical Nursing.",5,Master's Degree,640.0,787.0,2,58,143024,58,23,142580,35,141642,PS,PS,PS,PS,PS,48,63874,120193,94642,149472
447050.0,40053,United States University,"Private, for-profit",1,5138,"Registered Nursing, Nursing Administration, Nursing Research and Clinical Nursing.",6,Doctoral Degree,,0.0,,,,,,,,,,,,,,,PS,PS,PS,PS
447050.0,40053,United States University,"Private, for-profit",1,5138,"Registered Nursing, Nursing Administration, Nursing Research and Clinical Nursing.",8,Graduate/Professional Certificate,0.0,13.0,PS,PS,PS,PS,PS,PS,PS,PS,PS,PS,PS,PS,PS,PS,PS,PS,PS,PS
447050.0,40053,United States University,"Private, for-profit",1,5202,"Business Administration, Management and Operations.",3,Bachelor's Degree,2.0,2.0,2,PS,PS,PS,PS,PS,PS,PS,PS,PS,PS,PS,PS,PS,183303,68257,47618,93584
447050.0,40053,United States University,"Private, for-profit",1,5202,"Business Administration, Management and Operations.",5,Master's Degree,7.0,18.0,2,PS,PS,PS,PS,PS,PS,PS,PS,PS,PS,PS,PS,PS,122193,103485,69982,153484
447050.0,40053,United States University,"Private, for-profit",1,5202,"Business Administration, Management and Operations.",6,Doctoral Degree,,0.0,,,,,,,,,,,,,,,PS,PS,PS,PS
447050.0,40053,United States University,"Private, for-profit",1,5202,"Business Administration, Management and Operations.",8,Graduate/Professional Certificate,0.0,0.0,PS,PS,PS,PS,PS,PS,PS,PS,PS,PS,PS,PS,PS,PS,PS,PS,PS,PS
447050.0,40053,United States University,"Private, for-profit",1,5208,Finance and Financial Management Services.,8,Graduate/Professional Certificate,0.0,,PS,PS,PS,PS,PS,PS,PS,PS,PS,PS,PS,PS,PS,PS,PS,PS,PS,PS
447050.0,40053,United States University,"Private, for-profit",1,5210,Human Resources Management and Services.,8,Graduate/Professional Certificate,1.0,1.0,PS,PS,PS,PS,PS,PS,PS,PS,PS,PS,PS,PS,PS,PS,PS,PS,PS,PS
447050.0,40053,United States University,"Private, for-profit",1,5213,Management Sciences and Quantitative Methods.,8,Graduate/Professional Certificate,0.0,0.0,PS,PS,PS,PS,PS,PS,PS,PS,PS,PS,PS,PS,PS,PS,PS,PS,PS,PS
447050.0,40053,United States University,"Private, for-profit",1,5214,Marketing.,8,Graduate/Professional Certificate,0.0,,PS,PS,PS,PS,PS,PS,PS,PS,PS,PS,PS,PS,PS,PS,PS,PS,PS,PS
449870.0,36963,University of the West,"Private, nonprofit",1,1104,Information Science/Studies.,5,Master's Degree,1.0,3.0,PS,PS,PS,PS,PS,PS,PS,PS,PS,PS,PS,PS,PS,PS,PS,PS,PS,PS
449870.0,36963,University of the West,"Private, nonprofit",1,1314,Teaching English or French as a Second or Foreign Language.,1,Undergraduate Certificate or Diploma,0.0,0.0,PS,PS,PS,PS,PS,PS,PS,PS,PS,PS,PS,PS,PS,PS,PS,PS,PS,PS
449870.0,36963,University of the West,"Private, nonprofit",1,2301,"English Language and Literature, General.",3,Bachelor's Degree,2.0,1.0,PS,PS,PS,PS,PS,PS,PS,PS,PS,PS,PS,PS,PS,PS,33025,48590,33654,63810
449870.0,36963,University of the West,"Private, nonprofit",1,2401,"Liberal Arts and Sciences, General Studies and Humanities.",3,Bachelor's Degree,8.0,9.0,PS,PS,PS,PS,PS,PS,PS,PS,PS,PS,PS,PS,PS,PS,50554,53072,35750,73322
449870.0,36963,University of the West,"Private, nonprofit",1,2703,Applied Mathematics.,5,Master's Degree,5.0,0.0,PS,PS,PS,PS,PS,PS,PS,PS,PS,PS,PS,PS,PS,PS,PS,PS,PS,PS
449870.0,36963,University of the West,"Private, nonprofit",1,3802,Religion/Religious Studies.,5,Master's Degree,6.0,3.0,4,PS,PS,PS,PS,PS,PS,PS,PS,PS,PS,PS,PS,PS,PS,PS,PS,PS
449870.0,36963,University of the West,"Private, nonprofit",1,3802,Religion/Religious Studies.,6,Doctoral Degree,3.0,2.0,0,PS,PS,PS,PS,PS,PS,PS,PS,PS,PS,PS,PS,PS,312,67164,45379,91516
449870.0,36963,University of the West,"Private, nonprofit",1,3906,Theological and Ministerial Studies.,5,Master's Degree,,,0,PS,PS,PS,PS,PS,PS,PS,PS,PS,PS,PS,PS,PS,6997,61300,40587,91229
449870.0,36963,University of the West,"Private, nonprofit",1,3906,Theological and Ministerial Studies.,6,Doctoral Degree,,,PS,PS,PS,PS,PS,PS,PS,PS,PS,PS,PS,PS,PS,PS,757,71982,47428,110193
449870.0,36963,University of the West,"Private, nonprofit",1,3906,Theological and Ministerial Studies.,7,First Professional Degree,2.0,0.0,PS,PS,PS,PS,PS,PS,PS,PS,PS,PS,PS,PS,PS,PS,PS,PS,PS,PS
449870.0,36963,University of the West,"Private, nonprofit",1,3907,Pastoral Counseling and Specialized Ministries.,5,Master's Degree,5.0,9.0,PS,PS,PS,PS,PS,PS,PS,PS,PS,PS,PS,PS,PS,PS,PS,PS,PS,PS
449870.0,36963,University of the West,"Private, nonprofit",1,4201,"Psychology, General.",3,Bachelor's Degree,8.0,4.0,0,PS,PS,PS,PS,PS,PS,PS,PS,PS,PS,PS,PS,PS,102536,50706,35740,67229
449870.0,36963,University of the West,"Private, nonprofit",1,4201,"Psychology, General.",5,Master's Degree,,,0,PS,PS,PS,PS,PS,PS,PS,PS,PS,PS,PS,PS,PS,5527,64711,45967,86199
449870.0,36963,University of the West,"Private, nonprofit",1,5115,Mental and Social Health Services and Allied Professions.,5,Master's Degree,2.0,7.0,PS,PS,PS,PS,PS,PS,PS,PS,PS,PS,PS,PS,PS,PS,PS,PS,PS,PS
449870.0,36963,University of the West,"Private, nonprofit",1,5202,"Business Administration, Management and Operations.",1,Undergraduate Certificate or Diploma,0.0,0.0,PS,PS,PS,PS,PS,PS,PS,PS,PS,PS,PS,PS,PS,PS,PS,PS,PS,PS
449870.0,36963,University of the West,"Private, nonprofit",1,5202,"Business Administration, Management and Operations.",3,Bachelor's Degree,9.0,10.0,0,PS,PS,PS,PS,PS,PS,PS,PS,PS,PS,PS,PS,PS,183303,68257,47618,93584
449870.0,36963,University of the West,"Private, nonprofit",1,5202,"Business Administration, Management and Operations.",5,Master's Degree,0.0,2.0,1,PS,PS,PS,PS,PS,PS,PS,PS,PS,PS,PS,PS,PS,122193,103485,69982,153484
449870.0,36963,University of the West,"Private, nonprofit",1,5202,"Business Administration, Management and Operations.",8,Graduate/Professional Certificate,1.0,0.0,PS,PS,PS,PS,PS,PS,PS,PS,PS,PS,PS,PS,PS,PS,PS,PS,PS,PS
449870.0,36963,University of the West,"Private, nonprofit",1,5213,Management Sciences and Quantitative Methods.,5,Master's Degree,1.0,1.0,PS,PS,PS,PS,PS,PS,PS,PS,PS,PS,PS,PS,PS,PS,PS,PS,PS,PS
459736.0,41426,Touro University California,"Private, nonprofit",1,1303,Curriculum and Instruction.,5,Master's Degree,,,PS,PS,PS,PS,PS,PS,PS,PS,PS,PS,PS,PS,PS,PS,18183,63399,51716,78118
459736.0,41426,Touro University California,"Private, nonprofit",1,1304,Educational Administration and Supervision.,5,Master's Degree,12.0,5.0,0,20,79843,18,PS,PS,PS,PS,PS,PS,PS,PS,PS,18,32412,71685,57739,90151
459736.0,41426,Touro University California,"Private, nonprofit",1,1305,Educational/Instructional Media Design.,5,Master's Degree,,,0,PS,PS,PS,PS,PS,PS,PS,PS,PS,PS,PS,PS,PS,5338,70644,56435,89382
459736.0,41426,Touro University California,"Private, nonprofit",1,1310,Special Education and Teaching.,5,Master's Degree,14.0,4.0,PS,PS,PS,PS,PS,PS,PS,PS,PS,PS,PS,PS,PS,PS,21493,64397,52390,79764
459736.0,41426,Touro University California,"Private, nonprofit",1,1312,"Teacher Education and Professional Development, Specific Levels and Methods.",5,Master's Degree,1.0,1.0,0,PS,PS,PS,PS,PS,PS,PS,PS,PS,PS,PS,PS,PS,30920,59916,48965,72958
459736.0,41426,Touro University California,"Private, nonprofit",1,1313,"Teacher Education and Professional Development, Specific Subject Areas.",5,Master's Degree,4.0,0.0,PS,PS,PS,PS,PS,PS,PS,PS,PS,PS,PS,PS,PS,PS,19074,63707,51487,78905
459736.0,41426,Touro University California,"Private, nonprofit",1,3106,Outdoor Education.,5,Master's Degree,,,0,PS,PS,PS,PS,PS,PS,PS,PS,PS,PS,PS,PS,PS,34,59399,48720,68127
459736.0,41426,Touro University California,"Private, nonprofit",1,4228,"Clinical, Counseling and Applied Psychology.",5,Master's Degree,8.0,,PS,PS,PS,PS,PS,PS,PS,PS,PS,PS,PS,PS,PS,PS,PS,PS,PS,PS
459736.0,41426,Touro University California,"Private, nonprofit",1,5100,"Health Services/Allied Health/Health Sciences, General.",5,Master's Degree,48.0,50.0,1,54,70276,54,21,61993,35,75442,26,66973,28,77749,52,29,989,78149,55861,109866
459736.0,41426,Touro University California,"Private, nonprofit",1,5109,"Allied Health Diagnostic, Intervention, and Treatment Professions.",5,Master's Degree,48.0,36.0,2,120,145483,117,62,146009,58,145171,46,162495,73,135306,PS,48,15912,127347,103242,152756
459736.0,41426,Touro University California,"Private, nonprofit",1,5112,Medicine.,7,First Professional Degree,129.0,136.0,3,348,214872,347,121,237133,227,205321,202,216844,146,213021,PS,121,36252,112460,77012,214525
459736.0,41426,Touro University California,"Private, nonprofit",1,5112,Medicine.,99,Non-Credential Program (Preparatory Coursework/Teacher Certification),,,,,,,,,,,,,,,,,26,96421,61112,255631
459736.0,41426,Touro University California,"Private, nonprofit",1,5120,"Pharmacy, Pharmaceutical Sciences, and Administration.",7,First Professional Degree,87.0,68.0,1,82,173463,78,43,180209,39,163598,24,175733,58,173359,PS,72,15557,138348,120409,158074
459736.0,41426,Touro University California,"Private, nonprofit",1,5122,Public Health.,5,Master's Degree,77.0,59.0,0,23,63592,21,PS,PS,PS,PS,PS,PS,PS,PS,PS,PS,15061,82751,61518,113501
459736.0,41426,Touro University California,"Private, nonprofit",1,5123,Rehabilitation and Therapeutic Professions.,5,Master's Degree,,,1,31,83658,28,PS,PS,PS,PS,PS,PS,PS,PS,PS,PS,13189,71416,53551,86212
459736.0,41426,Touro University California,"Private, nonprofit",1,5123,Rehabilitation and Therapeutic Professions.,7,First Professional Degree,,,1,36,82085,33,PS,PS,PS,PS,PS,PS,PS,PS,PS,PS,5234,81641,67036,93971
459736.0,41426,Touro University California,"Private, nonprofit",1,5138,"Registered Nursing, Nursing Administration, Nursing Research and Clinical Nursing.",3,Bachelor's Degree,,,1,30,95304,28,PS,PS,PS,PS,PS,PS,PS,PS,PS,18,177924,88910,67853,114470
459736.0,41426,Touro University California,"Private, nonprofit",1,5138,"Registered Nursing, Nursing Administration, Nursing Research and Clinical Nursing.",5,Master's Degree,20.0,22.0,1,24,175045,25,PS,PS,PS,PS,PS,PS,PS,PS,PS,25,63874,120193,94642,149472
459736.0,41426,Touro University California,"Private, nonprofit",1,5138,"Registered Nursing, Nursing Administration, Nursing Research and Clinical Nursing.",7,First Professional Degree,13.0,,1,30,117983,30,PS,PS,PS,PS,PS,PS,PS,PS,PS,PS,1672,133099,107508,174772
459736.0,41426,Touro University California,"Private, nonprofit",1,5138,"Registered Nursing, Nursing Administration, Nursing Research and Clinical Nursing.",8,Graduate/Professional Certificate,9.0,5.0,PS,PS,PS,PS,PS,PS,PS,PS,PS,PS,PS,PS,PS,PS,PS,PS,PS,PS
462354.0,41937,John Paul the Great Catholic University,"Private, nonprofit",1,901,Communication and Media Studies.,3,Bachelor's Degree,48.0,77.0,PS,PS,PS,PS,PS,PS,PS,PS,PS,PS,PS,PS,PS,PS,PS,PS,PS,PS
462354.0,41937,John Paul the Great Catholic University,"Private, nonprofit",1,2401,"Liberal Arts and Sciences, General Studies and Humanities.",3,Bachelor's Degree,8.0,22.0,PS,PS,PS,PS,PS,PS,PS,PS,PS,PS,PS,PS,PS,PS,50554,53072,35750,73322
462354.0,41937,John Paul the Great Catholic University,"Private, nonprofit",1,3906,Theological and Ministerial Studies.,5,Master's Degree,,,0,PS,PS,PS,PS,PS,PS,PS,PS,PS,PS,PS,PS,PS,6997,61300,40587,91229
462354.0,41937,John Paul the Great Catholic University,"Private, nonprofit",1,5006,Film/Video and Photographic Arts.,3,Bachelor's Degree,,,6,PS,PS,PS,PS,PS,PS,PS,PS,PS,PS,PS,PS,PS,12193,43765,25957,63381
462354.0,41937,John Paul the Great Catholic University,"Private, nonprofit",1,5006,Film/Video and Photographic Arts.,5,Master's Degree,,,1,PS,PS,PS,PS,PS,PS,PS,PS,PS,PS,PS,PS,PS,1639,51486,27165,77049
462354.0,41937,John Paul the Great Catholic University,"Private, nonprofit",1,5202,"Business Administration, Management and Operations.",3,Bachelor's Degree,7.0,21.0,PS,PS,PS,PS,PS,PS,PS,PS,PS,PS,PS,PS,PS,PS,PS,PS,PS,PS
462354.0,41937,John Paul the Great Catholic University,"Private, nonprofit",1,5207,Entrepreneurial and Small Business Operations.,3,Bachelor's Degree,,,0,PS,PS,PS,PS,PS,PS,PS,PS,PS,PS,PS,PS,PS,3469,61027,38487,88452
