First Name,Middle Initial,Last Name,Year Hired,Major,Position,Education
Laila,M,Abdelhafeez,2025,Computer Science,Assistant Professor,"B.S., Cairo University, 2017; M.S., University of California, Riverside, 2023; Ph.D., 2025."
Kira,J,Abercromby,2008,Aerospace Engineering,Professor,"B.S., University of California, Los Angeles, 1994; M.S., University of Colorado, Boulder, 1998; Ph.D., 2000."
Radhavi,NULL,Abeysiridara Samarakoon,2026,Civil and Environmental Engineering,Assistant Professor,"B.S., University of Moratuwa, Sir Lanka, 2014; M.S., University of South Florida, 2016; Ph.D, University of California, San Diego, 2022."
Mohammed,NULL,Abo Ismail,2019,Animal Science,Associate Professor,"B.S., Alexandria University Damanhour, 2000; M.S., Alexandria University; Ph.D., University of Guelph, 2012"
Roberto,NULL,Abril Valenzuela,2026,Physics,Assistant Professor,"B.S., Physics, B.S., Mathematics, California Polytechnic State University, San Luis Obispo, 2018; M.S., University of California, Santa Barbarba, 2021; Ph.D., University of California, Santa Barbara, 2024."
Nikki,L,Adams,2002,Biological Sciences,Professor,"B.A., University of California, Santa Barbara, 1988; M.S., University of Maine, 1995; Ph.D., 2000."
Aubrie,S,Adams,2017,Communication Studies,Associate Professor,"B.A., Sonoma State University, 2005; M.A., Sacramento State University, 2013; Ph.D. Univeristy of California at Santa Barbara, 2017."
Elizabeth,NULL,Adams,2023,Construction Management,Assistant Professor,"B.S., Boise State University, 2001; M.S., University of Hawaii at Manoa, 2006; Ph.D., Arizona State University, 2013."
Elizabeth,NULL,Adan,2007,"Women's, Gender and Queer Studies, Interdisciplinary Studies in the Liberal Arts",Professor and WGQS Department Chair,"B.A., University of California, Davis, 1993; M.F.A., University of California, Santa Barbara, 1997; M.A., University of California, Berkeley, 2000; Ph.D., University of California, Santa Barbara, 2006."
Chivate,NULL,Aditya,2024,Industrial and Manufacturing Engineering,Assistant Professor,"B.E., University of Pune, India, 2018; M.S., University at Buffalo SUNY, 2020; Ph.D., University at Buffalo SUNY, 2024."
Puneet,NULL,Agarwal,2021,Industrial and Manufacturing Engineering,Assistant Professor,"B.S., Jadavpur University, Kolkata, 2016; M.S., University of Buffalo, New York,2019; Ph.D., University of Buffalo, Buffalo, New York."
Anu,NULL,Aggarwal,2025,Electrical Engineering,Assistant Professor,"B.Eng.University of Manchester, UK, 2012; Ph.D. University of Maryland, College Park, 2015."
Aakash,NULL,Ahamed,2024,Natural Resources Management and Environmental Sciences,Assistant Professor,"B.S. Franklin  Marshall College, 2012; M.S. Boston College, 20214; Ph.D. Stanford 2022."
William,L,Ahlgren,1999,Electrical Engineering,Associate Professor,"S.B., Massachusetts Institute of Technology, 1975; M.S., University of Arizona, 1977; Ph.D., University of Southern California, 1981."
Farah,NULL,Al-Nakib,2018,History,Associate Professor and Associate Department Chair,"B.A., George Washington University, 2001; M.A., University of London, 2006; Ph.D., 2011."
Ryan,C,Alaniz,2011,Social Sciences,Professor,"B.A., California Polytechnic State University, San Luis Obispo, 2000; M.A., University of California, Santa Barbara, 2004; Ph.D., University of Minnesota, 2012."
Julia,M,Alber,2017,Kinesiology and Public Health,Associate Professor,"B.S., University of Illinois, Champaign-Urbana, 2010; MPH, University of North Carolina, Greensboro, 2012; Ph.D., University of Florida, 2015."
Jessica,NULL,Aldrich,2026,Biomedical Engineering,Assistant Professor,"B.S./M.S., Wichita State University, 2019, Ph.D., University of Florida, 2024"
Leann,NULL,Alduenda,2023,Theatre and Dance,Assistant Professor,"B.A. University of California, Riverside, 1998; M.F.A. University of California, Irvine, 2015."
Benjamin,NULL,Alexander,2015,"Management, HR, and Information Systems",Associate Professor,"B.S., Tufts University, 2005; M.A., George Mason University, 2009; Ph.D., Tulane University."
Duha,NULL,Ali,2023,Industrial and Manufacturing Engineering,Assistant Professor,"B.S., Jordan University of Science and Technology, 2015; M.S., Auburn University, 2021; Ph.D., Auburn University, 2023"
Regulus,L,Allen,2006,English,Associate Professor,"B.A., University of California, Los Angeles, 1994; M.A., 2000; Ph.D., 2006."
Daniel,J,Almeida,2016,School of Education,Professor,"B.A., Dartmouth College, 2002; M.A., Boston College, 2005; Ph.D., University of Southern California, 2016."
Hani,NULL,Alzraiee,2018,Civil and Environmental Engineering,Associate Professor,"B.S., Birla Institute of Technology, 2001; M.S., Islamic University of Gaza, 2007; Ph.D., Concordia University, 2013."
Samir,NULL,Amin,2015,Food Science and Nutrition,Professor,"A.O.S. in Occupational Sciences Culinary Institute of America, 1988; B.S. University of Nevada Las Vegas, 1992; M.S. Michigan State University, 1999; Ph.D. Michigan State University, 2008."
Dave,NULL,Amos,2020,City and Regional Planning,Associate Professor,"B.S., Urban and Regional Studies, Cornell University; M.Arch, University of Oregon; MCRP, University of Oregon; Ph.D. City and Regional Planning, University of California, Berkeley"
Bing,NULL,Anderson,2004,Finance,Associate Professor,"B.Engr., University of Science and Technology of China, 1993; M.A., University of Chicago, 1996; M.S., Stanford University, 2000; Ph.D., 2002."
Bradford,P,Anderson,2006,Accounting,Associate Professor,"B.A., Purdue University, 1984; J.D., State University of New York, 1987."
Christian,NULL,Anderson,2012,World Languages and Cultures,Associate Professor,"B.A., University of Maryland, College Park, 1995; M.A., University of California, Davis, 2005; Ph.D., 2010."
Paul,E,Anderson,2019,Computer Science,Professor,"B.S., Wright State University, 2004; M.S., 2006; Ph.D. 2010."
Lisa,NULL,Anderson,2021,Accounting,Assistant Professor,"B.S. of Science in Accounting, Clemson University 2010; M.S. of Science in Accounting, Southern Methodist University 2012; Ph.D., University of Arkansas 2021."
Brendon,NULL,Anderson,2024,Mechanical Engineering,Assistant Professor,"B.S. University of California, 2018;  M.S. University of California, Berkeley, 2020; M.A. University of California, Berkeley, 2023; Ph.D. University of California, 2024."
Nick,NULL,Antonson,2026,Biological Sciences,Assistant Professor,"B.A., Augustana University, 2017: Ph.D., Univeristy of Illinoic at Urbana-Champaign, 2022."
James,W,Antony,2022,Psychology and Child Development,Associate Professor,"B.A., Lawrence University, 2009; Ph.D., Northwestern University 2015."
Chip,S,Appel,2002,Natural Resources Management and Environmental Sciences,Professor,"B.S., California Polytechnic State University, San Luis Obispo, 1995; M.S., 1998; Ph.D., University of Florida, 2001."
Ryoko,NULL,Araki,2026,Natural Resources Management and Environmental Sciences,Assistant Professor,"B.Eng., Kyoto University, 2019; M.Sc., San Diego State University, 2021; Ph.D., University of California, Santa Barbara and San Diego State University, 2026."
Alexia,NULL,Arani,2022,"Women's, Gender and Queer Studies",Assistant Professor,"B.A., Guilford College, 2013; M.A., University of California, San Diego, 2016; Ph.D., 2022."
Craig,NULL,Arceneaux,2001,Political Science,Professor,"B.A., California State University, Fullerton, 1989; M.A., Ohio State University, 1991; Ph.D., University of California, Riverside, 1997."
Graham,C,Archer,2002,Architectural Engineering,Professor Emeritus (FERP),"B.A.Sc., University of Waterloo, Canada, 1985; M.A.Sc., 1986; Ph.D., University of California, Berkeley, 1996. Professional Engineer, Ontario."
Robert,M,Arens,2005,Architecture,Professor Emeritus,"B.S., University of Michigan, 1981; M.Arch., 1984. Registered Architect, Michigan."
Nancy,NULL,Arrington,2018,Political Science,Associate Professor,"B.A.,University of Texas, Austin, 2010; MIP Univerity of Georgia, 2012; Ph.D. Emory University, Georgia, 2018."
David,A,Arrivee,2004,Music,Professor,"B.A., Princeton University, 1993; M.Mu., Boston University, 1995; D.M.A., Northwestern University, 2004."
David,A,Askay,2013,Communication Studies,Professor,"B.S., University of California at San Diego, 2004; M.A. University of North Carolina at Charlotte, 2011; Ph.D. 2013."
Mohamed,NULL,Awwad,2019,Industrial and Manufacturing Engineering,Associate Professor,"B.S., Cairo University, Egypt,2009, M.S. Cairo University, Egypt, 2013, M.S. University of Central Florida, 2014, Ph.D. University of Central Florida, 2015"
Brian,NULL,Ayash,2014,Finance,Associate Professor,"B.S., Clarkson University; MBA, University of Rochester; M.S. University of California, Berkeley; Ph.D. University of California, Berkeley."
Nicholas,NULL,Babin,2018,Natural Resources Management and Environmental Sciences,Associate Professor,"B.A., UC Santa Cruz, 2004; M.A., UC Santa Cruz, 2008; Ph.D., UC Santa Cruz, 2012."
Khalid,NULL,Bachkar,2010,Accounting,Professor,"B.A., Business Administration, Hassan II University, Morocco, 1999; M.A., Information Systems, Shippensburg University, PA, 2005; Ph.D., Transportation and Logistics, North Dakota State University, 2010."
Laura,NULL,Backus,2023,Animal Science,Assistant Professor,"B.S. Colorado State University, 2008; DVM Colorado State University, 2013; Ph.D. University of California, Davis 2022"
Nader,NULL,Bagheri,1990,Mechanical Engineering,Professor Emeritus,"B.S., Mechanical Engineering, California State University, Fresno, 1981; M.S., Mechanical Engineering, University of California, Davis, 1984; Ph.D., Mechanical Engineering, University of California, Davis, 1989; Professional Engineer, California."
Craig,V,Baltimore,2001,Architectural Engineering,Professor,"B.S., California Polytechnic State University, San Luis Obispo, 1986; M.S., Duke University, 1996; Ph.D., 1998. Registered Structural Engineer and Professional Engineer, California."
Jamaal,NULL,Baptiste,2024,Music,Assistant Professor,"B.M., Indiana University, 2014; M.M. Indiana University, 2016; M.A., Indiana University, 2018, Ph.D. Indiana University, 2025."
Philip,L,Barlow,2006,Construction Management,Professor,"B.S., California Polytechnic State University, San Luis Obispo, 1987; M.B.A., Golden Gate University, 1993; Ph.D., University of Florida, 2015; Licensed General Contractor, Licensed Broker, Certified Professional Constructor (CPC), Certified Cost Consultant (CCC), Designated Design-Build Professional (DBIA), LEED Accredited Professional (LEED AP)."
Beverly,J,Bass,2008,Landscape Architecture,Professor Emeritus (FERP),"B.F.A., East Carolina University, 1982; M.L.A., University of Arizona, 2003. LEED Accredited Professional. Certified Arborist, Registered Landscape Architecture, California."
NULL,GW,Bates,2018,BioResource and Agricultural Engineering,Associate Professor,"B.S., California Polytechnic State University, San Luis Obispo, 2003; M.S. University of Washington, Seattle, 2011; Ph.D., Texas Tech University, Lubbock, 2017. Registered Civil Engineer, CA."
Martin,NULL,Battle,2015,Political Science,Associate Professor,"B.A., University of Sheffield, 1997; M.A., University of Wisconsin, Milwaukee, 2000; Ph.D., Washington University, St. Louis, 2006."
Isinsu,NULL,Baylam Toker,2023,Physics,Assistant Professor,"B.S., Bilkent University, Turkey, 2010; M.S., Koc University, Turkey, 2012; Ph.D., 2017."
Tim,W,Bean,2019,Biological Sciences,Associate Professor,"B.A., Columbia University, 2004; Ph.D., University of California, Berkeley, 2012."
Jonathan,NULL,Bean,2026,Architecture,Associate Professor,"B.A., University of California, Berkeley, 2002; M.S., University of California, Berkeley, 2009; Ph.D., University of California, Berkeley, 2011."
Stephen,NULL,Beard,2021,"Computer Science, Computer Engineering",Assistant Professor,"B.S., California Polytechnic State University, San Luis Obispo, 2010 ; M.S., Princeton, 2011; Ph.D., 2019."
Jennifer,NULL,Beatty-Wright,2025,Psychology and Child Development,Assistant Professor,"B.A., Psychology, Theater, George Washington University, 2013; M.S., Education, University of Pennsylvania, 2015; M.A., Applied Positive Psychology, University of Pennsylvania, 2018; M.A., Psychological and Brain Science, Washington University in St. Louis,2022; Ph.D., Psychological and Brain Sciences, Washington Univeristy in St. Louis, 2025."
Ziemowit,K,Bednarek,2012,Finance,Professor,"Ph.D., University of California, Berkeley, 2010."
Matthew,NULL,Beekman,2016,Physics,Associate Professor,"B.S., University of South Florida, 2003; M.S., 2006; Ph.D., 2009."
Anahid,NULL,Behrouzi,2016,Architectural Engineering,Professor,"B.S., North Carolina State University, Raleigh, 2011; M.S., University of Illinois, Urbana-Champaign, 2013; Ph.D., University of Illinois, Urbana-Champaign, 2016."
Jacques,NULL,Belanger,2017,Mechanical Engineering,Associate Professor,"B.S., Laval University, Quebec City, Canada, 1985; M.S., Laval University, 1987; Ph.D., California Institute of Technology, 1993."
John,M,Bellardo,2006,"Computer Science, Computer Engineering",Professor,"B.S., California Polytechnic State University, San Luis Obispo, 1999; M.S., University of California, San Diego, 2001; Ph.D., 2006."
Lucy,NULL,Bencharit,2019,Psychology and Child Development,Assistant Professor,"B.A., New York College, College of Arts and Sciences, 2007. M.A., New York College, Graduate School  of Arts and Sciences, 2010. Ph.D., Stanford University, 2018."
Vardha,N,Bennert,2011,Physics,Professor,"B.S., Ruhr-University of Bochum, Germany, 1999; M.S., 2002; Ph.D., 2005."
Darin,C,Bennett,2014,Animal Science,Associate Professor,"B.Sc., University of Guelph, 1986; M.Sc., University of British Columbia, 1993; Ph.D., University of British Columbia, 2002."
Kevin,B,Bennett,2025,Construction Management,Assistant Professor,"B.S. Building Construction - University of Florida, Gainesville; M.S. Construction Management - University of Florida, Gainesville; Ph.D. Design, Construction and Planning - University of Florida, Gainesville."
Nolan,NULL,Bennett,2024,Political Science,Assistant Professor,"B.A. University of California, Los Angeles, 2008; Ph.D. Cornell University, Ithaca, 2015."
Kelly,NULL,Bennion,2016,"College of Liberal Arts, Psychology and Child Development","Associate Dean of Operations, Professor","B.A., Middlebury College, 2010; Ed.M., Harvard Graduate School of Education, 2011; M.A., Boston College, 2013; Ph.D., Boston College, 2016."
Thomas,J,Bensky,2001,Physics,Professor Emeritus (FERP),"B.S., California State University, Northridge, 1992; Ph.D., University of Virginia, 1998."
Bridget,G,Benson,2011,"College of Engineering, Computer Engineering",Associate Dean and Professor,"B.S., California Polytechnic State University, San Luis Obispo, 2005; M.S., University of California Santa Barbara, 2007; Ph.D., University of California, San Diego, 2010"
Daniel,NULL,Bercovici,2015,Chemistry and Biochemistry,Associate Professor,"B.S., Massachusetts Institute of Technology 2004; Ph.D., Univeristy of Vermont, 2013."
Britta,NULL,Berg-Johansen,2023,Biomedical Engineering,Assistant Professor,"B.S., California Polytechnic State University, San Luis Obispo, 2012; Ph.D., University of California Berkeley and University of California San Francisco (joint program), 2017."
Sky,NULL,Bergman,1995,Art and Design,Professor (FERP),"B.S., University of South Florida, 1987; M.F.A., University of California, Santa Barbara, 1991."
Thomas,J,Bernard,2008,Theatre and Dance,Professor,"B.A., University of Minnesota, 1991; M.F.A., Northern Illinois University, 1995."
Bret,NULL,Betnar,2014,Landscape Architecture,Assistant Professor,"BLA Louisiana State University; MLA University of Pennsylvania; Registered Landscape Architect, Oklahoma."
Julie,A,Bettergarcia,2007,"College of Liberal Arts, Psychology and Child Development","Associate Dean for Assessment, Research, and Inclusive Excellence, Professor","B.A., California State University, San Bernardino, 1996; Ph.D., University of Michigan, Ann Arbor, 2005."
Jay,NULL,Bettergarcia,2017,Psychology and Child Development,Associate Professor,"B.S., California Polytechnic State University, San Luis Obispo, 2009; M.A., San Francisco State University, 2011; Ph.D., University of California, Santa Barbara, 2016."
Mohsen,NULL,Beyramali Kivy,2019,Materials Engineering,Associate Professor and Department Chair,"B.S., Chemical Engineering, University of Tehran, 2009; Ph.D. Materials Science and Engineering, Missouri University of Science and Technology, 2017"
Alex,J,Bisberg,2025,Computer Science,Assistant Professor,"B.S., Rice University, 2015; M.S., University of Utah, 2020; Ph.D., University of Southern California, 2025."
Kim,NULL,Bisheff,2023,Journalism,Assistant Professor,"B.A., University of California, Los Angeles, 1995; M.J., University of California, Berkeley, 1999."
Michael,W,Black,2001,Biological Sciences,Professor and Department Chair,"B.S., Southwest Missouri State, 1993; Ph.D., Stanford University, 1999."
Sarah,NULL,Blackwell,2026,Mathematics,Assistant Professor,"B.A., Saint Louis University, 2016; M.A., University of Georgia, 2018; Ph.D., University of Georgia, 2022."
Jason,M,Blank,2009,Biological Sciences,Professor and Curriculum Chair,"B.S., Duke University, 1996; Ph.D., Stanford University, 2006."
Jnan,A,Blau,2008,Communication Studies,Associate Professor,"B.S., Arizona State University West, 1999; M.S., Southern Illinois University, 2002; Ph.D., 2007."
Emily,NULL,Bockmon,2017,Chemistry and Biochemistry,Associate Professor,"B.A., Pomona College, 2008; Ph.D., Scripps Institution of Oceanography,  UC San Diego, 2014."
Kelly,N,Bodwin,2017,Statistics,Associate Professor,"B.A., Harvard University, 2011; Ph.D., University of North Carolina, 2017."
Gregory,S,Bohr,2005,Social Sciences,Associate Professor,"B.A., University of California, Berkeley, 1993; M.A., San Diego State University, 1997; Ph.D., Louisiana State University, 2004."
Vincent,NULL,Bonini,2008,Mathematics,Professor,"B.A., University of California, Santa Cruz, 2000; M.A., 2001; Ph.D., 2006."
Adam,NULL,Bordeman,2015,Accounting,Associate Professor,"B.S., Marquette University, 2006; M.S., Marquette University, 2007; Ph.D., University of Colorado at Boulder, 2015."
Joseph,E,Borzellino,2001,Mathematics,Professor,"B.S., University of California, Irvine, 1987; M.A., University of California, Los Angeles, 1989; Ph.D., 1992."
Michael,R,Boswell,1998,City and Regional Planning,Professor,"B.A., University of Central Florida, 1989; M.S.P., Florida State University, Tallahassee, 1991; Ph.D., 2000."
Primrose,J,Boynton,2026,Biological Sciences,Associate Professor,"B.S., University of California, Berkeley, 2002; Ph.D., Harvard University, 2012."
Angela,NULL,Bracco,2023,Architecture,Assistant Professor,"B.Arch., California Polytechnic State University, San Luis Obispo, 2007; M.FA, Royal College of Art, London, United Kingdom, 2012."
Meredith,NULL,Brammeier,2001,Music,Professor,"B.A., Princeton University, 1992; M.M., Eastman School of Music, 1995; D.M.A., University of Southern California, 2000."
Sarah,NULL,Bridger,2011,History,Associate Professor,"B.A., Brown University, 2000; M.A., Columbia University, 2005; M.Phil, 2006; Ph.D., 2011."
Lubos,NULL,Brieda,2025,Aerospace Engineering,Assistant Professor,"B.S., Aerospace Engineering; M.S.,Aerospace Engineering, Ph.D. Aerospace Engineering, George Washington University."
Efrain,NULL,Brito,2022,School of Education,Assistant Professor,"B.A., George Washington University, 1997; M.A., Stanford University, 1998; Ph.D., 2021."
Kenneth,D,Brown,2007,Philosophy,Associate Professor and Department Chair,"B.A., University of California, Irvine, 1992; M.A., Claremont Graduate University, 1998; Ph.D., University of California, Irvine, 2006."
Steven,NULL,Browne,2004,"College of Agriculture, Food, and Environmental Sciences",Professor,"B.A., Computer Studies, Northwestern University, 1989; M.E.M., Engineering Management, Northwestern University, 1997; Master Mariner, Unlimited, Any Ocean"
Eric,S,Brussel,2012,Mathematics,Professor,"B.A., University of California, Santa Cruz 1982;  Ph.D., University of California, Los Angeles, 1993."
Ellen,NULL,Burke,2014,Landscape Architecture,Associate Professor,"B.A., Vassar College, 1997; M.L.A., Harvard University Graduate School of Design, 2005."
James,NULL,Burleson,2014,"Management, HR, and Information Systems",Associate Professor,"B.B.A., Baylor University; M.B.A., Auburn University."
Seth,NULL,Bush,2005,Chemistry and Liberal Studies,Professor and Department Chair,"B.S., Reed College, 1994; Ph.D., University of California, Berkeley, 1999."
Ryan,NULL,Buyco,2021,Ethnic Studies,Associate Professor,"B.A., George Washington University, 2010; M.A., University of Hawaii at Manoa, 2013; Ph.D, Cornell University, 2019."
Kendra,NULL,Byrd,2026,Food Science and Nutrition,Assistant Professor,"BS, Hawaii University, Honolulu (2003), MSc California State University, Chico (2006), PhD University of California, Davis (2016)."
Andrew,M,Byrne,2017,School of Education,Professor,"B.A., Grove City College, 1996; M.S., East Carolina University, 2005; Ph.D., 2013."
Mark,NULL,Cabrinha,2003,Architecture,Professor and Department Head,"B.Arch., California Polytechnic State University, San Luis Obispo, 1995; M.Arch., University of Illinois, 2001; Ph.D., Rensselaer Polytechnic Institute, 2010. Registered Architect, Illinois."
Laura,NULL,Cacciamani,2016,Psychology and Child Development,Professor,"B.S., Carnegie Mellon University, 2009; M.A., The University of Arizona, 2010; Ph.D., 2014."
Anna,NULL,Cahn,2022,Food Science and Nutrition,Assistant Professor,"B.S., California Polytechnic State University, San Luis Obispo, 2012; M.S. and Dietetic Internship CSU Long Beach, 2015, Ph.D. University of Oregon, 2021."
Xiaowei,NULL,Cai,2008,Agribusiness,Professor,"B.S., M.S., Nanjing Agricultural University, 2001; M.S., Ph.D., University of Wisconsin, 2009."
Arturo,NULL,Cajal,202,Mechanical Engineering,Assistant Professor,"B.S., Universidad Nacional Autonoma de Mexico, Mexico City, Mechanical Engineering, 2016; M.S., University of Southern California, Los Angeles, Mechanical Engineering, 2018; Ph. D., University of Southern California, Los Angeles, Mechanical Engineering, 2025."
Kevin,NULL,Calnan,2018,"College of Agriculture, Food, and Environmental Sciences",Assistant Professor,"B.S., Marine Transportation, State University of New York Maritime College, 2016. Chief Mate, Unlimited Tonnage (Oceans)."
Charles,D,Camp,2007,Mathematics,Professor,"B.A., University of California, San Diego; 1989; Ph.D., California Institute of Technology, 2004."
Brad,NULL,Campbell,2007,English,Associate Professor,"B.A., St. Mary’s College of California, 1997; M.A., University of Illinois at Urbana-Champaign, 1999; Ph.D., 2007."
Tammy,NULL,Campbell,2015,Chemistry and Biochemistry,Associate Professor,"B.S. University of California, Los Angeles 2001; M.S. San Francisco State University, 2004; Ph.D. California Institute of Technology, 2010"
Fernando,NULL,Campos Chillon,2011,Animal Science,Professor,"B.S., California State Polytechnic University, Pomona, 1997; M.S., 2000; DVM, Colorado State University, 2004; Ph.D., 2009; Diplomate American College of Theriogenologists, 2009."
Rodrigo,NULL,Canaan,2021,Computer Science,Assistant Professor,"B.S., Universidade Federal do Rio de Janeiro, 2011; Ph.D., New York University, 2021."
Yu,NULL,Cao,2025,Natural Resources Management and Environmental Sciences,Assistant Professor,"B.S., Shanghai International Studies University, 2014; M.A., Kent State University, 2014; M.A., University of Alaska, Fairbanks, 2018; Ph.D., Northern Arizona University, 2023."
Lana,Z,Caplan,2016,Art and Design,Associate Professor,"B.A., Boston University, 1994; M.F.A., Massachusetts College of Art and Design, 2006."
Kristen,NULL,Cardinal,2007,Biomedical Engineering,Professor,"B.S., California Polytechnic State University, San Luis Obispo, 2003; Ph.D., University of Arizona, 2007."
Trevor,NULL,Cardinal,2007,Biomedical Engineering,Professor,"B.S., California Polytechnic State University, San Luis Obispo, 2003; Ph.D., University of Arizona, 2007."
Matthew,A,Carlton,1999,Statistics,Professor,"B.A., University of California, Berkeley, 1994; M.A., University of California, Los Angeles, 1996; Ph.D., 1999."
Daniel,NULL,Carney,2025,Architectural Engineering,Department Head and Professor,"B.S., University of Texas at Austin, 1990; M.S., University of Illinois Urbana-Champaign , 1993; M.B.A., Pepperdine Graziadio Business School, 2009; Registered Structural Engineer and Professional Engineer, California."
Chris,A,Carr,1998,Accounting,Professor,"B.A., University of Nebraska, 1987; M.A., University of California, Los Angeles, 1998; J.D., Santa Clara University, 1990."
Rene,NULL,Carrasco,2023,World Languages and Cultures,Assistant Professor,"B.A., University of California, Berkeley, 2008; M.A., University of Texas at Austin, 2010; Ph.D., 2015."
Emilio,NULL,Carrero,2026,English,Assistant Professor,"B.A., University of Central Florida, 2015; M.F.A., University of Arizona, 2019; Ph.D., Florida State University, 2026."
Jennifer,NULL,Carroll,2006,Chemistry and Biochemistry,Professor,"B.S., Sonoma State University, 1996; Ph.D., University of California, Santa Cruz, 2001."
Darrian,R,Carroll,2022,Communication Studies,Assistant Professor,"B.A., University of North Texas, Denton, 2016; M.A., University of Nevada, Las Vegas, 2018; Ph.D., University of Maryland, 2022."
Amy,NULL,Carter,2007,Orfalea College of Business,Assistant Dean,"B.A., Chico State University, 2000. M.A., California Polytechnic State University, San Luis Obispo, 2007."
Luis,NULL,Casassa,2015,Wine and Viticulture,Professor,"B.S., Cuyo National University, Mendoza, Argentina, 2004; M.S., 2007; Ph.D. Washington State University, 2013."
Dan,C,Castilow,2021,Ethnic Studies,Assistant Professor,"B.A., Morehouse, 2004; M.A., Tulane University, 2014; Ph.D., 2020."
Luis,NULL,Castro,2015,Food Science and Nutrition,Associate Professor,"B.S., University of Costa Rica, 2004; Licentiate, University of Costa Rica, 2006; M.S., Washington State University, 2009; Ph.D., Washington State University, 2013."
Connor,NULL,Celum,2026,Statistics,Assistant Professor,"B.A., University of Virgina, 2020; M.S., University of Virgina, 2023; Ph.D., University of Virgina, 2025."
Hua,NULL,Chai,2025,Architecture,Assistant Professor,"B.Eng., Shanghai Maritime University, Shanghai, CHN, 2012; M.Arch., Lawrence Technological University, Southfield, MI, 2016; M.S. Advanced Architectural Design, Columbia University, New York, NY, 2018; Ph.D., University of Pennsylvania, Philadelphia, PA 2025."
Nishith,NULL,Chakraborty,2024,Electrical Engineering,Assistant Professor,"B.S., Bangladesh University of Engineering and Technology, 2016; M.S., University of California, Riverside, 2019; Ph.D., University of Tennessee, Knoxville, 2024."
David,NULL,Chamberlain,2017,Accounting,Associate Professor,"J.D., University of Columbia, 1992, LL.M University of New York, 1993"
Danielle,NULL,Champney,2013,Mathematics,Associate Professor,"B.S., Bowling Green State University, 2007; M.A., University of California, Berkeley, 2010; Ph.D., 2013."
Lauren,M,Chan,2023,Biological Sciences,Associate Professor,"B.A., University of California, Berkeley, 1999; Ph.D., Cornell University, 2007."
Megan,NULL,Chan,2001,Industrial and Manufacturing Engineering,Assistant Professor,"B.S., California Polytechnic State University, San Luis Obispo, 2019; M.S., Northwestern University, Evanston, IL, 2022, Ph.D., Northwestern University, Evanston, IL, 2026"
Beth,L,Chance,1999,Statistics,Professor,"B.S., Harvey Mudd College, 1990; M.S., Ph.D., Cornell University, 1994."
Sophia,NULL,Chen,2010,World Languages and Cultures,Professor,"Ph.D., Florida State University, 2007."
John,NULL,Chen,2008,Mechanical Engineering,Professor,"B.S., University of Virginia, 1984; M.S., Stanford University, 1987; Ph.D., 1991."
Leida,NULL,Chen,2014,"Management, HR, and Information Systems",Professor,"M.B.A.,University of Central Arkansas, 1996; Ph.D., University of Memphis, 2000."
Tina,NULL,Cheuk,2019,School of Education,Associate Professor,"B.S., University of Chicago, 1999; M.A., Stanford University, 2007; Ph.D., 2019."
Alison,Y,Cheung,2022,Communication Studies,Assistant Professor,"B.A., Westmont College, 2013; M.A., San Diego State University, 2016; Ph.D., University of Utah, 2021."
Christopher,NULL,Chiego,2021,International Strategy and Security,Associate Professor,"B.A. International Affairs, University of Georgia, 2009; B.A. History, 2010, University of Georgia, 2010; M.A. Political Science, University of California, San Diego, 2012; PhD., Political Science, University of Pennsylvania, 2020."
Jennifer,NULL,Chik,2024,Chemistry,Assistant Professor,"B.S. Biochemistry, California Polytechnic State University, San Luis Obispo, 2013; Ph.D. Cellular and Molecular Biology, University of Michigan, 2019."
Yasmeen,NULL,Chism,2026,Ethnic Studies,Ethnic Studies,"BA, University of North Carolina - Greensboro African American Studies and Women’s and Gender Studies, 2012; MA, New York University, Department of Performance Studies, 2015; PhD, New York University, Department of Performance Studies, 2025."
Yi-wen,NULL,Chiu,2014,Natural Resources Management and Environmental Sciences,Professor,"B.S., National Taiwan University, 1996; M.S., University of Minnesota, 2006; Ph.D., University of Minnesota, 2010."
Paul,F,Choboter,2005,Mathematics,Professor,"B.Sc., Simon Fraser University, 1995; M.Sc., McGill University, 1997; Ph.D., University of Alberta, 2002."
Austin,NULL,Christian,2024,Mathematics,Assistant Professor,"B.S., Harding University, 2013; M.S., University of Texas at Tyler, 2015; Ph.D. University of California, Los Angeles, 2021."
Jodi,NULL,Christiansen,2006,Physics,Professor,"B.A., Harvey Mudd College, 1985; M.S., University of Wisconsin, Madison, 1988; Ph.D., 1993."
David,NULL,Clague,2007,Biomedical Engineering,Professor Emeritus (FERP),"B.S., University of California, Santa Barbara, 1987; M.S., University of California, Davis, 1993; Ph.D., 1997."
Robert,D,Clark,1998,Kinesiology and Public Health,Professor (FERP),"B.S., California Polytechnic State University, San Luis Obispo, 1992; M.S., Louisiana State University, 1996; Ph.D., 1998."
Joseph,NULL,Cleary,2018,Construction Management,Associate Professor,"B.S. Illinois State University, 1999; M.S. Illinois State University, 2010"
Sandi,L,Clement,2011,Biological Sciences,Associate Professor,"B.S., Doane College, 1995; Ph.D., Michigan State University, 2004."
John,NULL,Clements,2005,"Computer Science, Computer Engineering",Professor,"B.A., Princeton University, 1996; M.S., Rice University, 2001; Ph.D., Northeastern University, 2005."
Dale,T,Clifford,2014,Architecture,Professor,"B.Arch., Pratt Institute, 1993; M.S. Architectural Studies, Massachusetts Institute of Technology, 1999. Registered Architect, Arizona."
Richard,NULL,Cobb,2017,Natural Resources Management and Environmental Sciences,Associate Professor,"B.S., Northern Arizona University, 1996; M.S., University of Maine, 2000; Ph.D., University of California Davis, 2010."
Abigail,L,Cochran,2026,City and Regional Planning,Assistant Professor,"B.S., University of Arizona, 2014; M.C.P., University of California, Berkeley, 20216; Ph.D., University of California, Berkeley, 2020"
Alex,NULL,Cohen,2026,Journalism,Assistant Professor,"B.A., Brown University, M.A., University of California, Berkeley Graduate School of Journalism."
Matthew,NULL,Cole,2015,Economics,Associate Professor,"B.S., University of Northern Iowa, 2001; M.S., University of Northern Iowa, 2003; Ph.D., University of Oregon, 2009."
Tamara,NULL,Colette,2015,"College of Agriculture, Food, and Environmental Sciences",Associate Professor,"B.S., Marine Transportation, California Maritime Academy, 2007; M.S., Environmental Policy and Management, American Public University, Charles Town, WV, 2018; Master Mariner, Unlimited, Any Ocean."
Bethany,A,Conway-Silva,2015,Communication Studies,Professor,"B.A., University of New Mexico, 2007; M.A., University of Arizona, 2011; Ph.D., 2015."
Philip,NULL,Costanzo,2007,Chemistry and Biochemistry,Professor,"B.S., Carnegie Mellon University, 2001; Ph.D., University of California, Davis, 2005."
Michael,J,Costello,1999,Wine and Viticulture,Professor Emeritus (FERP),"B.S., California Polytechnic State University, San Luis Obispo, 1981; Ph.D., University of California, Berkeley, 1992. Pest Control Advisor. Pest Control Advisor."
Christina,M,Crespo,2026,"Women's, Gender and Queer Studies",Assistant Professor,"B.S., University of North Florida, 2011; B.A., University of North Florida, 2013; M.S.Sc., James Cook University, Cairns, Australia, 2015; Ph.D., University of Georgia, 2025."
Diana,NULL,Cristobal Olave,2023,Architecture,Assistant Professor,"B.Arch -M.Arch, Polytechnical University of Catalonia. Escola Tecnica Superior d’ Arquitectura de Barcelona. Barcelona, Spain, 2010; M. Sc. Advanced Architectural Design and Applied Research Practices in Architecture. Graduate School of Architecture, Planning and Preservation, New York, 2013; Ph.D., History  Theory of Architecture; joint doctoral degree with Interdisciplinary Doctoral Program in the Humanities. School of Architecture, Princeton University, New Jersey, 2023."
Robert,S,Crockett,2000,"College of Engineering, Biomedial Engineering",Professor Emeritus (FERP),"B.S., University of California, Berkeley, 1989; M.B.A., Pepperdine University, 1992; Ph.D., University of Arizona, 1997."
Stephen,A,Crutchfield,2015,School of Education,Professor,"B.S., Missouri State University; 2005; M. Ed., The University of Kansas, 2010; Ph.D., 2014."
Daniel,NULL,Cruz,2025,Mathematics,Assistant Professor,"B.A. University of South Florida, 2012; Ph.D. University of South Florida, 2019."
Kyle,NULL,Dahlin,2026,Mathematics,Assistant Professor,"B.A, University of Hawaiʻi at Mānoa 2013; M.S., Purdue University 2015; Ph.D., Purdue University 2020."
Li,NULL,Dang,2007,Accounting,Professor,"Ph.D., Drexel University, 2004."
Denise,H,Daniels,2003,Psychology and Child Development,Professor,"B.A., University of California, Santa Barbara, 1982; M.A., Pacific Oaks College, 1983; Ph.D., University of California, Los Angeles, 1992."
Delaney,NULL,Dann,2026,Biological Sciences,Assistant Professor,"B.S., California Polytechnic State Univeristy, San Luis Obispo, 2015; University of California, San Diego, 2021."
Andrew,R,Danowitz,2014,Computer Engineering,Professor,"B.S., Harvey Mudd College, Claremont, 2008; M.S., Stanford University, 2010; Ph.D., Stanford University, 2014."
Linh,NULL,Dao,2020,Art and Design,Associate Professor,"B.F.A., Truman State University, Kirksville, Missouri, 2013; M.F.A., University of Texas at Arlington, 2017."
Jean,M,Davidson,2018,Biological Sciences,Associate Professor,"B.S., University of California, Davis, 2005; Ph.D., University of North Carolina, Chapel Hill, 2012."
Steven,C,Davis,1987,Kinesiology and Public Health,Professor,"B.S., University of California, Davis, 1979; M.S., San Diego State University, 1983; Ph.D., Pennsylvania State University, 1986."
Brennan,NULL,Davis,2014,Marketing,Professor,"B.S. University of California, Los Angeles, 1992; M.B.A. University of Pennsylvania, 2003; Ph.D. University of California, Irvine, 2008."
Andrew,I,Davol,1999,Mechanical Engineering,Professor Emeritus,"B.S., California Polytechnic State University, San Luis Obispo, 1987; M.S., University of California, San Diego, 1993; Ph.D., 1998. Registered Professional Engineer, California."
Miran,NULL,Day,2015,Landscape Architecture,Associate Professor,"B.S.L.A., Chonnam National University, South Korea, 1994; M.L.A., University of Illinois, 2011. Registered Landscape Architect, Florida and South Korea."
Giovanni,NULL,De Francesco,2023,Civil and Environmental Engineering,Assistant Professor,"B.S.  M.S., University of Catania, Italy, 2009; Ph.D., 2013; Registered Professional Engineer, Italy; Chartered Professional Engineer, New Zealand."
Javier,NULL,de la Fuente,2013,Industrial Technology and Packaging,Associate Professor and Area Chair,"B.S., University of Buenos Aires, Argentina, 1998; M.S., Michigan State University, 2006; Ph.D., Michigan State University, 2013."
Ann,M,De Lay,2008,"College of Agriculture, Food, and Environmental Sciences",Professor and Associate Dean,"B.S., California State University, Fresno, 1997; M.S., California Polytechnic State University, San Luis Obispo, 2002; Ph.D., University of Florida, 2008."
Nikhil,NULL,Deb,2022,Social Sciences,Associate Professor,"B.S.S., Shahjalal University, Bangladesh, 2007; M.S.S., Shahjalal University, Bangladesh, 2008; M.A. Ohio University, 2015; Ph.D., University of Tennessee, 2019."
Bruce,E,DeBruhl,2015,"Computer Science, Computer Engineering",Associate Professor,"B.S. Kettering University, 2009; M.S. Carnegie Mellon University, 2013; Ph.D. 2015."
Charlotte,LM,Decock,2017,"Natural Resources Management and Environmental Sciences, Horticulture and Crop Science",Associate Professor,"B.S., UGENT, 2005; M.S., Ghent University, 2007; Ph.D., University of California Davis, 2012."
Ahmed,NULL,Deif,2014,Industrial Technology and Packaging,Professor,"B.S., American University, Cairo, 1999; M.A.Sc, University of Windsor, Canada, 2003; Ph.D., University of Windsor, Canada, 2006."
Michael,NULL,Deigert,2017,Architectural Engineering,Associate Professor,"B.S., California Polytechnic State University, San Luis Obispo, 1992; M.S., San Jose State University, 1995. Registered Civil  Structural Engineer, California, Arizona. Registered Civil Engineer, Colorado."
Alexander,NULL,Dekhtyar,2007,Computer Science,Professor,"Ph.D., University of Maryland College Park, 2000."
Christopher,NULL,Den Hartog,2006,Political Science,Professor,"B.A., University of California, San Diego, 1996; Ph.D., 2004."
Ronald,NULL,Den Otter,2005,Political Science,Professor,"B.A., University of California, Davis, 1989; J.D., University of Pennsylvania, 1992; Ph.D., University of California, Los Angeles, 2003."
Jennifer,NULL,Denbow,2015,Political Science,Professor,"B.S., University of Michigan, 2003; J.D., University of California, Berkeley, 2007; Ph.D., University of California, Berkeley, 2010."
Gilarme,NULL,DePaula,2026,Agribusiness,Associate Professor,"B.S. Pontifico Catholic University, Rio De Janeiro, 1995; MBA, University of North Carolina Chapel Hill, 2002; M.S. Yale Unviversity, 2011 and Ph.D. 2017."
Dennis,NULL,Derickson,2005,Electrical Engineering,Professor,"B.S., South Dakota State University, 1981; M.S., University of Wisconsin–Madison, 1988; Ph.D., University of California, Santa Barbara, 1992."
Dianne,J,DeTurris,1998,Aerospace Engineering,Professor,"B.S., Georgia Institute of Technology, 1984; M.S., Pennsylvania State University, 1986; Ph.D., Virginia Polytechnic Institute and State University, 1992."
Colin,D,Dewey,2013,English,Professor,"B.A., English, University of California, Berkeley, 2003; M.A., English, Cornell University, 2008; Ph.D., English, Cornell University, 2011; 200-Ton Master, Near Coastal; 1600-Ton Mate, Near Coastal; Able Bodied Seaman, Unlimited."
Anuraj,NULL,Dhillon,2018,Communication Studies,Associate Professor and Interim Department Chair,"B.C.A., GND University, 2004; M.B.A., ICFAI University, 2006; Ph.D., University of Connecticut, 2018."
Carlos,NULL,Diaz Alvarenga,2024,Computer Engineering,Professor,"B.S., University of California, Merced, 2017; Ph.D., University of California, Merced, 2024."
Elena,NULL,Dimitrova,2019,Mathematics,Professor,"B.A., American University in Bulgaria, 2001; Ph.D. Virginia Tech, 2006."
Shunping,NULL,Ding,2018,"Wine and Viticulture, Plant Sciences",Associate Professor,"B.S., Henan University, China, 2010; M.S. The University of Hong Kong, 2013; Ph.D., University of Wisconsin-Madison, 2018."
Thomas,L,Disanto,2003,Architecture,Professor,"M.Arch., California State Polytechnic University, Pomona, 1989; B.Arch, 1997; Ecole D'Architecture De Paris, La Defense, 1999. Registered Architect, California."
Manocher,NULL,Djassemi,2003,Industrial Technology and Packaging,Professor Emeritus (FERP),"B.S., University of Science and Technology, Tehran, 1977; M.S., University of Wisconsin–Milwaukee, 1990; Ph.D., 1994."
Jimmy,A,Doi,2003,Statistics,Professor,"B.A., California State University, Northridge, 1995; M.S., North Carolina State University, 1998; Ph.D., 2003."
Dale,S L,Dolan,2009,Electrical Engineering,Professor,"B.S., University of Toronto, Ontario, Canada, 2003; M.S., 2005; Ph.D., 2008."
Lorraine,D,Donegan,2002,Graphic Communication,Professor Emeritus,"B.S., California Polytechnic State University, San Luis Obispo, 1997; M.A., 2001."
Dallas,NULL,Donell,2024,Ethnic Studies,Assistant Professor,"B.A., Comparative Race and Ethnic Studies, University of Chicago; Ph.D. American Studies."
Kevin,J,Dong,2001,Architectural Engineering,Professor Emeritus (FERP),"B.S., California Polytechnic State University, San Luis Obispo, 1986; M.S., University of California, Berkeley, 1988. Registered Structural Engineer and Professional Engineer, California."
Jaqueline,NULL,Doremus,2015,Economics,Associate Professor,"B.S., Stanford University, 2004; M.A., University of Michigan, 2010; Ph.D., University of Michigan 2015."
Alicia,M,Doyle,2022,Music,Professor and Department Chair,"B.M., University of Southern California, 1991; M.A., University of California, Santa Barbara, 1997; Ph.D., 2000."
Aaron,NULL,Drake,2014,Aerospace Engineering,Professor,"B.S., San Jose State; M.S., Stanford; Ph.D., Washington State University."
Tingyu,NULL,Du,2024,"Management, HR, and Information Systems",Assistant Professor,"Ph.D., UCLA; B.A., Washington University in St. Louis."
Natasha,NULL,Duell,2023,Psychology and Child Development,Assistant Professor,"B.A., University of California, Irvine, 2011; Ph.D., Temple University, 2018."
Scott,C,Eagon,2014,Chemistry and Biochemistry,Professor,"B.A., Whitman College, 2005; Ph.D., University of California Santa Cruz, 2010."
Robert,W,Easton,2011,Mathematics,Associate Professor,"B.S., University of Michigan, 2002; Ph.D., Stanford University, 2007."
Robert,NULL,Echols,1999,Physics,Professor Emeritus (FERP),"B.S., University of California, Davis, 1992; M.S., 1994; M.S., University of California, Santa Cruz, 1996; Ph.D., 1999."
Christian,NULL,Eckhardt,2017,Computer Science,Associate Professor,"Ph. D., Vienna University of Technology, Austria, 2011."
Mark,S,Edwards,2007,Animal Science,Professor,"B.A., Miami University, 1987; Ph.D., Michigan State University, 1995."
Louise,OV,Edwards,2016,Physics,Associate Professor,"B.S., University of Victoria, Canada, 2001; M.S., Saint Mary's University, Canada, 2003; Ph.D., Université Laval, Canada, 2007."
Amro,NULL,El Badawy,2018,Civil and Environmental Engineering,Associate Professor,"B.S., Mansoura University, 2001; M.S., 2005; Ph.D., University of Cincinnatti, 2011."
Frank,NULL,Elavsky,2026,Computer Science,Assistant Professor,"B.A., B.S.,  Trinity Lutheran College, 2016; Ph.D., Carnegie Mellon, 2026."
Elthary,NULL,Elghandour,2000,Mechanical Engineering,Professor,"B.S., Helwan University,Cairo, Egypt 1983; M.S. 1989; Ph.D., 1995."
Allison,M,Ellis,2016,"Management, HR, and Information Systems",Professor,"B.A., University of California, Irvine, 2009; M.S., Portland State University, 2012; Ph.D., Portland State University, 2015."
Richard,NULL,Emberley,2017,Mechanical Engineering,Associate Professor,"B.S., Worcester Polytechnic Institute, 2011; M.S., 2013; Ph.D., University of Queensland, Brisbane, Australia, 2017."
Amanda,NULL,Emberley,2023,Mechanical Engineering,Assistant Professor,"B.S. University Of California, Davis, 2013 M.A., University of Davis, 2015 PhD. Purdue University"
Mariam,NULL,Emyan,2007,College of Architecture and  Environmental Design,Assistant Dean,"B.S., Armenian Agrarian University, Armenia, 1997; M.A., Public Administration Academy, Armenia, 1999; M.B.A., California Polytechnic State University, San Luis Obispo, 2006."
Günes,NULL,Ertan,2024,Political Science,Assistant Professor,"B.S. Middle East Technical University, Turkey, 2003; M.A. Bowling Green State University, Ohio, 2005; Ph.D. University of Pittsburg, Pennsylvania, 2013."
Reza,NULL,Eslami,2026,Civil and Environmental Engineering,Assistant Professor,"B.S., Shahid Beheshti University, Iran, 2001; M.S., 2010; Ph.D., Kobe University, Japan, 2014. Registered Professional Engineer, Iran."
Eric,NULL,Espinoza-Wade,2019,Mechanical Engineering,Associate Professor,"B.S. Massachusetts Institute of Technology, 2000; M.S., Massachusetts Institute of Technology, 2004; PhD, Massachusetts Institute of Technology, 2007"
Ramon,NULL,Esquivel,2020,Theatre and Dance,Associate Professor,"B.A. Yale University 1999; M.A. Educational Theatre, New York University 2006; M.F.A. Creative Writing, University of British Columbia 2017."
Allen,C,Estes,2007,Architectural Engineering,Professor Emeritus (FERP),"B.S., United States Military Academy, 1978; M.S., Stanford University, 1987; M.B.A., Long Island University, 1989; Ph.D., University of Colorado, 1997. Registered Civil Engineer, Virginia."
Aaron,R,Estrada,2012,Psychology and Child Development,Professor,"B.A., University of California, Santa Cruz, 2001; M.S., San Francisco State University, 2006; M.A., University of California, Santa Barbara, 2008; Ph.D., 2011."
Matthew,NULL,Fairbanks,2011,Bailey College of Science and Mathematics,Professor,"B.A., Physics, Oberlin College, 2003; M.S., Physics, University of Oregon, 2007; Ph.D., Physics, University of Oregon, 2010"
Dongfeng,NULL,Fang,2019,"Computer Science, Computer Engineering",Associate Professor,"B.S., Harbin Institute of Technology, China, 2009; M.S., Shanghai University, China, 2014; Ph.D., University of Nebraska, 2019."
Yuming,NULL,Fang,2026,Communication Studies,Assistant Professor,"Ph.D. in Communication from the University of Minnesota, 2024"
Siavash,NULL,Farzan,2023,Electrical Engineering,Assistant Professor,"B.S., Shahid Beheshti University, Tehran, 2010;  M.S., University of Missouri-Columbia, 2013; Ph.D., Georgia Institute of Technology, 2021."
Raymond,NULL,Fernando,2002,Chemistry and Biochemistry,Professor,"B.S., University of Sri Jayewardenepura, Sri Lanka; Ph.D., North Dakota State University, Fargo, 1986."
Francisco,NULL,Fernflores,2000,Philosophy,Professor,"B.Sc., University of Toronto, 1992; M.A., University of Western Ontario, 1993; Ph.D., 1998."
Rachel,NULL,Fernflores,2006,Philosophy,Professor,"B.A., University of Regina, 1993; M.A., University of Saskatchewan, 1995; Ph.D., Queens University, 2006."
Jonathan,NULL,Fernsler,2006,Physics,Professor,"B.S., College of William and Mary, 1996; M.S., University of Colorado, Boulder, 1999; Ph.D., 2004."
Pat,M,Fidopiastis,2006,Biological Sciences,Professor,"B.A., California State University, Fullerton, 1992; M.A., 1995; Ph.D., University of Hawaii, Manoa, 2001."
Gregg,L,Fiegel,1995,Civil and Environmental Engineering,Professor,"B.S., California Polytechnic State University, San Luis Obispo, 1990; M.S., University of California, Davis, 1992; Ph.D., 1995. Registered Professional Engineer and Geotechnical Engineer, California."
Giancarlo,NULL,Fiorenza,2008,Art and Design,Professor,"B.A., University of California, Santa Cruz, 1991; M.A., Johns Hopkins University, 1993; Ph.D., 2001."
Christina,E,Firpo,2006,History,Professor,"B.A., The George Washington University, 2000; M.A., University of California, Los Angeles, 2002; Ph.D., 2007."
Jonathan,NULL,Fischer,2006,Engineering Technology,Associate Professor,"B.S., Biomechanics Engineering, University of Pittsburgh, PA, 2002; B.A., History of Science, University of Pittsburgh, PA, 2002; M.S. Mechanical Engineering, UC Berkeley, 2004"
Eric,NULL,Fisher,2007,Economics,Professor Emeritus (FERP),"M.A., John Hopkins School of Advanced International Studies, 1979; Ph.D., University of California, Berkeley, 1985."
William,NULL,Fitzhenry,1997,English,Professor Emeritus,"B.A., State University of New York at Buffalo, 1984; M.A., University of Colorado, 1991; Ph.D., Duke University, 1997."
Carlos,A,Flores,2013,Economics,Professor,"B.A., Monterey Institute of Technology, Mexico, 1998; M.A., UC Berkeley, 2003; Ph.D., UC Berkeley, 2005."
Tanya,R,Flushman,2012,School of Education,Professor,"B.A., University of California, Santa Cruz, 1998; M.S., State University of New York, College at Buffalo, 2006; Ph.D., Vanderbilt University, 2012."
Emily,NULL,Fogle,2007,Chemistry and Biochemistry,Professor,"B.A., Sonoma State University, 2000; Ph.D., University of California, Davis, 2005."
Elizabeth,NULL,Folk,2017,Art and Design,Associate Professor,"B.F.A., University of Colorado, Boulder, 2007; M.F.A., University of California, Santa Barbara, 2009."
Sophia,NULL,Forster,2008,English,Professor and Associate Chair,"B.A., York University, 1998; M.A., University of Victoria, 2001; Ph.D., State University of New York at Buffalo, 2008."
Thomas,NULL,Fowler,1995,Architecture,Professor,"B.Arch., New York Institute of Technology/Old Westbury, 1984; M.Arch., Cornell University, 1994. Registered Architect, New York."
Anya,P,Foxen,2018,Philosophy,Associate Professor,"B.A., Rutgers, 2008; M.A., University of California, Santa Barbara, 2011; Ph.D., 2015."
Samuel,NULL,Frame,2007,Statistics,Professor,"B.S., California Polytechnic State University, San Luis Obispo, 2001; M.S., University of California, Santa Barbara, 2004; Ph.D., 2007."
Clinton,D,Francis,2013,Biological Sciences,Professor,"B.S., Pacific University, 2002; M.A., University of Colorado 2007; Ph.D., 2010."
Sara,J,Frantz,2014,Art and Design,Professor and Department Chair,"B.S., University of Wisconsin-Madison, 2003; M.F.A., University of Texas, 2007."
Derik,K,Frantz,2014,Chemistry and Biochemistry,Professor,"B.S. 2005 Juniata College, 2005; M.Sc.  University of Zurich, Switzerland, 2008; Dr. sc. nat. University of Zurich, Switzerland, 2012."
Laura,A,Freberg,1987,Psychology and Child Development,Professor,"B.A., University of California, Los Angeles, 1974; M.A., 1975; Ph.D., 1979."
Geoffrey,NULL,Fricker,2018,Social Sciences,Associate Professor,"BS (Physical Geography, UCSB -2005), MA (Geography UCLA - 2009), PhD (Geography UCLA -2015)"
Daniel,P S,Frishberg,2023,Computer Science,Assistant Professor,"B.A., Oberlin College, 2007; M.S., University of California, Irvine, 2020; Ph.D., 2023"
Lane,NULL,Fronczek,2024,Marketing,Assistant Professor,"Ph.D., M.S., B.S., Florida State University."
Amanda,NULL,Frye,2020,Liberal Studies,Associate Professor,"B.A., Harvard University, 1991; Ed.M, Harvard University, 1994  2012; Ph.D., Stanford University, 2018."
Benjamin,F,Funston-Timms,2007,Social Sciences,Professor,"B.A., University of New Mexico, 1997; M.A., Indiana University, 1999; Ph.D., 2007."
George,NULL,Gallagher,2023,Animal Science,Department Head,B.S. New Mexico State University; M.S. New Mexico State University; Ph.D. Washington State University
Glynn,NULL,Gallaway,2026,Mechanical Engineering,Assistant Professor,"B.S. Purdue University, 2020; Ph.D. Purdue University, 2026."
Joel,NULL,Galos,2022,Materials Engineering,Assistant Professor,"B.S., Aerospace Engineering  Mathematics, University of South Wales, Australia, 2012; M.A. Composite Materials, Imperial College, UK, 2013; Ph.D., Engineering, University of Cambridge, UK, 2017"
Martha,NULL,Galvan-Mandujano,2018,World Languages and Cultures,Associate Professor,"B.A., Texas A  M University, 2000; M.A., Texas A  M University, 2007; Ph.D, University of Oklahoma, 2015."
Antonio,F,Garcia,2001,Physics,Professor,"B.A., University of California, Los Angeles, 1988; B.S., San Jose State University, 1994; M.S., The University of New Mexico, 1996; Ph.D., University of California, Santa Barbara, 2001."
Lauren,C,Garner,2005,Plant Sciences,Professor,"B.S., The College of William and Mary, 1992; M.S., Cornell University, 1996; Ph.D., University of California, Riverside, 2004."
Sean,NULL,Gasiorek,2022,Mathematics,Assistant Professor,"B.S., California Polytechnic State University, San Luis Obispo, 2009; M.S., 2011; Ph.D., University of California, Santa Cruz, 2019."
Richard,O,Gearhart,2006,Journalism,Associate Professor,"B.S., California Polytechnic State University, San Luis Obispo, 1991; M.S., California Polytechnic State University, San Luis Obispo, 2009."
Saba,NULL,Gerami,2024,Mathematics,Assistant Professor,"B.S. University of California, Los Angeles, 2013; M.S. California Polytechnic State University, SLO, 2015; Ph.D., University of Michigan, 2024"
Maria,NULL,Gerveni,2025,Agribusiness,Assistant Professor,"B.S., Panteion University, Greece, 2016; M.S., U. of Illinois at Urbana-Champaign, 2019; U. of Illinois at Urbana-Champaign, 2025."
Behnam,NULL,Ghalamchi,2022,Mechanical Engineering,Assistant Professor,"B.Sc., IUST, Iran 2009, M.Sc., ZNU, Iran, 2011, PhD., LUT, Finland 2014"
Mohammad,NULL,Ghamari,2024,Electrical Engineering,Assistant Professor,"B.Eng., University of Leeds, 2006; M.S., Newcastle University, 2007; Ph.D., Lancaster University, 2012."
Hamed,NULL,Ghoddusi,2020,Finance,Associate Professor,"Ph.D., Vienna Graduate School of Finance 2011, Post Doc, MIT, 2013"
Ani,NULL,Ghosh,2024,Economics,Assistant Professor,"Ph.D., Johns Hopkins University; MSc., London School of Economics and Political Science; B.A., Delhi University."
Samantha,J,Gill,1997,"Natural Resources Management and Environmental Sciences, BioResource and Agricultural Engineering",Professor,"B.S., Humboldt State University, 1991; M.S., 1993; Ph.D., University of California, Berkeley, 1997. Registered Professional Forester, California."
Glen,D,Gillen,2006,Physics,Professor,"B.S., Denison University, 1994; M.S., Miami University, 1996; M.A.T., 1997; M.S., The Ohio State University, 2001; Ph.D., 2002."
Katharina,NULL,Gillen,2006,"Physics, Computer Engineering",Professor,"Vordiplom, Rheinische Friedrich-Wilhelms Universität Bonn, 1998; M.S., The Ohio State University, 2000; Ph.D., 2005."
David,NULL,Gillette,2001,"English, Liberal Arts and Engineering Studies",Professor and LAES Co-Director,"B.A., University of Iowa, 1985; M.A., University of New Mexico, 1992; Ph.D., 1995."
Kay,NULL,Gim,2026,Communication Studies,Assistant Professor,"Ph.D. in Communication from the University of Arizona, 2024."
Mary,M,Glick,2012,Journalism,Associate Professor (FERP),"B.A., State University of New York at Oswego, 1972; M.A., California State University, Fullerton, 1982."
Scott,NULL,Glysson,2017,Music,Associate Professor,"B.M., George Mason University, 2007; M.M., University of Arizona, Tucson, 2012; D.M.A., University of Arizona, Tucson, 2014."
Marni,NULL,Goldenberg,2003,Experience Industry Management,Professor,"B.S., California State University, Sacramento, 1995; M.S., Purdue University, 1997; Ph.D., University of Minnesota, 2002."
Javier,NULL,Gonzalez-Sanchez,2022,Computer Science,Assistant Professor,"B.S., University of Guadalajara, 1997; M.S., National Polytechnic Institute of Mexico, 2000; Ph.D., Arizona State University, 2016."
Tara,NULL,Goodard,2025,Civil and Environmental Engineering,Assistant Professor,"B.S.,  University of California, Santa Barbara, 2002; M.S., B.S.,  University of California, Davis, 2005; Ph.D., Portland State University, 2017."
Ann,NULL,Goodell,2025,Civil and Environmental Engineering,Assistant Professor,"B.S.,  University of Washington, 2016; M.S., University of Washington, 2022; Ph.D., Virginia Polytechnic and State University, 2025. Registered Professional Engineer, OR."
Anya,NULL,Goodman,2005,Chemistry and Biochemistry,Professor,"B.S., Florida Atlanta University, 1996; Ph.D., Massachusetts Institute of Technology, 2003."
Jackson,NULL,Goodman,2024,Mathematics,Assistant Professor,"B.A., Swathmore College, 2013; Ph.D. University of Pennsylvania, 2020."
Erin,NULL,Gorter,2015,Agricultural Education and Communication,Assistant Professor,"B.S., Texas Tech University, 2004; M.S., California Polytechnic State University, San Luis Obispo, 2011; Ed.D., Texas Tech and Texas AM Universities, 2018"
Brian,E,Granger,2008,Physics,Professor,"B.S., Westmont College, 1994; Ph.D., University of Colorado at Boulder, 2001."
Jordan,NULL,Grasso,2026,Interdisciplinary Studies in the Liberal Arts,Assistant Professor,"A.A., Palomar Community College, 2012; B.S., California State University-San Marcos, 2014; M.A., California State University-San Marcos, 2017; Ph.D., University of Californbia-Irvine, 2024."
Jordan,NULL,Grasso,2026,Interdisciplinary Studies in the Liberal Arts,Assistant Professor,"A.A., Palomar Community College, 2012; B.S., California State University-San Marcos, 2014; M.A., California State University-San Marcos, 2017; Ph.D., University of Californbia-Irvine, 2024."
Sarah,A,Gravem,2025,Biological Sciences,Assistant Professor,"B.S., Ecology and Evolutionary Biology, University of California, Santa Barbara, 2005; M.S., Biology, Cal Poly SLO, 2009;  Ph.D., Marine Ecology, University of California, Davis, 2015."
Bruce,NULL,Greenbaum,2015,"Management, HR, and Information Systems",Associate Professor and Associate Dean for Programs  Learning,"B.S., University of Virginia, 1991; M.B.A., University of Michigan, 1996; Ph.D., University of Texas, 2015."
Mallary,NULL,Greenlee-Wacker,2022,Biological Sciences,Associate Professor,"B.S., University of California, Irvine, 2006;  Ph.D., University of Notre Dame, IN., 2011."
Jerusha,B,Greenwood,2006,Experience Industry Management,Professor,"B.S., University of Utah, 1998; M.S., 2002; Ph.D., North Carolina State University, 2006."
Brian,P,Greenwood,2006,Experience Industry Management,Professor,"B.A., University of North Carolina at Chapel Hill, 1996. M.S., North Carolina State University, 2001; Ph.D., 2007."
Cory,J,Greever,2016,Kinesiology and Public Health,Associate Professor,"B.S., Virginia Commonwealth University, 2010; M.S., James Madison University, 2012; Ph.D. University of Massachusettes, Amherst, 2016."
Adrienne,I,Greve,2006,City and Regional Planning,Professor,"B.S., Cornell University, 1996; M.S., Colorado State University, Ft. Collins, 1999; Ph.D., University of Washington, Seattle, 2007."
Dena,L,Grossenbacher,2017,Biological Sciences,Associate Professor,"B.S., University of Washington, 1999; Ph.D., University of California, Davis, 2013."
April,NULL,Grow,2021,Computer Science,Assistant Professor,"B.S., University of California, Santa Cruz, 2011; M.S., 2014; Ph.D., 2019."
Todd,A,Grundmeier,2004,Mathematics,Professor,"B.S., University of New Hampshire, 1997; M.S., 2000; Ph.D., 2003."
Ashley,NULL,Grupenhoff,2024,Natural Resources Management and Environmental Sciences,Assistant Professor,"B.S. Virginia Commonwealth University, Ph.D., University of California Davis, 2023."
Caixing,NULL,Gu,1998,Mathematics,Professor,"B.S., Zhejiang University, 1982; M.S., China Textile University, 1986; Ph.D., Indiana University, 1994."
Rafeal,A,Guerra Silva,2022,Industrial Technology and Packaging,Assistant Professor,"B.S., Central University of Venezuela, Venezuela, 2001; M.S., 2004; Ph.D., Technische Universität Dresden, Germany, 2013."
Megan,NULL,Guise,2009,School of Education,Professor  Director,"B.S., Millersville University, 2002; M.Ed., 2004; Ph.D., University of Pittsburgh, 2009."
Thomas,D,Gutierrez,2006,Physics,Professor,"B.S., San José State University, 1991; M.S., 1994; Ph.D., University of California, Davis, 2000."
Kenneth,NULL,Habib,2006,Music,Professor,"B.A., University of California, Los Angeles, 1983; M.A., University of California, Santa Barbara, 1995; Ph.D., 2005."
Christine,L,Hackman,2015,Kinesiology and Public Health,Professsor,"B.S., Rowan University, 2010; M.A., University of Alabama, 2012; Ph.D., University of Alabam, 2015."
Lauren,NULL,Hackney,2022,Assistant Professor,Assistant Professor,"BS University of Virginia; MLA University of Virginia; Registered Landscape Architect, California."
John,NULL,Hagen,2001,Chemistry and Biochemistry,Professor and Department Chair,"B.S., University of Nevada, Las Vegas, 1992; Ph.D., Stanford University, 1996."
Todd,A,Hagobian,2009,Kinesiology and Public Health,Professor and Department Chair,"B.A., University of Southern California, 1991; M.A., San Francisco State University, 2002; Ph.D., University of Massachusetts at Amherst, 2007."
Amir,NULL,Hajrasouliha,2015,City and Regional Planning,Professor and Department Head,"B.Arch., Shahid Beheshti University, 2004; M.Urbanism, University of Tehran, 2007; M. Urban Design, University of Michigan, 2011; Ph.D. Metropolitan Planning, Policy, and Design, University of Utah, 2015"
Garrett,J,Hall,2002,Civil and Environmental Engineering,Professor,"B.S., Worcester Polytechnic Institute, 1992; M.S., University of Washington, 1993; Ph.D., University of California, Berkeley, 2001. Registered Professional Engineer, California."
Bonnie,NULL,Hall,2025,Chemistry and Biochemistry,Associate Provessor,"B.S. Eastern Washingon University, 1990; Ph.D., University of California, Davis, 1994."
Leslie,NULL,Hamachi,2020,Chemistry and Biochemistry,Associate Professor,"B.S., University of California, Berkeley; Ph.D., Columbia University, 2018."
Lynn,NULL,Hamilton,1996,Agribusiness,Professor,"B.S., Ohio State University, 1988; M.S., University of Minnesota, 1995; Ph.D., 1996."
Margaret,E,Hamilton,2012,Mathematics,Professor,"B.S., University of Chicago, 1989;  M.A., University of California, Los Angeles, 1991;  Ph.D., 1995."
Stephen,NULL,Hamilton,2004,Economics,Professor,"B.A., University of California, Santa Barbara, 1991; M.S., University of California, Berkeley, 1994; Ph.D., 1996."
John,C,Hampsey,1992,English,Professor,"B.A., Holy Cross College, 1976; Ph.D., Boston College, 1982."
James,L,Hanson,2005,Civil and Environmental Engineering,Professor,"B.S., University of Wisconsin, Madison, 1990; M.S., University of Minnesota, Minneapolis, 1992; Ph.D., University of Wisconsin, Madison, 1996. Registered Professional Engineer, California and Wisconsin."
Trevor,S,Harding,2006,Materials Engineering,Curriculum Chair and Professor,"B.S., University of Michigan, 1995; M.S., 1997; Ph.D., 2000."
Kristin,NULL,Hardy,2011,Biological Sciences,Professor and Curriculum Chair,"B.S., Tulane University, 2003; Ph.D., University of North Carolina Wilmington, 2009."
Matthew,NULL,Harsh,2018,Interdisciplinary Studies in the Liberal Arts,Professor,"B.S., Northwestern University; M.S., University of Edinburgh; Ph.D, University of Edinburgh"
Mohammad,NULL,Hasan,2022,Mechanical Engineering,Assistant Professor,"B.S, Jordan University 2015, M.S., University of Nebraska-Lincoln 2018, PhD. University of Nebraska-Lincoln, 2020."
Antony,NULL,Hasson-Snell,2001,Mechanical Engineering,Professor,"B.S., Mechanical Engineering, University College, London, 1983; M.S., Marine Mechanical Engineering, University College, London, 1984; Ph.D., Aerospace Engineering, University of Minnesota, 1991"
Ryan,NULL,Hatch,2014,English,Associate Professor,"B.A., Kalamazoo College, 2004; M.A., State University of New York, 2008; Ph.D., State University of New York, 2013."
Michael,L,Haungs,2003,Computer Science; Liberal Arts and Engineering Studies,Professor and LAES Co-Director,"B.S., University of California, Berkeley, 1992; M.S., Clemson University, 1998; Ph.D., University of Davis, 2002."
Alexa,NULL,Haverlah,2025,Journalism,Assistant Professor,"B.A., Tulane University, 2017; M.A. University of Texas at Austin, 2022."
Susan,NULL,HAWK,2024,Food Science and Nutrition,Professor,"B.A., Reed College, PhD, University of California, Davis"
Benjamin,NULL,Hawkins,2012,Biomedical Engineering,Associate Professor,"B.S., California State University, Fresno, 2005; Ph.D., Cornell University, Ithaca, 2010."
Peter,J,Hayes,2001,"College of Agriculture, Food, and Environmental Sciences",Professor,"B.S., Marine Transportation, Texas AM University at Galveston, 1988; M.A., Public and Private Management, University of Houston, Clear Lake, 1999; M.A., Public and Private Management, University of Houston, Clear Lake, 1999; Master Mariner, Unlimited, Any Ocean."
Taylor,M,Haynes,2015,Chemistry and Biochemistry,Associate Professor,"B.S., University of California, Irvine; M.S. University of Michigan; Ph.D. University of Michigan."
Scott,NULL,Hazelwood,2007,Biomedical Engineering,Professor,"B.S., Harvey Mudd College, 1985; M.E., 1986; M.S., University of California, Davis, 1992; Ph.D., 1998."
Gary,NULL,He,2026,Architecture,Assistant Professor,"B.Arch, Cornell University, 2009; M.Phil, Yale University, 2018; Ph.D., Yale University, 2020."
Brian,P,Healy,2017,Theatre and Dance,Associate Professor and Department Chair,"B.A., Truman State University, 1996; M.F.A., University of Washington, 2007."
Lydia,NULL,Heberling,2021,Ethnic Studies,Assistant Professor,"B.A., Point Loma Nazarene University, 2006; M.A., San Diego State University, 2014; Ph.D., University of Washington, 2021."
Brenda,NULL,Helmbrecht,2004,English,Professor,"B.A., Truman State University, 1997; M.A., Miami University, 1999; Ph.D., 2004."
Eleanor,D,Helms,2011,Philosophy,Professor,"B.A., Wheaton College, 2002; M.A., Fordham University, 2007; Ph.D., 2011."
Karin,A,Hendricks-Bolen,2018,Theatre and Dance,Associate Professor,"B.A. University of Arizona, 2004; M.F.A., University of California, Irvine, 2009."
Katherine,NULL,Herder,2026,Statistics,Assistant Professor,"B.A., University of California, Santa Cruz, 2016; M.P.H., University of Arizona, 2022; M.S. University of Arizona, 2024; Ph.D., University of Arizona, 2026."
Julie,NULL,Herndon,2022,Music,Assistant Professor,"B.A., St. Mary's College of Maryland, 2008; M.A., Mills College, 2015; D.M.A., Stanford University, 2022."
Jeffrey,NULL,Hess,2007,Marketing,Associate Professor and Area Chair,"B.A., Biola University, 1986; M.B.A., Pepperdine, 1988; Ph.D., University of Colorado-Boulder, 1998."
Shashika,NULL,Hewavitharana,2019,Plant Sciences,Associate Professor,"B.S., University of Colombo, Sri Lanka, 2009; M.S., Washington State University, 2013; Ph.D., Washington State University, 2017."
Michael,D,Heying,2009,Chemistry and Biochemistry,Professor,"B.S. Alma College, Michigan 1999;  M.S. Purdue University, 2002; Ph.D., Purdue University, 2005"
Christopher,M,Heylman,2017,Biomedical Engineering,Associate Professor,"B.S., California Polytechnic State University, San Luis Obispo, 2007; Ph.D., Case Western Reserve University, 2013."
Emily,NULL,Hickman,2019,Accounting,Associate Professor,"B.S., University of Idaho, 2011; M.S., Gonzaga University, 2013;Ph.D., Washington State University, 2017."
Alessandro,NULL,Hill,2025,Industrial and Manufacturing Engineering,Assistant Professor,"B.S., M.S., University of Augsburg, Germany, 2006; Ph.D., University of Hamburg Business School, Germany, 2016."
Kenneth,J,Hillers,2004,Biological Sciences,Professor,"B.S., Western Washington University, 1990; Ph.D., University of Oregon, 1998."
Ashish,NULL,Hingle,2025,"Management, HR, and Information Systems",Assistant Professor,"B.S., California State Polytechnic University - Pomona; M.B.A.; Ph.D., George Mason University, 2025."
Nandeesh,NULL,Hiremath,2021,Aerospace Engineering,Assistant Professor,"B.S Mechanical Engineer from India, M.S. 2015 and Ph.D. in Aerospace Engineeering Georgia Institute of Technology 2018"
Maya,S,Hislop,2023,English,Assistant Professor,"B.A., Williams College, 2011; Ph.D., University of Virginia, 2018."
Chance,NULL,Hoellwarth,1997,School of Education and Physics,Professor and SSTEP Program Coordinator,"B.S., California Polytechnic State University, San Luis Obispo, 1991; M.S., University of California, Davis, 1994; Ph.D., 1997."
Michael,NULL,Holden,2007,Mechanical Engineering,Professor,"B.S., Aeronautical and Mechanical Engineering, English Minor, University of California, Davis, 1992; M.S., Aeronautics and Astronautics, Stanford University, 1994; Ph.D., Aeronautics and Astronautics, Stanford University, 1999"
Bret,NULL,Holladay,2020,Statistics,Associate Professor,"B.S., California State University, Northridge, 2011; M.S., 2014; Ph.D., University of California, Santa Barbara, 2019."
Robert,NULL,Holtzapple,2008,Physics,Professor,"B.A., University of California, Berkeley, 1988; M.S., Stanford University, 1991; Ph.D., 1996."
Benjamin,K,Hoover,2013,Plant Sciences,Professor,"B.S., Temple University, 2005; M.S., The Pennsylvania State University, 2007; Ph.D., 2012"
Matthew,S,Hopper,2006,History,Professor,"B.A., Pepperdine University, 1996; M.A., Temple University, 1998; M.A., University of California, Los Angeles, 2000; Ph.D., 2006."
Brian,NULL,Horgan,2025,"College of Agriculture, Food, and Environmental Sciences",Dean,"B.S., Michigan State University, 1995; M.S., North Carolina State University, 1997; Ph.D., University of Illinois Urbana-Champaign, 2001."
Marc,R,Horney,2009,Animal Science,Professor,"B.S., California Polytechnic State University, San Luis Obispo, 1990; M.S., Oregon State University, 1992; Ph.D., University of Nebraska-Lincoln, 1999."
Patrick,C,Howe,2011,Journalism,Professor,"B.A., University of Minnesota, 1993; M.A., University of Missouri-Columbia, 2011."
Daniel,J,Howes,2011,BioResource and Agricultural Engineering,Professor,"B.S., University of California, Davis, 1997; M.S., California Polytechnic State University, San Luis Obispo, 2001; Ph.D., University of California, Irvine, 2010. Registered Professional Engineer, California.."
Borislov,NULL,Hristov,2024,Computer Science,Assistant Professor,"B.S., Brown University, 2010; M.S., Princeton University, 2014; Ph.D., 2019."
Silas,NULL,Hsu,2024,Computer Science,Assisant Professor,"B.S., Washington University in St. Louis, 2016; M.S., 2017; Ph.D., University of Illinois at Urbana-Champaign, 2024."
Kun,NULL,Hua,2023,Electrical Engineering,Assistant Professor,"B.S., Xi’an Jiaotong University, China, 1999; M.S., Xi’an Jiaotong University, China, 2004; Ph.D., University of Nebraska–Lincoln, 2008."
Irene,NULL,Humer,2024,Computer Science,Assistant Professor,"M.S., University of  Vienna, 2009; Ph.D., Vienna University of Technology, Electrical Engineering, and Information, 2012."
Sean,P,Hurley,2002,Agribusiness,Professor,"B.A., University of San Francisco, 1994; Ph.D., Iowa State University, 2000."
Shelley,L,Hurt,2008,Political Science,Associate Professor,"B.A., University of California, Berkeley, 1995; M.A., New School for Social Research, New York, 2001; Ph.D., 2010."
Juliana,M,Huzzey,2014,Animal Science,Professor,"B.S., University of British Columbia, 2003; M.S., University of British Columbia, 2007; Ph.D., Cornell University, 2012."
Jonathan,NULL,Ibarra,2025,Social Sciences,Assistant Professor,"B.A., University of California, Santa Barbara, 2016; M.A. Sociology, University of California, Santa Barbara, 2020; PhD. Sociology, University of California, Santa Barbara, 2025."
Chad,E,Immoos,2004,Chemistry and Biochemistry,Professor,"A.B., Occidental College, 1996; Ph.D., University of California, Irvine, 2002."
Taiyo,NULL,Inoue,2009,Mathematics,Professor,"B.S. University of California, Davis, 2000; Ph.D. University of California, Berkeley, 2007."
Kristofer,P,Isaacson,2025,Civil and Environmental Engineering,Assistant Professor,"B.S., University of Wisconsin-Madison, 2015; M.S., University of Minnesota-Duluth, 2019; Ph.D. Purdue University, West Lafayette, Indiana, 2024."
Paulo,NULL,Iscold,2018,Aerospace Engineering,Professor,"B.S., Universidade Federal de Minas Gerais, 1999; M.S., Universidade Federal de Minas Gerais 2001; Ph.D., Universidade Federal de Minas Gerais 2004"
Denise,NULL,Isom,2008,Interdisciplinary Studies in the Liberal Arts,Professor,"B.A./B.S., University of California-Davis, 1989; M.A., University of California-Davis, 1992; Ph.D., Loyola University Chicago, 2003."
Hilary,C,Jacks,2023,Physics,Assistant Professor,"B.S., University of Miami, Florida, 2011; M.S., University of California, Berkeley, 2014; Ph.D., 2018."
Douglas,NULL,Jackson,2008,Architecture,Professor,"B.Arch., Virginia Polytechnic Institute and State University, 1993; M.Arch, Princeton University, 2000. Registered Architect, California."
Lorraine,D,Jackson,1992,Communication Studies,Professor Emeritus (FERP),"B.A., University of Western Ontario, 1987; M.A., Pennsylvania State University, 1989; Ph.D., 1992."
Thanayi,NULL,Jackson,2019,History,Associate Professor,"B.A., University of California, Santa Cruz, 2000; M.A., University of Maryland, College Park, 2002; Ph.D., University of Maryland, 2016."
Sanjiv,NULL,Jaggia,2007,Economics,Professor Emeritus (FERP),"B.A., Panjab University, India, 1981; Ph.D., Indiana University, Bloomington, 1990."
Jonathan,NULL,James,2013,Economics,Professor,"B.A., UCLA, 2003; M.A., Duke University, 2007; Ph.D., Duke University, 2011."
Jeremy,NULL,James,2020,Natural Resources Management and Environmental Sciences,Professor and Department Head,"B.S., California Polytechnic State University, San Luis Obispo, 1998; Ph.D., University of California, Davis, 2004."
Kristine,Z,Jankovitz,1996,Kinesiology and Public Health,Professor (FERP),"B.S., California Polytechnic State University, San Luis Obispo, 1984; M.S., 1989; Ph.D., University of Nebraska-Lincoln, 1995."
Daniel,NULL,Jansen,2003,Civil and Environmental Engineering,Professor,"B.S., University of California, San Diego, 1988; Ph.D., Northwestern University, 1996. Registered Professional Engineer, California."
John,J,Jasbinsek,2008,Physics,Professor,"B.S., California State Polytechnic University, Pomona, 1992; M.A., University of California, Santa Barbara, 1994; Ph.D., University of Wyoming, 2008."
Elizabeth,NULL,Jeffery,2017,Physics,Associate Professor,"B.S., Brigham Young University, 2003; M.S. University of Texas at Austin, 2005; Ph.D., University of Texas at Austin, 2009."
Ryan,NULL,Jenkins,2015,Philosophy,Professor,"B.A., Florida State University, 2009; Ph.D., University of Colorado, 2014."
Jessica,L,Jensen,2017,School of Education,Associate Professor and Assistant Director,"B.A., University of Iowa, 2008; M.A., Viterbo University, La Crosse, 2010; Ph.D., University of Iowa, 2017."
Xiaomin,NULL,Jin,2004,Electrical Engineering,Professor,"B.S., Tsinghua University, Beijing, China, 1992; M.S., 1996; Ph.D., University of Illinois at Urbana-Champaign, 2001."
Jennifer,NULL,Jipson,2005,Psychology and Child Development,Professor,"B.A., Smith College, 1993; M.S., University of California, Santa Cruz, 1996; Ph.D., 2000."
Cheng,NULL,Jiun-Yao,2025,Civil and Environmental Engineering,Assistant Professor,"B.S., National Central University, Taiwan, 2017; M.S., National Central University, Taiwan, 2019;  Ph.D. University of Florida 2025."
Andrew,NULL,Johnson,2026,Natural Resources Management and Environmental Sciences,Assistant Professor,"B.S., Virginia Tech, 2020; Ph.D., University of California, Berkeley, 2026."
Nicole,E,Johnson-Glauch,2025,Materials Engineering,Assistant Professor,"B.S. Colorado School of Mines, 2013; Ph.D. University of Illinois Urbana-Champaign, 2018."
Scott,C,Johnston,2008,Physics,Professor,"B.S., Stanford University, 1999; M.S., 2000; Ph.D., University of California, Santa Barbara, 2006."
Liz,B,Johnston,2010,Social Sciences,Professor,"B.S., Winthrop College, SC, 1978;  M.S.W., Smith College, 1984; Ph.D., Smith College, 2013."
Dane,R,Jones,1976,Chemistry and Biochemistry,Professor,"B.A., University of Utah, 1969; Ph.D., Stanford University, 1974."
Seamus,NULL,Jones,2023,Materials Engineering,Assistant Professor,"B.S. Chemical Engineering, University of Minnesota, Twin Cities, 2017; PhD Chemical Engineering, University of California, Santa Barbara, 2022."
Gonzalo,NULL,José López Garrido,2023,Architecture,Assistant Professor,"M.Arch, Polytechnic University of Catalonia, School of Architecture, Barcelona, Spain, 2009; Ph.D. in Sustainability and Urban Regeneration, Urban Planning and Design Department, Polytechnic University of Madrid, School of Architecture, Madrid, Spain, 2023."
Jasna,NULL,Jovanovic,2005,Psychology and Child Development,Professor and Director of University Honors Program,"B.S., University of Illinois, 1985; M.S., Pennsylvania State University, 1987; Ph.D. 1991."
Stephanie,NULL,Jung,2014,Food Science and Nutrition,Professor,"B.S., University of Sciences, Metz, France, 1995; M.S., National Polytechnic Institute of Lorraine, Nancy, France, 1996; Ph.D., National School for Engineers in Agricultural and Food Science, Nantes,France, 2000."
Sergio,F,Juárez,2024,Communication Studies,Assistant Professor,"B.A., California State University Channel Islands, 2010; M.A., New Mexico State University, 2012; Ph.D., University of Delaware, 2017."
Marco,NULL,Juárez Cruz,2025,Art and Design,Assistant Professor,"B.A., Universidad Nacional Autonoma de Mexico, 2009; M.A., Universidad Nacional Autonoma de Mexico, 2018; Ph.D., University of Maryland, 2025."
Lilli,NULL,Kaarakka,2021,Natural Resources Management and Environmental Sciences,Assistant Professor,"B.S., University of Helsinki, 2011; M.Sc. University of Helsinki and Swedish University of Agricultural Sciences-dual degree 2012-13, D.Sc., University of Helsinki, 2018."
Damian,I,Kachlakev,2000,Civil and Environmental Engineering,Professor,"B.S., University of Architecture, Civil Engineering and Geodesy, Sofia, Bulgaria, 1986 and 1988; M.S., 1988; Ph.D., Oregon State University, Corvallis, 1997. Registered Professional Engineer, Bulgaria."
Jessica,NULL,Kaczorowski,2017,Psychology and Child Development,"Associate Department Chair, Professor","B.A., University of California, San Diego, 2005; M.A., University of North Carolina at Greensboro, 2008; Ph.D., 2012."
Paris,NULL,Kalathas,2024,Computer Science,Assistant Professor,"B.S., Technological and Educational Institute of Crete, Greece, 2008; M.S., Oregon State University, 2019; Ph.D., 2024."
Nipoli,NULL,Kamdar,2010,Economics,Professor,"B.A., Economics and Statistics, St. Xavier’s College, Bombay University, India, 1985; M.A., Economics, Syracuse University, 1992; Ph.D., Economics, Syracuse University, 1993."
Iksoon,NULL,Kang,2016,Animal Science,Professor,"B.S., Kon-Kuk University, Seoul, Korea, 1988; M.S., California State University, Fresno, 1991; Ph.D., Texas A  M University, 1996."
Ria,NULL,Kanjilal,2024,Computer Engineering,Professor,"B.T. West Bengal University of Technology, India, 2009; M.T., West Bengal University of Technology, India, 2014; Ph.D., University of South Florida, 2022."
Eric,J,Kantorowski,2004,Chemistry and Biochemistry,Professor,"B.S., California State University, Fullerton, 1993; Ph.D., University of California, Davis, 1998."
Gabriel,NULL,Kaprielian,2023,Architecture,Assistant Professor,"B.Arch., California Polytechnic State University, San Luis Obispo, 2007; MCRP, University of California, Berkeley, CA; M.Arch, University of California, Berkeley, CA."
Suraj,NULL,Kar,2024,Wine and Viticulture,Assistant Professor,"B.S., Visva Bharati University, India, 2013; M.S., National Dairy Research Institute, 2015, India; Ph.D., Hokkaido University, Japan, 2019."
Eric,P,Kasper,1997,Civil and Environmental Engineering,Professor,"B.S., California Polytechnic State University, San Luis Obispo, 1991; M.S., University of California, Davis, 1992; Ph.D., University of California, Berkeley, 1997. Registered Professional Engineer, California."
Ajay,NULL,Kathuria,2014,Industrial Technology and Packaging,Professor,"B.S., GJUST, India, 2002; M.S., Michigan State University, 2007; Ph.D., Michigan State University, 2013."
Thomas,M,Katona,2014,Biomedical Engineering,Professor,"B.S., Westmont College, 1996; M.S., University of California, Santa Barbara, 2000; Ph.D., University of California Santa Barbara, 2003; M.B.A., University of South Carolina, 2007."
Krista,J,Kauffmann,2012,English,Associate Professor,"B.A., Goshen College, 1999; M.A., University of Wisconsin-Madison, 2001; Ph.D., 2009."
Anton,NULL,Kaul,2003,Mathematics,Professor,"B.S., University of California, Davis, 1994; M.S., Oregon State University, 1996; Ph.D., 2000."
Michael,NULL,Kazek,2008,Engineering Technology,Associate Professor,"B.S., Marine Engineering, U.S. Coast Guard Academy, 1984; M.S.E., Naval Architecture and Marine Engineering, University of Michigan, 1986; M.S.E., Mechanical Engineering, University of Michigan, 1986"
Ayaan,M,Kazerouni,2020,Computer Science,Associate Professor,"B.S., University of West Georgia, USA, 2015; Ph. D., Virgina Tech, 2020"
Salwa,NULL,Kazi,2026,Communication Studies,Assistant Professor,"B.A. in English from Savitribai Phule Pune University, 2016; M.A. in Linguistics from Deccan College Pune, India 2019; Ph.D. candidate in Communication Studies from University of Colorado, Boulder, 2026."
Sarah,K,Keadle,2016,Kinesiology and Public Health,Associate Professor,"B.S., Lake Forest University, 2006; M.S., University of Massachusettes, Amherst, 2008; Ph.D., University of Massachusettes, Amherst, 2012; MPH, Harvard School of Public Health, 2013."
Andrew,J,Kean,2004,Mechanical Engineering,Professor,"B.E., The Cooper Union, 1997; M.S., University of California, Berkeley, 1999; Ph.D., 2003."
Elena,L,Keeling,1997,Biological Sciences,Professor (FERP),"B.S., Yale University, 1989; Ph.D., University of California, San Francisco, 1996."
Aaron,W,Keen,2002,Computer Science,Professor and Department Chair,"B.S., University of California, Davis, 1997; M.S., 2000; Ph.D., 2002."
James,R,Keese,2003,Social Sciences,Professor Emeritus (FERP),"B.S., California Polytechnic State University, San Luis Obispo, 1987; M.A., American Graduate School of International Management, 1989; Ph.D., University of Arizona, 1996."
Malcolm,G,Keif,1989,Graphic Communication,Professor Emeritus,"B.S., California Polytechnic State University, San Luis Obispo, 1986; M.A., California State University, Long Beach, 1989; Ph.D., University of Missouri, 1995."
Scott,D,Kelting,2007,Construction Management,Professor,"B.S., California Polytechnic State University, San Luis Obispo, 2000; M.S., 2003; Ed.D., University of California Santa Barbara, 2011. Certified Green Professional (CGP), Certified Aging-in-Place Specialist (CAPS), LEED Accredited Professional (LEED AP)."
Brian,NULL,Kennelly,2006,World Languages and Cultures,Professor,"B.A., University of California, Davis, 1986; M.A., University of Virginia, 1989; Ph.D., New York University, 1996."
Bekir,NULL,Keskin,2025,Graphic Communication,Assistant Professor,"Bachelor of Arts in Education in Printing Teacher Education, Master of Science in Mechanical Engineering, Ph.D. in Manufacturing Engineering."
Fahim,NULL,Khan,2024,Computer Science,Assistant Professor,"B.S., Rajshahi University of Engineering and Technology, 2009; M.S., Bangladesh University of Engineering and Technology, 2015; M.S., University of Calgary, 2018; Ph.D., University of California, Santa Cruz, 2024."
Foaad,NULL,Khosmood,2011,"Computer Science, Computer Engineering",Professor,"B.S., California Polytechnic State University, San Luis Obispo, 1999; M.S., 2005; Ph.D., University of California, Santa Cruz, 2011."
Byeongmok,NULL,Kim,2025,Industrial and Manufacturing Engineering,Assistant Professor,"B.S., Hongik University, Seoul, Korea, 2013; M.S. Pohang University of Science and Technology, Pohang, Korea, 2015; Ph.D., Purdue University, West Lafayette, IN, US, 2025."
Hyun,NULL,Kim,2025,Mechanical Engineering,Assistant Professor,"B.A. Visual Arts, Rice University, 2011; B.S. Mechanical Engineering, Rice University, 2011; M.S. Mechanical Engineering; University of Illinois at Urbana-Champaign, 2014; Ph.D. Theoretical and Applied Mechanics, University of Illinois at Urbana-Champaign, 2019; Postdoc. Mechanical Engineering, Stanford University, 2019-2020."
Hyoung,NULL,Kim,2025,Philosophy,Assistant Professor,"BA in Philosophy, Princeton University, 2011; MA in Philosophy, Georgia State University, 2014; PhD in Philosophy, Stanford University, 2023."
Min,S,Kim,2025,Finance,Assistant Professor,"B.S., Seoul National University, 2000; M.B.A., University of Rochester, 2005; Ph.D., University of Southern California, 2010."
Kevin,B,Kingsbury,1996,Chemistry and Biochemistry,Professor,"B.S., College of William and Mary, 1986; Ph.D., Stanford University, 1993."
David,A,Kirby,2019,Interdisciplinary Studies in the Liberal Arts,Professor and Department Chair,"B.S.,University of Illinois-Champaign/Urbana; Ph.D, University of Maryland-College Park"
Colleen,M,Kirk,2001,Mathematics,Professor,"B.S., Stanford University, 1994; M.S., Southern Illinois University, Carbondale, 1995; Ph.D., Northwestern University, 1999."
Alan,L,Kiste,2011,Chemistry and Biochemistry,Professor,"B.S., Calvin College, 1993; Ph.D., University of Michigan, 2009."
Jennifer,L,Klay,2006,Physics,Professor and Department Chair,"B.S., University of California, Los Angeles, 1994; M.S., University of California, Davis, 1998; Ph.D., 2001."
Corinna,NULL,Klein,2025,Psychology and Child Development,Assistant Professor,"B.A., English Literature, University of California, Santa Barbara, 2012; M.S.W., Social Work, University of California, Los Angeles, 2017; M.A., Counseling Psychology, University of California, Santa Barbara, 2021; Ph.D., Counseling, Clinical,  School Psychology (Clinical Emphasis), 2023."
Andrew,NULL,Kline,2017,Construction Management,Assistant Professor,"B.S., California Polytechnic State University, San Luis Obispo, 2011; M.B.A., Sam Houston State University, 2017; LEED Green Associate."
Stephen,M,Klisch,2001,Mechanical Engineering,Professor,"B.S., University of Virginia, 1991; M.S., 1994; Ph.D., University of California, Berkeley, 1999."
Jenna,NULL,Kloosterman,2024,Electrical Engineering,Associate Professor,"B.A., Physics, University of California-Berkeley, 2004; M.S., University of Arizona, Tucson, 2010; Ph.D., University of Arizona, Tucson, 2014."
Charles,A,Knight,2003,Biological Sciences,Professor,"B.S., Western Washington University, 1996; Ph.D., Stanford University, 2002."
Stacy,NULL,Kolegraff,2009,Construction Management,Associate Professor,"B.S., California Polytechnic State University, San Luis Obispo, 2002; M.A. Management, University of Redlands School of Business 2008."
Gita,R,Kolluru,2008,Biological Sciences,Professor,"B.Sc., Queen’s University, Kingston, Canada, 1991; M.A., University of California, Riverside, 1994; Ph.D., 1999."
Lauren,R,Kolodziejski,2014,"College of Liberal Arts, Communications Development","Associate Dean for Student Success, Professor","B.A.,B.S., Winthrop University, 2004; M.A., University of Colorado, Boulder, 2010; Ph.D., University of Washington, 2014."
Maryam,NULL,Kouhirostami,2023,Construction Management,Assistant Professor,"BArchE., Art University of Isfahan, Iran 2011; M.S., Texas Tech University, 2018; Ph.D., University of Florida, 2023."
Laura,NULL,Krifka,2018,Art and Design,Associate Professor,"B.F.A., California Polytechnic State Univeristy, San Luis Obispo, 2008; M.F.A., University of California, Santa Barbara, 2010."
Kareesa,NULL,Kron,2026,Materials Engineering,Assistant Professor,"B.S., Applied Chemistry, Harvey Mudd College, 2018; Ph.D., Chemical Engineering, University of Southern California, 2023."
Joseph,NULL,Kuehn,2022,Economics,Associate Professor,"B.S., UCLA, 2009; M.A., 2011; Ph.D., 2015."
Don,H,Kuhn-Choi,2003,Architecture,Professor,"A.B., Princeton University, 1988; M.Arch., Rice University, 1993; Ph.D., U.C. Berkeley, 2003."
Shantanu,NULL,Kumar,2024,Construction Management,Assistant Professor,"B.S. Vellore Institute of Technology, Chennai, India 2015; M.S. Colorado State University, Fort Collins, Colorado 2018; Ph.D. Colorado State University, Fort Collins, Colorado 2023."
Souvik,NULL,Kundu,2025,Electrical Engineering,Assistant Professor,"B-Tech, West Bengal University of Technology, India, 2011; M-Tech, Jadavpur University, India, 2014; M.S. Iowa State University, Ames, 2019; Ph.D. Iowa State University, Ames, 2023."
Franz,J,Kurfess,2000,Computer Science,Professor Emeritus (FERP),"M.S., Technical University of Munich, 1984; Ph.D., 1990."
Tatiana,NULL,Kuriabova,2014,Physics,Professor,"Honors Diploma in Physics, Ivanovo State University, Ivanovo, Russia, 1996; M.S., University of California, Los Angeles, 2001; Ph.D., 2008."
Sara,S,Kuwahara,2022,BioResource and Agricultural Engineering,Assistant Professor,"B.S., University of Cornell, 2000; M.S. University of Arizona, Tucson 2002; Ph.D. University of Arizona, Tucson, 2009."
Stephen,NULL,Kwok-Choon,2024,Aerospace Engineering,Assistant Professor,"B.S., Florida Institute of Technology; M.S., Florida Institute of Technology; Ph.D. Florida Institute of Technology."
Lily,NULL,Laiho,2007,"College of Engineering, Biomedial Engineering",Associate Dean and Professor,"B.S., Stanford University, 1995; M.S., 1996; Ph.D., Massachusetts Institute of Technology, 2004."
Megan,M,Lambertz-Berndt,2015,Communication Studies,Associate Professor,"B.A., Delaware State University, 2009; M.A., University of Nevada Las Vegas, 2011; Ph.D., University of Wisconsin-Milwaukee, 2016."
Amy,NULL,Lammert,2008,Food Science and Nutrition,Professor,"B.S., Michigan State University, 1991; M.S., University of Illinois, 1993; Ph.D., 1997."
Carrie,A,Langner,2008,Psychology and Child Development,Professor and Department Chair,"B.A., University of Michigan, 1997; Ph.D., University of California, Berkeley, 2005."
Martine,NULL,Lappé,2018,Social Sciences,Associate Professor,"BA, University of California-San Diego; PhD, University of California-San Francisco."
Michael,NULL,Latner,2008,Political Science,Professor,"B.A., California State University, Chico, 1995; M.A., University of California, Irvine, 2006; Ph.D., 2008."
Peter,T,Laursen,2007,Architectural Engineering,Professor,"M.S., University of California, San Diego; Ph.D., University of Auckland, New Zealand, 2003. Registered Civil Engineer, California."
Gary,D,Laver,1998,Psychology and Child Development,Professor Emeritus,"B.A., University of California, Santa Cruz, 1983; M.A., Claremont Graduate University, 1987; Ph.D., 1992."
John,W,Lawson,2009,Architectural Engineering,Professor,"B.S., California Polytechnic State University, San Luis Obispo, 1983; M.S., Stanford University, 1986. Registered Structural Engineer and Civil Engineer, California, Arizona."
Terry,NULL,Lease,2019,Wine and Viticulture,Professor,"B.S., Wake Forrest University, 1983; M.Tax Baylor University, 1985, PhD. University of Southern California 1996"
Benoit,NULL,Lecat,2015,Wine and Viticulture,Professor and Department Head,"M.S., Graduate School of Business Students, KULeuven, Belgium, 2000; Ph.D., FUCAM, branch of LOUVAIN School of Management, UCL Campus of Mons, Belgium, 2006. Level 4 DipWSET"
Linda,NULL,Lee,2009,Psychology and Child Development,Professor,"B.A., University of California, Los Angeles, 1999; M.Ed., Harvard Graduate School of Education, 2000; Ph.D., University of California, Los Angeles, 2007."
Jean,L,Lee,2014,Materials Engineering,Associate Professor,"S.B., Massachusetts Institute of Technology, 1988; Ph.D. Cornell University, 1996."
Jess,NULL,Lee,2020,Social Sciences,Associate Professor,"B.A. in Gender Studies/2010/Mount Holyoke College;M.A. in Liberal Studies/2014/City University of New York Graduate Center;M.A. in Sociology/2017/University of California, Irvine;Ph.D. in Sociology/2020/University of California, Irvine"
Daeun,NULL,Lee,2023,Accounting,Assistant Professor,"B.S. Duke University, 2011; M.S. Baruch College, 2014; Ph.D. Baruch College, 2021"
Christine,NULL,Lee,2024,Graphic Communication,Assistant Professor,"B.S. Management, Rensselaer Polytechnic Institute, B.S. Electronic Media, Arts, and Communication, Rensselaer Polytechnic Institute,  M.Des. Design Strategies, Hong Kong Polytechnic University."
Corinne,NULL,Lehr,2006,Chemistry and Biochemistry,Professor,"B.Sc., University of Calgary, 1994; Ph.D., University of British Columbia, 2003."
Jane,L,Lehr,2007,"College of Liberal Arts, Ethnic Studies, Women's, Gender and Queer Studies",Professor,"B.A., University of Rochester, 1997; M.S., Virginia Polytechnic Institute and State University, 2002; Ph.D., 2006."
Anika,NULL,Leithner,2006,Political Science,Professor and Department Chair,"Vordiplom, Friedrich-Alexander-Universität Erlangen-Nuremberg, Germany, 1999; M.A., University of Colorado, 2002; Ph.D., 2006."
Sean,C,Lema,2011,Biological Sciences,Professor,"B.S., University of California, Davis, 1999; M.S., 2001; Ph.D., 2004."
Patrick,NULL,Lemieux,2007,Mechanical Engineering,Professor,"B.Sc.Eng., University of New Brunswick, Fredericton, Canada, 1991; M.Sc., Cranfield Institute of Technology, Bedford, England, 1992; Ph.D., California Institute of Technology, 1999."
Adrienne,NULL,Lent,2022,Kinesiology and Public Health,Associate Professor,"BS., University of California Santa Cruz, 2010; MPH and MBA, Claremont Graduate University, 2014; DrPH, University of Arizona, 2020."
Jason,NULL,Lepore,2007,Economics,Professor and Area Chair,"B.A., University of California, Irvine, 2002; M.A., University of California, Davis, 2003; Ph.D., 2007."
Kevin,NULL,Lertwachara,2004,"Management, HR, and Information Systems",Professor,"B.S., King Monkut’s Institute of Technology, Thonburi, Bangkik, Thailand, 1994; M.B.A., Westminster College, 1996; Ph.D., University of Connecticut, 2004."
Tony,C,Lewis,2013,"Management, HR, and Information Systems",Professor,"B.A., Political Science, University of Minnesota-Duluth, 2003; M.B.A., Business Administration, University of Minnesota-Duluth, 2007; Ph.D., Management, University of Wisconsin-Milwaukee, 2013."
Bessy,NULL,Liao,2024,Economics,Assistant Professor,"Ph.D., University of California, Irvine; M.A. Economics, UCLA; BS, New York University."
Albert,NULL,Liddicoat,2002,Electrical Engineering,Professor,"B.S. EL, Cal Poly, SLO, 1989; M.S. EE, Stanford University, 1997; M.S. IE Engineering Management, Stanford University 1999, Ph.D. EE, Sanford University, 2002."
Jeffrey,E,Liese,2008,Mathematics,Professor,"B.S., California Polytechnic State University, San Luis Obispo, 2000; M.A., University of California, San Diego, 2004; Ph.D., 2008."
Aaron,C,Liggett,2024,Landscape Architecture,Assistant Professor,"B.S., University of California, Santa Barbara, 2006. M.L.A., Univeristy of Arizona, 2013. Registered Landscape Architect, California."
Patrick,NULL,Lin,2007,Philosophy,Professor,"B.A., University of California, Berkeley, 1990; M.A.,University of California, Santa Barbara, 1995; Ph.D. 1997."
Joyce,T,Lin,2013,"Bailey College of Science and Mathematics, Mathematics",Associate Dean and Professor,"B.A., University of Virginia, 2004; Ph.D., University of North Carolina at Chapel Hill, 2009."
Kevin,NULL,Lin,2014,Experience Industry Management,Professor and Interim Department Head,"B.A., Bejing International Studies University, 2008; M.A., Califorinia State University, Chico; Ph.D., Pennsylvania State University, 2014."
Bo,NULL,Liu,2014,BioResource and Agricultural Engineering,Professor,"B.S., Northeastern University, China, 2009; M.S., Colorodo State University, Pueblo, 2011; M.S., University of Missouri, Columbia, 2013; Ph.D., University of Missouri, Columbia, 2014."
Junrui,NULL,Liu,2026,Computer Science,Assistant Professor,"B.A., Vassar College, 2020; M.S., Yale University, 2021; Ph.D., UC Santa Barbara, 2026."
Peter,A,Livingston,2016,BioResource and Agricultural Engineering,Professor and Department Head,"B.S., University of Arizona, 1981; MS, Colorado State University, 1982; PhD, University of Arizona 2013. Registered Agricultural Engineer, AZ."
Heather,NULL,Liwanag,2015,Biological Sciences,Professor,"B.S., University of California, San Diego, 2001; Ph.D., University of California, Santa Cruz, 2008."
Stephen,NULL,Lloyd-Moffett,2005,Philosophy,Professor,"B.A., Claremont McKenna College, 1994; M.Th., St. Vladimir’s Orthodox Seminary, 2004; M.A., University of California, Santa Barbara, 2001; Ph.D., 2005."
Molly,J,Loberg,2007,History,Professor,"B.A., Pacific Lutheran University, 1998; M.A., Princeton University, 2002; Ph.D., 2006."
Bryan,NULL,Lohmar,2022,Agribusiness,Professor and Department Head,"B.A., University of Minnesota, 1987; Ph.D., University of California, Davis, 2000."
Todd,NULL,Long,2004,Philosophy,Professor,"B.A., University of Southern Mississippi, 1986; M.A., 1995; M.A., University of Wales, 2000; M.A., University of Rochester, 2002; Ph.D., 2003."
Susana,A,Lopez,2022,Psychology and Child Development,Assistant Professor,"B.S., California Polytechnic State University, San Luis Obispo, 2004; M.S., California Polytechnic State University, San Luis Obispo,2006; Ph.D., University of California, Santa Barbara, 2014."
Sara,E,Lopus,2017,Social Sciences,Professor,"B.S., University of California, Berkeley, 2005; M.S., University of California, Davis, 2009; Ph.D., University of California, Berkeley, 2015."
Edward,NULL,Louis,2026,Mechanical Engineering,Assistant Professor,"B.S. 2020 in ME, Clemson Univ, M.S. ME,  Clemson Univ 2022, Ph.D. ME, Clemson Univ 2025."
Enrica,NULL,Lovaglio,2002,Art and Design,Professor,"M.A., University of California, Santa Barbara, 2001; M.F.A. equivalent, University of Studies of Genova, Italy, 1996."
Michael,NULL,Lucas,1998,Architecture,Professor Emeritus,"B.Arch., University of Cincinnati, 1979; M.Arch, Morgan State University, 1995. Registered Architect, Maryland."
Ulric,J,Lund,2001,Statistics,Professor,"B.S., University of California, San Diego, 1990; M.S., University of California, Santa Barbara, 1993; Ph.D., 1998."
Tryg,J,Lundquist,2006,Civil and Environmental Engineering,Professor,"B.A., University of California, Berkeley, 1989; M.S., 1992; Ph.D., 2006. Registered Civil Engineer, California."
Christopher,NULL,Lupo,2008,Computer Science,Professor and Noyce School of Applied Computing Director,"B.S., California State University, Fresno, 1997; M.S., University of California, Davis, 2007; Ph.D., 2008."
Benjamin,NULL,Lutz,2018,Mechanical Engineering,Associate Professor,"B.S., Virginia Tech, 2011; M.Eng., Virginia Tech, 2016; Ph.D., Virginia Tech, 2017"
Julie,NULL,Lynem,2016,Journalism,Assistant Professor,"B.J., University of Missouri, Columbia 1994; M.A., Cal Poly, San Luis Obispo, 2020."
Rachael,NULL,Lyons,2022,Animal Science,Assistant Professor,"B.S., California Polytechnic State University, San Luis Obispo, 2011; D.V.M., UC Davis, 2015."
Ruoxi,NULL,Ma,2018,Graphic Communication,Associate Professor,"B.S., Qingdao University of Science of Technology, 2010; M.S., Xi'an University of Technology, 2012; Ph.D., Western Michigan University - Kalamazoo, 2018."
Thomas,J,Mackin,2005,Mechanical Engineering,Professor Emeritus,"B.S., The Pennsylvania State University, 1980; M.S., 1987; Ph.D., 1991."
Kenneth,L,Macro,2000,Graphic Communication,Professor Emeritus (FERP),"B.A., Pennsylvania State University, University Park, 1993; M.A., The University of Akron, 2000; Ph.D., Walden University, 2011."
Addison,NULL,Maerz,2022,"Management, HR, and Information Systems",Assistant Professor,"B.A., University of Calgary, 2015; M.S., Queen's University (Canada), 2016; Ph.D., 2021."
Alison,NULL,Maggart,2026,Music,Assistant Professor,"B.A., Middlebury College, 2008; Ph.D., University of Southern  California, 2017."
Kelly,D,Main,2007,City and Regional Planning,Associate Professor Emeritus (FERP),"B.A., University of California, Davis, 1982; M.A., Brown University, 1983; Ph.D., University of California, Los Angeles, 2007."
Magdalena,A,Maj,2024,Biological Sciences,Assistant Professor,"B.S.  M.S. in Biotechnology, West Pomeranian University of Technology, Poland, 2007; Ph.D, Cell Biology, University of Natural Resources and Life Sciences, Vienna, Austria, 2012."
Leily,NULL,Majidi,2023,Mechanical Engineering,Assistant Professor,"B.Sc. University of Mazandaran, 2008, M.Sc. Northeastern University, 2014, PhD. University of Illinois at Chicago, 2021"
Bwalya,NULL,Malama,2014,Natural Resources Management and Environmental Sciences,Professor,"B.S., University of Arizona, 1999; M.S., University of Arizona, 2001; Ph.D., University of Arizona, 2006."
Lauren,NULL,Manck,2025,Chemistry and Biochemistry,Assistant Professor,"B.S. Chemistry, Calvin College, 2012; Ph.D. Oceanography, Scripps Institution of Oceanography, University of California San Diego, 2020."
Kevin,NULL,Mandernack,2018,Bailey College of Science and Mathematics,Professor,"B.S. Zoology and Geology, University of Wisconsin-Madison, WI, 1983; PhD., Marine Biology/Biogeochemistry, University of California, San Diego, Scripps Institution of Oceanography, 1992"
Maggie,NULL,Mang,2024,Interdisciplinary Studies in the Liberal Arts,Assistant Professor,"B.A./B.S. Emory University, 2017; M.A. Vanderbilty University, 2019; Ph.D. Rensselaer Polytechnic University, 2024."
Derek,C,Manheim,2023,Civil and Environmental Engineering,Assistant Professor,"B.S., California Polytechnic State University, San Luis Obispo, 2012; M.S., California Polytechnic State University, San Luis Obispo, 2012; Ph.D., University of California, Irvine, 2019."
Rodrigo,NULL,Manjarin,2015,Animal Science,Associate Professor,"D.V.M., University of Leon, Spain, 2004; M.S., Michigan State University, 2008; Ph.D., 2011; Ph.D., University of Leon Veterinary School, 2013."
Charlotte,Z,Mann,2024,Statistics,Assistant Professor,"B.A., Carleton College; M.A., 2017, Univeristy of Michigan, Ann Arbor, 2021; Ph.D. University of Michigan, Ann Arbor, 2024."
Melissa,NULL,Manzanares,2024,Interdisciplinary Studies in the Liberal Arts,Assistant Professor,"B.A.  Whttier College, 2014; M.A. University of North Carolina-Chapel Hill, 2020; Ph.D. University of North Carolina-Chapel Hill, 2024."
Paul,NULL,Marchbanks,2007,English,Professor,"B.S., Centre College of Kentucky, 1993; M.A., University of North Carolina at Chapel Hill, 2000; Ph.D., 2006."
Silvia,NULL,Marijuan,2015,World Languages and Cultures,Professor,"Licenciatura en Letras, University of Buenos Aires, 2009; M.S., Georgetown University, 2012; Ph.D., 2015."
Colleen,A,Marlow (Buchanan),2014,Physics,Professor,"B.S., California Polytechnic State University, San Luis Obispo, 1999; Ph.D., University of Oregon, 2005."
Kathryn,NULL,Marocchino,1990,English,Profressor,"B.A., Languages and Business Administration, Santorre di Santarosa Technical Institute, Turin, Italy, 1972; Ph.D., Modern Foreign Languages and Literature, University of Turin, 1979; Fellow in Thanatology: Death, Dying and Bereavement, 2005"
David,D,Marshall,2004,Aerospace Engineering,Professor,"B.S., Worcester Polytechnic Institute, 1994; M.S., Georgia Institute of Technology, 1995; Ph.D., 2003."
Morgen,NULL,Marshall,NULL,"Bailey College of Science and Mathematics, Advancement",Assistant Dean,"B.S., California Polytechnic State University, San Luis Obispo, 2005; M.A. Gonzaga University, 2013."
Andres,W,Martinez,2010,Chemistry and Biochemistry,Professor,"B.S., Stanford University, 2003; Ph.D., Harvard University, 2009."
Charmaine,NULL,Martinez,2006,Art and Design,Associate Professor,"B.F.A., University of Notre Dame, 1993; M.F.A., University of Wisconsin-Madison, 2003."
Nathaniel,W,Martinez,2013,Biological Sciences,Professor,"B.S., University of California, Santa Cruz, 2002; Ph.D. Cornell University, 2010; M.D., 2012."
Shanae,A,Martinez,2020,English,Assistant Professor,"B.A. University of California, Davis, 2008; M.A., University of Wisconsin-Milwaukee, 2012; Ph.D., University of Wisconsin-Milwaukee, 2019."
Ethan,NULL,Marzban,2026,Statistics,Assistant Professor,"B.A., University of California, Berkeley, 2020; M.A., University of California, Santa Barbara, 2022; Ph.D., University of California, Santa Barbara, 2026."
Tom,NULL,Mase,2007,Mechanical Engineering,Professor Emeritus,"B.S.M.E., Michigan State University, 1980; M.S.M.E., University of California, Berkeley, 1982; Ph.D., 1987."
Themistoklis,NULL,Mastoridis,2013,Physics,Professor,"B.S., Brandeis in Physics, 2003; M.S., Stanford University in Electrical Engineering, 2005; Ph.D. Stanford University in Electrical Engineering, 2010."
Satchiko,NULL,Mastumoto,2025,Computer Engineering,Professor,"B.A. Computer Science, University of California, Berkeley; 2018; B.A. Physics, University of California, Berkeley, 2018; Ph.D., University of California, San Diego; 2025."
Stefanee,NULL,Maurice,2019,Kinesiology and Public Health,Associate Professor,"B.A., University of California, Riverside, 2010; M.A., California State University, Northridge, 2013; M.A., West Virginia University, 2016; Ph.D., West Virginia University, 2019"
Hans,NULL,Mayer,2019,Mechanical Engineering,Associate Professor,"B.S., California Polytechnic State University, San Luis Obispo, 2003; M.S., Carnegie Mellon University, Pittsburgh, 2005; Ph.D., University of California, Santa Barbara, 2016."
Weston,NULL,McCool,2025,Social Sciences,Assistant Professor,"B.S., University of Utah, 2009; M.A. Anthropology, University of Utah, 2013; M.A. Anthropology, University of California, Santa Barbara, 2015; Ph.D. Anthropology, University of California, Santa Barbara, 2020."
Kathryn,E,McCormick,2003,Art and Design,Professor,"B.S., University of Cincinnati, 1996; M.S., 2001."
Michael,P,McCullough,2008,Agribusiness,Professor,"B.S., Boise State University, 2003; M.S., Washington State University, 2007; Ph.D., 2008."
Cole,C,McDaniel,2005,Architectural Engineering,Professor,"B.S., University of California, San Diego, 1996; M.S., 1997; Ph.D., 2002. Registered Civil Engineer, California."
Anthony,NULL,McDevitt,2023,"College of Agriculture, Food, and Environmental Sciences",Assistant Professor,"B.S., Marine Transportation, California Maritime Academy, 1995; Master Mariner, Unlimited, Any Oceans."
Ashley,NULL,McDonald,2013,Chemistry and Biochemistry,Professor,"B.S., Mississippi College, 2004; Ph.D. Georgia Institute of Technology, 2009"
Margot,K,McDonald,1992,Architecture,Professor,"B.A., B.S., University of California, Santa Barbara, 1980; M.Arch., University of Oregon, 1987. AIA, Registered Architect, Oregon. NCARB Certificate."
Casey,NULL,McDonald,2020,Journalism,Assistant Professor,"B.S., Brigham Young University, Idaho, 2007; M.A., Brigham Young University, Utah, 2016; Ph.D,  University of Florida, Gainesville, 2020."
Zach,NULL,McFarlane,2018,Animal Science,Associate Professor,"B.S., University of Arizona, 2013; M.S., University of Arizona, 2015; Ph.D., University of Tennessee, Knoxville, 2018."
Karen,J,McGaughey,2003,Statistics,Professor,"B.A., Kansas State University, 1991; M.S., 1999; Ph.D., 2003."
Lucy,NULL,McGowan,2023,Agribusiness,Assistant Professor,"B.S. Food Science, U. of Missouri, 2012. M.S. Agriculture and Applied Economics, U. of Missouri, 2016. Ph.D. Agriculture and Applied Economics, U. of Missouri, 2022."
Timothy,NULL,McHale,2024,Social Sciences,Assistant Professor,"B.S. Biology; B.A. Philosophy, University of Central Florida  2007; M.Sc. Evolutionary Anthropology  Durham University (United Kingdom) 2011 ;Ph.D. Biological Anthropology, University of Nevada, Las Vegas 2017."
Clay,NULL,McKell,2026,Electrical Engineering,Assistant Professor,"B.S., University of California, Los Angeles, 2006; M.S., University of California, Los Angeles, 2007; Ph.D., University of Hawaii at Manoa, 2018."
Elizabeth,C,McNie,2017,Marine Transportation,Associate Professor,"B.S., Marine Transportation, CSU Maritime Academy, 1994; M.A., Psychology, Sonoma State University, 2001; Ph.D., Environmental Studies, University of Colorado, Boulder, 2008; Second Mate, Unlimited, Any Ocean; 1600-Ton Master, Any Ocean."
Eleanor,NULL,McSpirit,2026,Mathematics,Assistant Professor,"B.A., University of California, Berkeley, 2020; Ph.D., University of Virginia, 2024."
Bryan,J,Mealy,2003,Computer Engineering,Professor,"B.S., California Polytechnic State University, San Luis Obispo, 1990; M.S., 1993; M.S., University of California, Santa Cruz, 1999; Ph.D., 2002."
Elsa,NULL,Medina,2000,Mathematics,Professor,"B.S., California Polytechnic State University, San Luis Obispo, 1994; M.S., 1996; Ph.D., University of Northern Colorado, 2000."
Eric,A,Mehiel,2004,Aerospace Engineering,Professor and Department Chair,"B.S., University of California, Santa Barbara, 1998; M.S., University of Colorado, 2001; Ph.D., 2003."
Anthony,A,Mendes,2004,Mathematics,Professor,"B.S., University of California, Irvine, 2000; M.A., University of California, San Diego, 2001; Ph.D., 2004."
Crystal,NULL,Mercado,2025,Liberal Studies/Physics,Professor,"B.A., San Diego State University, 2005; M.F.A., Arizona State University, 2008."
Joan,NULL,Meyers,2017,Social Sciences,Associate Professor and Department Chair,"B.A., Cornell University, 1988; M.A., California State University, San Francisco, 1999; M.A., University of California, Davis, 2001; Ph.D., 2009."
Erika,NULL,Meza,2025,Kinesiology and Public Health,Associate Professor,"B.S., Loyola Marymount University; MPH, Columbia University; PhD, University of California San Francisco."
Blair,NULL,Middlebrook,2025,"Management, HR, and Information Systems",Assistant Professor,"B.B.A., Texas Christian University, 2017; Ph.D., University of Washington, 2025."
Theresa,NULL,Migler,2018,Computer Science,Associate Professor,"B.S., Math, Cal Poly, 2004; M.S., Math, Cal Poly, 2007; M.S. CS, Oregon State, 2013; Ph.D. CS, Oregon State, 2014."
Moses,NULL,Mike,2021,Agricultural Education and Communication,Assistant Professor,"B.S., University of the West Indies, Trinidad and Tobago, 2008; M.S., 2013; Ph.D., University of Florida, 2020"
Jason,NULL,Miller,2025,Construction Management,Assistant Professor,"B.S. Construction Management - California State University, Sacramento; MBA - California Baptist University; DBA - California Baptist University."
Ryan,NULL,Miller,2026,City and Regional Planning,Assistant Professor,"B.A., California State University, Chico, 2012; M.U.P., University of Washington, 2014; Ph.D., University of California, Davis, 2024"
Elizabeth,NULL,Minor,2024,Social Sciences,Assistant Professor,"B.A. Wellesley College 2003; M.A. University of California, Berkeley 2006; Ph.D. University of California, Berkeley 2012."
David,NULL,Mitchell,2004,"Physics, Liberal Studies",Professor,"B.S., George Washington University, 1998; M.A., University of California, San Diego, 2001; Ph.D., 2004."
Rodney,NULL,Mock,2008,Accounting,Professor and Area Chair,"J.D., University of Oregon School of Law, 2002; L.L.M., University of Washington School of Law, 2004."
Matthew,J,Moelter,1998,Physics,Professor Emeritus (FERP),"B.S., University of California, Irvine, 1981; Sc.M., Brown University, 1983; Ph.D., 1989."
Maryam,NULL,Mohammadpour,2023,Bailey College of Science and Mathematics,Assistant Professor,"B.S. Naval Architecture Engineering, Persian Gulf University, Booshehr, Iran, 2015; M.S. Mechanical / Marine Engineering, Sharif University of Technology, (SUT), Tehran, Iran, 2017; PhD., Ocean Engineering, University of Rhode Island, Kingston, RI, 2023"
Keir,NULL,Moorhead,2015,Engineering Technology,Maritime Vocational Instructor III,"B.S., Mechanical Engineering, California Maritime Academy, 2004; Third Assistant Engineer, Steam, Motor, and Gas Turbine Vessels, Unlimited Horsepower"
Jorge,NULL,Moraga,2022,Ethnic Studies,Associate Professor,"B.A., California State University, Northridge, 2012; M.A., 2012; Washington State University, Ph.D., 2017."
Kelly,J,Moreno,1991,Psychology and Child Development,Professor Emeritus,"B.S., University of California, Santa Barbara, 1980; M.S., University of Utah, 1985; Ph.D., 1988. Licensed Psychologist, California."
Andrew,D,Morris,2000,History,Professor,"B.S., Harvey Mudd College, 1991; M.A., University of California, San Diego, 1996; Ph.D., 1998."
Robb,E S,Moss,2006,Civil and Environmental Engineering,Professor,"B.S., North Carolina State University, 1995; M.S., Utah State University, 1997; Ph.D., University of California, Berkeley, 2003. Registered Professional Engineer, California."
Jennifer,NULL,Mott-Peuker,2014,Mechanical Engineering,Associate Professor and Associate Chair,"B.S., California Polytechnic State University, 2005; M.S., University of Illinois at Urbana-Champaign, 2007; Ph.D., University of Illinois at Urbana-Champaign, 2012."
Joydeep,NULL,Mukherjee,2021,Computer Science,Assistant Professor,"B.E., National Institute of Technology, India, 2006; M.S., University of Calgary, 2012; Ph.D., 2018."
Sumona,NULL,Mukhopadhyay,2022,Computer Science,Assistant Professor,"B.Tech., West Bengal University of Technology, 2006; M. Tech., 2008; Ph.D., University of Calgary, 2018."
Misgana,NULL,Muleta,2008,Civil and Environmental Engineering,Professor,"B.S., Arba Minch University, 1996; M.S., National University of Ireland, Galway, 1999; Ph.D., Southern Illinois University, Carbondale, 2003. Registered Professional Engineer, California."
Karen,NULL,Munoz-Christian,2007,World Languages and Cultures,Professor and Department Chair,"B.S., Iowa State University, 1981; M.A., Wichita State University 1985; Ph.D., University of California, Irvine, 1994."
Kate,NULL,Murphy,2007,"College of Liberal Arts, History",Dean and Professor,"B.A., University of Virginia, 2001; M.A. Johns Hopkins University, 2003; Ph.D., 2007."
William,R,Murray,1999,Mechanical Engineering,Professor Emeritus,"B.S., University of Texas, Austin, 1975; M.S., 1976; Ph.D., Massachusetts Institute of Technology, 1988."
James,NULL,Mwangi,2003,Architectural Engineering,Professor Emeritus (FERP),"B.Sc., University of Nairobi, Kenya, 1984; MSc., University of Lagos, Nigeria; Ph.D., University of California, Davis, 2001. Registered Structural Engineer and Professional Engineer, California."
Allison,NULL,Myers,2020,Art and Design,Associate Professor,"B.A., Webster University, Saint Louis, Missouri, 2007; M.A., The University of Texas at Austin, 2009; Ph.D., The University of Texas at Austin, 2018."
Jasmine,NULL,Nation,2020,Liberal Studies,Associate Professor,"B.S.  B.A., University of Arizona, 2009; M.A., Univeristy of California, Santa Barbara, 2017; Ph.D., University of California, Santa Barbara, 2019."
Jenell,R,Navarro,2012,Ethnic Studies,Professor,"B.A., Oklahoma Baptist University, 2001; M.A., Claremont Graduate University, 2007; Ph.D., 2011."
Jose,NULL,Navarro,2012,Ethnic Studies,Professor and Department Chair,"B.A., University of California, Berkeley, 2002; M.A., University of Southern California, 2008; Ph.D., 2012."
Payam,NULL,Nayeri,2022,Electrical Engineering,Assistant Professor,"B.Sc., Shahid Beheshti University, 2004; M.Sc., Iran University of Science and Technology, 2007;  Ph.D., University of Mississippi, 2012."
Aydin,NULL,Nazmi,2009,Food Science and Nutrition,Professor,"B.S., University of California, Davis, 1998; M.S., University of London, U.K.; 2004; Ph.D., Federal University of Pelotas, Brazil, 2007."
Travis,NULL,Neel,2024,Art and Design,Assistant Professor,"B.F.A., Massachusetts College of Art and Design, 2014; M.F.A. Portland State University, 2014."
Grace,NULL,Neff,1995,Chemistry and Biochemistry,Professor,"B.S., New Mexico State University, 1989; Ph.D., University of Oregon, 1998."
Dawn,NULL,Neill,2008,Interdisciplinary Studies in the Liberal Arts,Professor,"B.A., Louisiana State University, 1996; M.A., 1999; M.A., University of Washington, 2004; Ph.D., 2007."
Stern,NULL,Neill,2008,Marketing,Professor,"B.A., Louisiana State University, 1992; M.B.A., Southeastern Louisiana University, 1994; Ph.D., Louisiana State University, 2000."
Yarrow,M,Nelson,1999,Civil and Environmental Engineering,Professor Emeritus (FERP),"B.S., University of California, Berkeley, 1979; M.S., Cornell University, 1992; Ph.D., 1997."
Leslie,R,Nelson,2018,Communication Studies,Associate Professor,"B.A., University of Nebraska, Lincoln, 2012; M.A., University of Missouri, 2014; Ph.D., 2018."
Carson,NULL,Nesbella,2026,Agricultural Education and Communication,Assistant Professor,"B.S., Michigan State University, 2016; M.S. Cornell University, 2017; Ph.D., The Pennsylvania State University, 2023."
Natasha,NULL,Neumann,2019,School of Education,Associate Professor,"B.A., University of California, San Diego, 1997; M.A., Azusa Pacific University, Azusa, 2008; Ed.D., University of Southern California, Los Angeles, 2017."
Herve,NULL,Nganuia,2026,Mathematics,Assistant Professor,"B.S., CUNY College of Staten Island, 2003; Ph.D., New Jersey Institute of Technology, 2014."
Cheryl-lyn,NULL,Ngoh,2023,Marketing,Assistant Professor,"B.S. University of Nebraska-Lincoln, 2015; M.B.A., Kansas State University, 2017; Ph.D., Kent State University, 2023"
Jayme,NULL,Noland,1999,Animal Science,Professor Emeritus (FERP),"B.S. Colorado State University, 1981; DVM Colorado State University 1987"
Thomas,R,Nordenholz,1998,Mechanical Engineering,Professor,"B.S., Mechanical Engineering, State University of New York at Buffalo, 1990; M.S., Mechanical Engineering, UC Berkeley, 1995; Ph.D, Mechanical Engineering, UC Berkeley, 1998."
Zachary,NULL,Nosker,2023,Engineering Technology,Assistant Professor,"B.S., Electrical Engineering, San Francisco State University, 2005; Ph.D., Electronics and Informatics, Kiryu, Gunma Japan, 2014"
Brent,NULL,Nuttall,2003,Architectural Engineering,"Professor Emeritus (FERP), Curriculum Committee Chair","B.S., California Polytechnic State University, San Luis Obispo, 1986; M.S., University of California, Berkeley, 1987. Registered Structural and Civil Engineer, California."
Cornelius,K,Nuworsoo,2005,City and Regional Planning,Professor,"B.S., University of Science and Technology, Ghana, 1981; M.S., Morgan State University, 1986; MCP, University of California, Berkeley, 2002; Ph.D., 2004. American Institute of Certified Planners. Institute of Transportation Engineers."
Christine,E,O'Hara,2008,Landscape Architecture,Professor,"B.A., Stanford University, 1987; M.L.A. University of Washington, 2002. Certificate in Preservation Planning."
Olivia,NULL,Obeso,2024,School of Education,Assistant Professor,"B.S., University of Arizona, 2013; M.A., Seattle Pacific University, 2017; Ph.D, UC Los Angeles, 2024."
Eric,NULL,Ocegueda,2023,Mechanical Engineering,Assistant Professor,"B.S. University of California, Berkeley 2017, M.S, California Institute of Technology, 2019, Ph.D. California Institute of Technology 2023"
Rosie,NULL,Ojeda,2024,Liberal Studies,Assistant Professor,"B.A., BYU-Idaho, 2011; M.A. University of San Francisco, 2016; Ph.D. University of Utah, 2024."
John,Y,Oliver,2007,Computer Engineering,Professor,"B.S., Boston University, 1998; M.S., University of California, Davis, 2006; Ph.D., University of California, Davis, 2007"
Eric,NULL,Olsen,2004,Industrial Technology and Packaging,Professor Emeritus (FERP),"B.S., University of Maine at Orono, 1979; M.B.A., Virginia Polytechnic Institute and State University, 1987; Ph.D., The Ohio State University, 2004."
Clare,NULL,Olsen,2011,Architecture,Professor,"B.A., Brown University, 1997; M.Arch., University of California, Los Angeles, 2003. Registered Architect, New Jersey."
Tomas,NULL,Oppenheim,2014,Mechanical Engineering,Associate Professor,"B.S., Mechanical Engineering, Loyola Marymount University, 2007; Ph.D., BioNano/Engineering, University of Cambridge, 2011."
Patrick,NULL,Orson,2022,Mathematics,Assitant Professor,"B.A., University of Cambridge, 2008; M.A., 2012; Ph.D., University of Edinburgh, 2015."
Joel,J,Orth,2003,History,Associate Professor and Department Chair,"B.A., California Polytechnic State University, San Luis Obispo, 1996; M.A., Iowa State University, 1998; Ph.D., 2004."
Brian,NULL,Osborn,2016,Architecture,Associate Professor,"B.L.A. California Polytechnic State University, San Luis Obispo, 2001; M.Arch, Pratt Institute, School of Architecture, Brooklyn, New York, 2008. Licensed Landscape Architect in the Commonwealth of Virginia, NCARB."
Rebekah,L,Oulton,2013,Civil and Environmental Engineering,Professor,"B.S., Harvey Mudd College, 1993; M.S., 1994; Ph.D., University of Iowa, 2013.  Registered Professional Engineer, California.  Leed Accredited Professional."
Ndackyssa,NULL,Oyima-antseleve,2024,Finance,Assistant Professor,"Ph.D., University of Texas at Dallas; M.S., University of Texas at Dallas; BBA, Texas Tech University."
Javin,P,Oza,2016,Chemistry and Biochemistry,Associate Professor,"B.S., University of California, Santa Barbara; Ph.D., Univeristy of California, Santa Barbara"
Andrea,NULL,Oñate-Madrazo,2016,History,Associate Professor,"B.A., New York University, 2003; M.A., Princeton University, 2011: Ph.D., 2016"
Nirupam,NULL,Pal,1995,Civil and Environmental Engineering,Professor,"B. Tech, Calcutta University, India, 1984; M. Tech, 1986; Ph.D., New Jersey Institute of Technology, 1993."
NULL,HH,Palandoken,2009,Chemistry and Biochemistry,Professor,"B.S., California State University, Chico, 1993; M.S., University of California, Davis, 1997; Ph.D., 2006."
Jianbiao,J,Pan,2003,Industrial and Manufacturing Engineering,Professor,"B.E., Xidian University, Xian, China, 1990; M.S., Tsinghua University, Beijing, China, 1996; Ph.D., Lehigh University, 2000. Certified Quality Engineer. Certified Reliability Engineer."
Anurag,NULL,Pande,2008,Civil and Environmental Engineering,Professor,"B.Tech., Indian Institute of Technology, Bombay, 2002; M.S., University of Central Florida, 2003; Ph.D., 2005."
John,P,Paniagua,2023,History,Assistant Professor,"B.A., Whittier College, 2014; Ph.D., Princeton University, 2022."
Maria,NULL,Pantoja,2016,"Computer Science, Computer Engineering",Professor,"B.S., University of Valencia, Spain, 1992; M.S., California State University, East Bay, 2004; Ph.D. Santa Clara University, 2009."
Dana,NULL,Paquin,2008,Mathematics,Professor,"B.S., Davidson College, 2002; Ph.D., Stanford University, 2007."
Alexander,E,Parker,2013,Bailey College of Science and Mathematics,Professor,"B.A., Biology, University of Colorado, 1995; Ph.D., Oceanography, University of Delaware, 2004"
Jordan,NULL,Parker,2026,Biological Sciences,Professor,"B.S., California Polytechnic State Univeristy, San Luis Obispo, 2003; Ph.D., University of California, Los Angeles, 2012."
Kylie,NULL,Parrotta,2019,Social Sciences,Associate Professor,"BA Psychology - NC State 2002, MS Sociology - NC State 2006 ,  PhD Sociology - NC State 2015"
Amy,C,Parsons,2013,English (Cal Poly Maritime),Professor,"B.A., California State University, Sonoma, 1995; M.A., University of California, Irvine, 1999; Ph.D., University of California, Irvine, 2007."
Christopher,C,Pascual,2000,Mechanical Engineering,Professor,"B.S., Cornell University, 1985; M.S., Georgia Institute of Technology, 1996; Ph.D., 1999. Registered Professional Engineer, California."
Alexis,L,Pasulka,2017,Biological Sciences,Associate Professor,"B.S., Arizona State University, 2005; M.S., University of California, San Diego, 2009. Ph.D., 2013."
Pratish,A,Patel,2013,Finance,Professor,"B.S., Georgia Institute of Technology, 2002; M.S., UC Berkeley, 2005; Ph.D., UC Berkeley, 2013."
Erin,PJ,Pearse,2012,Mathematics,Professor,"B.S., University of California, Riverside, 1998; M.S., 2001; Ph.D., 2006."
Samuel,B,Pearson,2018,"College of Agriculture, Food, and Environmental Sciences",Associate Professor,"B.S., Nautical Science, Maine Maritime Academy, 1991; M.S., Maritime Management, Maine Maritime Academy, 1993; Chief Mate Unlimited, Any Ocean; Master 1600 Tons, Any Ocean; Master, Towing Vessel"
Hyewon,NULL,Pechkis,2024,Physics,Associate Professor,"B.S., Catholic University of Korea, 1999; M.S., University of Connecticut, 2004; Ph.D., University of Connecticut, 2010."
Joseph,A,Pechkis,2024,Physics,Associate Professor,"B.S., University of Connecticut, 2003; M.S., University of Connecticut, 2007; Ph.D., University of Connecticut, 2010."
Samuel,R,Pecota,2001,"College of Agriculture, Food, and Environmental Sciences",Professor,"B.S., Nautical Science, US Merchant Marine Academy, 1980; M.A., Transportation Management, American Military university, 2005; Master Mariner, Unlimited, Any Ocean"
Miguel,A,Pedroza,2023,Wine and Viticulture,Associate Professor,"B.S., Instituto Tecnologico y de Estudios Superiores de Monterrey, Mexico; M.S. Universidad de Castilla-La Mancha, Spain,; Ph.D. University of Castilla-La Mancha, Spain"
Paige,NULL,Pellaton,2026,Political Science,Assistant Professor,"B.A. New College of Florida, 2017; M.A. University of California, Davis, 2020; Ph.D. University of California, Davis, 2024."
Luke,R,Perreault,2025,Biomedical Engineering,Assistant Professor,"B.S., M.Eng., Worcester Polytechnic Institute, 2015, 2016; Ph.D., Tufts University, 2021."
John,D,Perrine,2008,Biological Sciences,Professor,"B.S., Vanderbilt University, 1991; M.S., Miami University, Ohio, 1995; Ph.D., University of California, Berkeley, 2005."
Ryan,K,Perry,2025,Plant Sciences,Assistant Professor,"Ph.D., University of California, Riverside; M.S., California Polytechnic State University, San Luis Obispo; B.S., California Polytechnic State University."
Jason,NULL,Peters,2015,English,Associate Professor,"B.A., Rhode Island College, 1999; M.F.A., Emerson College, 2010; Ph.D., University of Rhode Island, 2015."
Daniel,G,Peterson,2003,Animal Science,Professor,"B.S., University of California, Davis, 1999; Ph.D., Cornell University, 2003."
Zachary,NULL,Peterson,2013,Computer Science,Professor,"B.S., Univ of CA, Santa Cruz, 2000; M.S., 2002; M.S., The Johns Hopkins University Information Security Institute, 2005; Ph.D., The Johns Hopkins University, 2006."
Steffen,NULL,Peuker,2014,Mechanical Engineering,Professor,"Dipl.-Ing. (FH), Mannheim University of Applied Sciences, Mannheim, Germany; M.S., University of Illinois at Urbana-Champaign, 2006; Ph.D., 2010."
Suzanne,NULL,Phelan,2008,Kinesiology and Public Health,Professor,"B.A./B.S., University of Colorado at Boulder, 1989; M.A., MCP Hahnemann University, 1999; Ph.D., 2001."
Stephen,J,Phillips,2005,Architecture,Professor,"B.A.Arch., Yale, 1991; M.Arch., University of Pennsylvania Graduate School of Architecture, 1994; M.A., Princeton, 2003; Ph.D., 2008. Registered Architect., California."
Patti,NULL,Piburn,2006,Journalism,Associate Professor,"B.S., Arizona State University, Tempe, 1995; B.A., Arizona State University, Tempe, 1995; M.S., South Dakota State University, Brookings, 2013; Ph.D. ABD, Walter Cronkite School of Journalism  Mass Communication, 2019."
Todd,J,Pierce,2005,English,Professor,"B.A., Southern California College, 1988; M.A., Oregon State University, 1992; M.F.A., University of California, Irvine, 1995; Ph.D., Florida State University, 2003."
Wayne,NULL,Pilkington,2005,Electrical Engineering,Professor,"B.S., Lafayette College, 1981; M.S., Rochester Institute of Technology, 1989; M.S., University of Rochester, 1999; Ph.D., 2005."
Kari,NULL,Pilolla,2014,Food Science and Nutrition,Associate Professor and Interim Department Head,"B.S., California State University, Fresno, 1998; M.S., San Diego State University, 2002; Ph.D., Oregon State University, 2013; Registered Dietitian."
Siroj,NULL,Pokharel,2018,Animal Science,Associate Professor,"B.S., University of Arizona, 2013; M.S., University of Arizona, 2015; Ph.D., University of Tennessee, Knoxville, 2018."
Jeffrey,A,Ponitz,2011,Architecture,Professor,"B.S., University of Michigan, 2002; M.Arch., 2004; M.Arch., University of Virginia, 2008. Registered Architect, Illinois."
Jason,NULL,Poon,2022,Electrical Engineering,Assistant Professor,"B.S., Olin College, 2012; M.S., University of California, Berkeley, 2015;  Ph.D., University of California, Berkeley, 2019."
Hemanth,NULL,Porumamila,2008,Mechanical Engineering,Associate Professor,"B.E., BMS College of Engineering, Bangalore, India, 2000; M.S., Iowa State University, 2003; Ph.D., 2007."
Majid,NULL,Poshtan,2015,Electrical Engineering,Associate Professor,"B.S., Tehran University-Tehran 1988;  M.Sc., University of New Brunswick,-Fredericton 1992;  Ph.D. , Tulane University, New Orleans 2000"
Kristin,NULL,Potterton,2025,Architectural Engineering,Assistant Professor,"B.S., California Polytechnic State University, San Luis Obispo, 2008; M.S. California Polytechnic State University, San Luis Obispo 2008; M.A. University of York, United Kingdom, 2016. Professional Engineer, Virginia."
Snehal,NULL,Prabhudesai,2026,Computer Science,Assistant Professor,"B.Tech., K.J. Somaiya College of Engineering, 2018; M.S., University of Michigan, 2020; Ph.D., 2026."
Jakub,NULL,Preis,2026,Mechanical Engineering,Assistant Professor,"B.S California Polytechnic State University, San Luis Obispo, 2019; PhD Oregon State University, 2024."
Yamina,NULL,Pressler,2020,Natural Resources Management and Environmental Sciences,Associate Professor,"B.S., California Polytechnic State University, San Luis Obispo, 2013; Ph.D., Colorado State University, 2019."
Jim,NULL,Prince,NULL,"College of Agriculture, Food, and Environmental Sciences",Senior Associate Dean,"B.S., University of California at Davis, 1984; Ph.D., Cornell University, 1991."
Vladimir,NULL,Prodanov,2009,Electrical Engineering,Professor  Department Chair,"M.S., State University of New York, Stony Brook, 1995; Ph.D., 1997."
Wilfred,NULL,Prviant,2026,Natural Resources Management and Environmental Sciences,Associate Professor,"B.S. , University of Minnesota, 1998; B.S., Colorado State University, 2003; Ph.D., Michigan Technological University, 2015."
Elvira,NULL,Pulitano,2006,Ethnic Studies,Professor,"Laurea (B.A.), Universitá di Messina, Italy, 1993; University of New Mexico, 1997; Ph.D., 2002."
Qianyi,NULL,Qin,2026,Philosophy,Assistant Professor,"B.A. Yale University, 2017; Ph.D., The Graduate Center, City University of New York, 2026."
Bing,NULL,Qu,2008,Civil and Environmental Engineering,Professor and Department Chair,"B.S., Tongji University (China), 2001; M.S., 2004; Ph.D., State University of New York at Buffalo, 2008. Registered Professional Engineer, California."
Joseph,J,Ragsdale,2002,Landscape Architecture,Professor and Department Head,"B.A., University of California, Berkeley, 1991; M.L.A., University of Virginia, 2000. Registered Landscape Architect, California."
Ashraf,NULL,Rahim,2003,Civil and Environmental Engineering,Professor,"B.S., University of Mansoura, Egypt, 1986; M.S., 1991; Ph.D., University of Mississippi, Oxford, 2001.  Registered Professional Engineer, California."
Shikha,NULL,Rahman,2007,Civil and Environmental Engineering,Professor,"B.S., Bangladesh University of Engineering and Technology (BUET), 1995; M.S., 1998; Ph.D., Georgia Institute of Technology, 2002. Registered Professional Engineer, Mississippi."
Sakif,NULL,Rahman,2024,Finance,Assistant Professor,"Ph.D., M.S., B.A., B.S., University of Rochester."
Nishi,NULL,Rajakaruna,2017,Biological Sciences,Professor,"B.S., College of the Atlantic, 1994; M.S., University of British Columbia, 1998; Ph.D., 2003."
Amuthan,NULL,Ramabathrian,2024,Aerospace Engineering,Assistant Professor,"B.S., Indian Institute of Technology Madras; Ph.D., Indian Institute of Science Bangalore."
Cyrus,A,Ramezani,1999,Finance,Professor and Area Chair,"B.A., University of California, Santa Cruz, 1984; M.S., 1988; M.S., University of California, Berkeley, 1991; Ph.D., 1992."
Gabriel,A,Ramirez,2024,History,Assistant Professor,"B.A. Stanford, 2019; M.A. Yale, 2022, Ph.D., 2024."
Milena,NULL,Ramirez Rodrigues,2024,Food Science and Nutrition,Associate Professor,"B.S., Universidad de las Americas, Mexico; M.S , University of Florida, Ph.D., University of Florida"
Sonia,H,Ramrakhiani,2017,School of Education,Associate Professor,"B.A., Psychology, St. Xavier’s College in India, 2010; M.S., Clinical Mental Health Counseling, Syracuse Univeristy, 2013; Ph.D., Old Dominion Univiersity, 2017."
Mahdi,NULL,Rastad,2012,Finance,Professor,"M.S., University of Illinois Urbana Campus 2009; Ph.D., University of Illinois Urbana Campus, 2012."
Nicole,NULL,Ray,2023,Agricultural Education and Communication,Assistant Professor,"B.S., California Polytechnic State University, San Luis Obispo, 2005; M.S., 2009; Ed.D., Texas Tech and Texas AM Universities, 2018"
Gordon,L,Rees,2015,Natural Resources Management and Environmental Sciences,Professor,"B.S., Brigham Young University, 2009; M.S., Univerisity of California, Davis, 2015; Ph.D., University of California, Davis, 2015."
Zoe,L,Rehnberg,2022,Statistics,Assistant Professor,"B.A., Washington University, 2016; M.A., University of Michigan, 2019; Ph.D., Universtiy of Michigan, 2022."
Jonathan,NULL,Reich,2001,Architecture,Professor Emeritus,"B.A., University of Washington, Seattle, 1979; B.A.E.D., 1979; M.Arch., University of California, Berkeley, 1983. AIA, Registered Architect, California and Washington."
Steven,NULL,Rein,1998,Statistics,Associate Professor,"B.A., University of California, Los Angeles, 1987; M.A., University of California, Berkeley, 1989; Ph.D., 1993."
Dylan,Q,Retsek,2003,Mathematics,Professor,"B.S., California Polytechnic State University, San Luis Obispo, 1996; M.A., Washington University, 1997; Ph.D., 2001."
Enrique,NULL,Reynoso,2025,English,Assistant Professor,"B.A., University of Texas - Pan American; M.A., Purdue University, 2011, Ph.D., Purdue University, 2016."
Bruno,NULL,Ribeiro,2012,Graphic Communications,Associate Professor,"B.S., Universidade do Estado do Rio de Janeiro, 2002; M.B.A, Fundação Getúlio Vargas, 2007; M.F.A., Ohio State University, 2012."
Maya,NULL,Richards,2026,"English, Cal Poly Maritime",Assistant Professor,"B.A., University of Southern California, 1994; M.A., University of Southern California, 1996; M.A. California State University, Northridge, 2018; Ph.D., University of Caifornia, San Diego, 2025."
Benjamin,P,Richert,2003,Mathematics,Department Chair,"B.S., Wheaton College, 1995; Ph.D., University of Illinois, Urbana-Champaign, 2000."
Laura,NULL,Rios,2019,Physics,Associate Professor,"B.S., Oberlin College, 2012; Ph.D. UC Irvine, 2017"
Matt,K,Ritter,2003,Biological Sciences,Professor,"B.S., University of California, Santa Barbara, 1996; Ph.D., University of California, San Diego, 2002."
Joni,NULL,Roberts,2019,Kinesiology and Public Health,Associate Professor,"B.A. Washington Adventist University, 2005; MAT, American University, 2009; DrPH, Loma Linda University, 2015"
Emily,A,Robinson,2022,Statistics,Assistant Professor,"B.S., Winona State University, 2017; M.S., University of Nebraska, 2019; Ph.D., University of Nebraska, 2022."
Laura,NULL,Rolon,2024,Food Science and Nutrition,Assistant Professor,"B.S., Universidad de Buenos Aires 2011; M.S., Penn State University 2016; Ph.D. Penn State University 2023."
Briana,M,Ronan,2014,School of Education,Professor,"B.A., University of Texas, Austin, 2005; M.A. ,Universidad de Alcala, Spain, 2008; M.A., Teachers College, Columbia University, 2010; Ed.D., Teachers College, Columbia University, 2014."
Xiaoying,NULL,Rong,2005,Graphic Communication,Professor,"B.E., Beijing Institute of Printing, 1992; M.B.A., Beijing Institute of Technology, 1999; M.S., Western Michigan University, 2003; Ph.D., Western Michigan University, 2007."
Mira,NULL,Rosenthal,2016,English,Professor,"B.A., Reed College, 1996; M.F.A., University of Houston, Texas, 2005; Ph.D., Indiana University, 2011."
Kevin,NULL,Ross,2012,Statistics,Professor,"B.S., University of North Carolina at Chapel Hill, 1997; M.S., 2005; Ph.D., 2006."
Soma,NULL,Roy,2008,Statistics,Professor,"B.Sc., Delhi University, 2000; M.Sc., 2002; M.S., The Ohio State University, 2005; Ph.D., 2008."
Stacey,L,Rucas,2005,Social Sciences,Professor,"B.A., University of Texas, Arlington, 1998; M.A., 2000; Ph.D., University of New Mexico, 2004."
Trevor,D,Ruiz,2023,Statistics,Assistant Professor,"B.A., Reed College, 2011; M.S., Oregon State University, 2017; Ph.D., 2020."
Steven,T,Runyon,2010,Chemistry,Associate Professor,"B.A., Molecular and Cell Biology, University of California, Berkeley, 1993; Ph.D., Chemistry, University of California, Santa Cruz, 2001"
Steven,NULL,Ruszczycky,2017,English,Associate Professor and Interim Associate Chair,"B.A., University of California, Santa Barbara, 2003; M.A., University of Auckland, 2007; Ph.D., State University of New York at Buffalo, 2014."
Ben,I,Ruttenberg,2013,Biological Sciences,Professor,"B.A., Tufts University, 1994; M.S., Yale University, 1999; Ph.D., University of California, Santa Barbara, 2006."
Emily,D,Ryalls,2017,Interdisciplinary Studies in the Liberal Arts,Professor,"B.A., James Madison University, 1997; M.A., The University of Alabama, 1999; Ph.D., University of South Florida, 2011."
Anelise,G,Sabbag,2016,Statistics,Associate Professor,"B.S., Universidade de Sao Paulo, 2009; M.A., University of Minnesota, 2013; Ph.D., 2016."
Mohammad,NULL,Sadek,2018,BioResource and Agricultural Engineering,Associate Professor,"B.S., Bangladesh Agricultural University, Bangladesh, 2005; M.S., Asian Institute of Technology, Thailand, 2008; Ph.D., University of Manitoba, Canada, 2013. Registered Professional Engineer, Canada."
Koushik,NULL,Saha,2010,Industrial Technology and Packaging,Professor,"B.S., G.B. Pant University, India, 1998; M.S., University of Florida, 2001; M.S., Michigan State University, 2005; Ph.D., Michigan State University, 2010"
Edmond,P,Saliklis,2005,Architectural Engineering,Professor,"B.S., University of Illinois, Chicago, 1984; M.S., Syracuse University, 1988; Ph.D., University of Wisconsin, Madison, 1992. Registered Civil Engineer, California."
Fernando,NULL,Sanchez,2011,World Languages and Cultures,Professor,"B.A., Universidad La Salle, Mexico, 1995; M.A., University of Colorado, Boulder, 2000; Ph.D., 2006."
Sasha,J,Sanders,2024,Communication Studies,Assistant Professor,"B.A., California State University Long Beach, 2015; M.A., California State University Long Beach, 2017; Ph.D., University of South Florida, 2021."
Ryan,M,Sandwick,2023,"City and Regional Planning, Landscape Architecture",Assistant Professor,"B.S.L.A., University of California, Davis, 2011; M.Sc., University of Glasgow, 2013."
Yaman,NULL,Sangar,2026,Electrical Engineering,Assistant Professor,"B.Tech., VIT University, India, 2011; M.S., University of Wisconsin - Madison, 2014; Ph.D., University of Wisconsin, Madison, 2023."
Vinicios,P,Sant'Anna,2025,Finance,Assistant Professor,"B.S., University of Sao Paulo, 2012; M.S., 2015; Ph.D., University of Illinois at Urbana-Champaign, 2022."
Erik,D,Sapper,2016,Chemistry and Biochemistry,Associate Professor,"B.S., California Polytechnic State University, San Luis Obispo, 2007; M.S., California Polytechnic State University, 2007; Ph.D, North Dakota State University, 2013."
Krista,J,Sarraf,2022,English,Associate Professor,"B.A., Randolph-Macon College, 2009; M.A., James Madison University, 2014; Ph.D. Indiana University of Pennsylvania."
Shah,NULL,Sarwar,2026,Mechanical Engineering,Assistant Professor,"B.S., Bangladesh University of Engineering and Technology, 2016; M.Eng., Texas AM University, 2020; Ph.D., Texas AM University, 2025."
David,NULL,Satterwhite,2019,Engineering Technology,Assistant Professor,"B.S. Marine Engineering Technology, California State University Maritime Academy, 2003; M.S. Engineering Management, California State University Northridge, 2021"
Meredith,J,Sattler,2014,Architecture,Associate Professor,"B.A. Studio Art, Vassar, 1995; M.Arch., M.Environmental Management, Yale, 2010."
Karl,F,Saunders,2004,"Bailey College of Science and Mathematics, Physics",Associate Dean and Professor,"B.S., Dublin City University, 1996; Ph.D., University of Oregon, 2001."
Andrew,NULL,Schaffner,1997,"College of Agriculture, Food, and Environmental Sciences",Professor and Associate Dean,"B.S., California Polytechnic State University, San Luis Obispo, 1992; M.S., University of Washington, 1994; Ph.D., 1997."
Julia,C,Schedler,2024,Statistics,Assistant Professor,"B.S., California Polytechnic State University, San Luis Obispo, 2014; M.A., Rice Univeristy, 2018; Ph.D., Rice Univeristy, 2020."
Daniel,NULL,Scheitrum,2023,Agribusiness,Associate Professor,"B.A. Economics-Mathematics, U.C. Santa Barbara, 2007. Ph.D., Agricultural and Resource Economics, U.C. Davis, 2017."
Amelie,NULL,Schinck-Mikel,2009,Mathematics,Professor,"B.Sc., Concordia University, 1999; M.Sc., 2001; Ph.D., University of North Carolina at Charlotte, 2009."
Paul,NULL,Schmitt,2025,Computer Science,Assistant Professor,"B.A., University of St. Thomas, 2009; M.S., 2011; Ph.D., University of California, Santa Barbara, 2017."
Christiane,NULL,Schroeter,2007,Agribusiness,Professor,"B.S., Justus-Liebig University, 1997; M.S., 2001; M.S., Kansas State University, 2000; Ph.D., Purdue University, 2005."
Andrea,NULL,Schuman,2025,Computer Engineering,Assistant Professor,"B.S. University of Oklahoma, 2019; M.S. Virginia Tech, 2022; Ph.D., 2025."
Peter,J,Schuster,2003,Mechanical Engineering,Professor Emeritus,"B.A., Cornell University, 1991; M.S., Stanford University, 1992; Ph.D., Michigan Technological University, 2000."
Keri,NULL,Schwab,2013,Experience Industry Management,Professor,"B.A., James Madison University, 2000; M.A. and Ph.D., University of Utah, 2011."
Debora,NULL,Schwartz,1996,English,Associate Professor,"A.B., Bryn Mawr College, 1982; M.A., Princeton University, 1986; Ph.D., 1994."
Peter,V,Schwartz,2000,Physics,Professor,"B.S., Massachusetts Institute of Technology, 1986; M.S., Princeton University, 1993; Ph.D., 1998."
Gregory,NULL,Schwartz,2013,BioResource and Agricultural Engineering,Professor,"B.S., Cal Poly State University, San Luis Obispo, 1995; M.S., Clemson University, 1998; Ph.D., Clemson University, 2004."
Gregory,E,Scott,2011,Chemistry and Biochemistry,Professor,"B.S., Davidson College, 2004; Ph.D., University of Illinois, Urbana-Champaign, 2011."
Adam,NULL,Seal,2025,Kinesiology and Public Health,Associate Professor,"M.A., University of Central Arkansas, 2015; Ph.D., University of Arkansas, 2019."
Brian,P,Self,2006,Mechanical Engineering,Professor Emeritus,"B.S., Virginia Polytechnic Institute and State University, 1988; M.S., 1991; Ph.D., University of Utah, 1996."
John,S,Seng,2003,"Computer Science, Computer Engineering",Professor,"B.S., Northwestern University, 1997; M.S., University of California, San Diego, 1999; Ph.D., 2003."
Sarah,NULL,Senk-Auton,2016,English (Cal Poly Maritime),Professor,"B.A., Yale University, 2003; M.A., University of Oxford, 2004; Ph.D., Cornell University, 2011."
Ariel,NULL,Setniker,2019,Mathematics,Associate Professor,"B.S. Western Oregon University, 2013; Ph.D. University of Nebraska, Lincoln, 2019."
Joshua,NULL,Shackman,2017,Orfalea College of Business,Associate Professor,"B.A., Economics, University of Michigan, 1992; M.A., Economics, University of California, Los Angeles, 1993; Ph.D., Economics, University of California, Los Angeles, 2001"
Anahita,NULL,Shadkam,2025,City and Regional Planning,Assistant Professor,"BSARCE Art University of Isfahan, MARCH Art University of Isfahan, MARCH Pennsylvania State University, PhD Planning, University of Waterloo."
Aric,NULL,Shafran,2007,Economics,Professor,"B.S., Cornell University, 1999; M.A., University of Colorado, 2003; Ph.D., 2007."
Alireza,NULL,Shams,2026,Civil and Environmental Engineering,Assistant Professor,"B.S., University of Isfahan, Iran, 2006; M.A., Shiraz University, Iran, 2011; M.S., Kansas State University, 2014; Ph.D., Clemson University, 2018."
Yan,NULL,Shan,2016,Journalism,Associate Professor,"B.A., Nanjing University of Science and Technology, 2009; M.A., University of Central Florida, 2011; Ph.D., University of Georgia, 2014."
Abraham,B,Shani,1983,"Management, HR, and Information Systems",Professor Emeritus (FERP),"B.A., University of Tel Aviv, 1972; M.A., 1978; Ph.D., Case Western Reserve University, 1981."
Makia,NULL,Sharp,2023,Art and Design,Assistant Professor,"B.F.A., Brigham Young University, 2014; M.F.A., Rhode Island School of Design, 2017."
John,P,Sharpe,1995,Physics,Professor,"B.Sc., Edinburgh University, 1985; Ph.D., 1989."
Sandy,NULL,Shen,2021,Experience Industry Management,Assistant Professior,"B.Mgmt., Southeast Univ, China, 2010, M.Sc., Peking University, China, 2013, Ph.D. Univ. of Guelph, Canada, 2020"
Morgan,P,Sherman,2008,Mathematics,Professor,"B.A., Knox College, 1999; M.A., Columbia University, 2000; M.Phil., 2004; Ph.D., 2005."
Anan,NULL,Sheth,2024,Industrial Technology & Packaging,Assistant Professor,"Ph.D., Purdue University; M.S., Civil Engineering, Purdue University; Bachelor of Engineering, Manipal Institute of Technology."
Jennifer,NULL,Shields,2015,Architecture,Professor,"B.S. Arch,  University of Virginia, 2000; M. Arch, University of Virginia, 2004. Registered Architect, North Carolina, NCARB Certificate."
Joongmin,NULL,Shin,2017,Industrial Technology and Packaging,Professor,"B.S., Food Science  Technologies, Woosuk University South Korea 1997, M.S., School of Packaging, Michigan State University 2003, Ph.D., School of Packaging Michigan State University 2007."
Benjamin,NULL,Shlaer,2024,Physics,Assistant Professor,"B.A., Colorado College, 2000; M.S., Cornell University, 2005; Ph.D., Cornell University, 2006."
Shannon,NULL,Shoff,2023,Food Science and Nutrition,Assistant Professor,"Ph.D., University of California, Davis"
Kim,A,Shollenberger,2002,Mechanical Engineering,Professor and Department Chair,"B.S., Cornell University, 1989; M.S., University of California, Berkeley, 1991; Ph.D., 1994."
Lonny,G,Simonian,2003,Construction Management,Professor,"B.S., California Polytechnic State University, San Luis Obispo, 1978; M.S., University of California, Berkeley, 1992. Registered Professional Engineer, Certified Project Management Professional."
Jagjit,NULL,Singh,2003,Industrial Technology and Packaging,Professor,"B.S., Poona University, Pune, India, 1992; M.S., Michigan State University, 1998; Ph.D., 2002."
Aparna,NULL,Sinha,2016,English (Cal Poly Maritime),Associate Professor,"B.A., University of Delhi and Pittsburg State University, KS, 2004; M.A., Pittsburgh State University, KS, 2007, M.A., California State University, Sacramento, 2009; Ph.D., University of California, Davis, 2014."
Devkishen,NULL,Sisodia,2022,Computer Science,Assistant Professor,"B.S., University of Texas at Arlington, 2015; Ph.D., University of Oregon, 2022."
Seeta,NULL,Sistla,2019,Natural Resources Management and Environmental Sciences,Associate Professor,"B.A., Swarthmore College, 2004; M.A., Brown University, 2007; Ph.D., University of California Santa Barbara, 2012."
Jeffrey,C,Sklar,2005,Statistics,Professor,"B.A.S., University of California, Davis, 1995; M.A., University of California, Santa Barbara, 1998; Ph.D., 2003."
Amy,NULL,Skoll,2021,International Strategy and Security,Associate Professor,"BA in Political Science, Cal Poly San Luis Obispo, 2012  MBA in Business Administration, Cal Poly San Luis Obispo, 2013  PhD in Political Science, University of California Davis, 2021."
Lynne,A,Slivovsky,2003,Computer Engineering,"Professor, Department Chair of Computer Engineering","B.S., Purdue University, 1992; M.S., 1993; Ph.D., 2001."
Hugh,M,Smith,2000,Computer Engineering,Professor,"B.S., Xavier University, 1985; M.S., Michigan State University, 1994; Ph.D., 1999."
Taylor,F,Smith,2014,Psychology and Child Development,Professor,"B.A., SUNY Geneseo, Geneseo, 2006; M.S. UNC at Greensboro, 2009; Ph.D., University of North Carolina at Greensboro, 2012; Professional Degree, Brown University/Alpert Med School/RIH, 2014."
Thale,NULL,Smith,2023,Materials Engineering,Assistant Professor,"B.S., Materials Science and Engineering, UC Davis, 2013; Ph.D., Materials Science and Engineering, UC Davis, 2018."
Gabriel,NULL,Soldatenko,2022,Ethnic Studies,Associate Professor,"B.A., Arizona State University, 1999; M.A., Binghamton University, SUNY, 2002; Ph.D., 2010."
Matthew,NULL,Somogyi,2025,Engineering Technology,Assistant Professor,"B.S., Marine Engineering Technology, California State University Maritime Academy, 2016."
Andrea,NULL,Somoza-Norton,2015,School of Education,Professor,"B.A., University of Nevada, Reno, 1999; M.S., University of Nevada, Reno, 2004; Ed.D., University of Massachusetts, Lowell, 2012."
Hyeonik,NULL,Song,2023,Mechanical Engineering,Assistant Professor,"B.Sc. Georgia Institute of Technology, 2016, M.Sc.Georgia Institute of Technology, 2018 Ph.D. Georgia Institute of Technology 2021"
Jacob,NULL,Sparks,2020,Philosophy,Associate Professor,"B.S. Tufts Univeristy, 2005; M.A, Bowling Green State University, 2009; Ph.D, Bowling Green State University, 2018."
Jill,NULL,Speece,2022,Industrial and Manufacturing Engineering,Assistant Professor,"B.S., California Polytechnic State University, San Luis Obispo, 2004; M.S., University of Southern California, 2007; Ph.D., Colorado State University, 2021."
Kim,A,Sprayberry,2013,Animal Science,Professor,"B.S., University of California, Davis, 1983; DVM, University of California, Davis, 1988; Diplomate, American College of Veterinary Internal Medicine, University of California, Davis, 1998."
Hamsini,NULL,Sridharan,2026,Communication Studies,Assistant Professor,"M.A. in Anthropology from Columbia University, 2014; B.A. in Anthropology and International Studies from the University of Chicago, 2012; ABD in Communication from University of Southern California (USC) (expected Dec 2026)."
Ramanan,NULL,Sritharan,2023,Mechanical Engineering,Assistant Professor,"B.E. Anna University, 2008, M.S., Wichita State University, 2017, PhD. Wichita State University, 2022"
Lubomir,NULL,Stanchev,2015,Computer Science,Professor,"B.S., University of Sofia, 1998; M.S., 1998; Ph.D., University of Waterloo, 2005."
Taryn,NULL,Stanko,2014,"Management, HR, and Information Systems",Professor and Area Chair,"B.A., University of California, Los Angeles; M.B.A., New York University; Ph.D., University of California, Irvine."
Mark,NULL,Stankus,1998,Mathematics,Professor,"B.S., Rensselaer Polytechnic Institute, 1987; Ph.D., University of California, San Diego, 1993."
Sandra,NULL,Stannard,2001,Architecture,Professor,"B.A., University of California, Berkeley, 1987; M.Arch., University of Washington, 1992. AIA, Registered Architect, California and Idaho."
Diana,L,Stanton,2000,Theatre and Dance,Professor Emeritus (FERP),"B.A., University of California, Irvine, 1994; M.F.A., University of Colorado, Boulder, 1997."
Paul,NULL,Stegner,2007,English,"Professor; Department Chair, Curriculum Chair","B.A., University of San Francisco, 2000; M.A., The Pennsylvania State University, 2002; Ph.D., 2007."
Scott,J,Steinmaus,1998,Plant Sciences,Professor and Department Head,"B.S., University of California, Davis, 1984; Ph.D., University of California, Davis, 1995; Post-doctorate, University of California, Riverside, 1998. Pest Control Advisor, California."
Katerina,NULL,Stoliarova,2026,Agribusiness,Assistant Professor,"B.S. Kuban State Agrarian Universtiy, 2017, M.S. 2019; Ph.D., Arizona State University, 2025."
Daniel,NULL,Story,2023,Philosophy,Assistant Professor,"B.A., University of Kentucky, 2013; M.A., University of California, Santa Barbara, 2017; Ph.D., 2020."
Christy,NULL,Strand,2007,Biological Sciences,Professor Emeritus,"B.A., Concordia University 1992; Ph.D., Arizona State University, 2007."
Michael,NULL,Strange,2008,Engineering Technology,Associate Professor,"B.S., Mechanical Engineering, San Diego State University, 1984; M.S., Mechanical Engineering, Stanford University, 1986"
Ciera,NULL,Street,2023,Mathematics,Assistant Professor,"B.S., College of William and Mary, 2017; M.S., University of Northern Colorado, 2020; Ph.D., Colorado State University, 2023."
Stuart,W,Styles,1984,BioResource and Agricultural Engineering,Professor,"B.S., California Polytechnic State University, San Luis Obispo, 1984; M.B.A., 1988; D.Engr., University of California, Davis, 2001. Registered Civil Engineer, California."
Tessa,NULL,Sun,2025,Psychology and Child Development,Assistant Professor,"M.S., Psychology, University of California, Berkeley, 2013; Ph.D., Psychology, University of California, Berkeley, 2018."
Christopher,NULL,Surfleet,2012,Natural Resources Management and Environmental Sciences,Professor Emeritus,"B.S., California Polytechnic State University, San Luis Obispo, 1993; M.S. Oregon State University 1997; Ph.D. 2008. Certified Professional in Erosion and Sediment Control."
Marc,NULL,Swackhamer,2025,College of Architecture and  Environmental Design,Dean,"BArch, Architecture, University of Cincinnati, 1995; March, Architecture, Rice University, 1997."
Benjamin,G,Swan,2010,Agricultural Education and Communication,Professor and Department Head,"B.S., California Polytechnic State University, San Luis Obispo, 1997; M.S., 2001; Ph.D., The Ohio State University, 2005."
Lisa,I,Sweatt,2000,Psychology and Child Development,Associate Professor,"B.S., University of California, Irvine, 1989; M.A., Ohio State University, 1992; Ph.D., Loyola University Chicago, 1999. Licensed Psychologist, California."
Lawrence,NULL,Sze,1998,Mathematics,Associate Professor,"B.S., Louisiana State University, Baton Rouge, 1986; M.A., University of California, Los Angeles, 1989; Ph.D., Penn State University, 1998."
Robert,NULL,Szlavik,2006,Biomedical Engineering,Professor,"B.Eng., McMaster University, 1991; M.Eng., 1994; Ph.D., 1999."
Pasha,A,Tabatabai,2023,Physics,Assistant Professor,"B.S., Gonzaga University, 2011; M.S., Georgetown University, 2014; Ph.D., 2017."
Stefan,A,Talke,2019,Civil and Environmental Engineering,Professor,"B.S., University of California, Berkeley, 1996; M.S., 2001; Ph.D., 2005."
Laqshya,NULL,Taneja,2026,Mechanical Engineering,Assistant Professor,"B.S., Mechanical Engineering, University of California, Berkeley, 2015; M.S., Mechanical Engineering, University of Arizona, 2021; Ph.D., Mechanical Engineering, University of California, Los Angeles, 2026."
NULL,NULL,Taufik,1999,Electrical Engineering,Professor,"B.S., Northern Arizona University, 1993; M.S. University of Illinois at Chicago, 1995; Dr. Eng., Cleveland State University, 1999."
Kevin,J,Taylor,1999,Kinesiology and Public Health,Professor (FERP),"B.A., Newcastle and Sunderland Polytechnic, Newcastle, England, 1986; M.S., Central Washington University, 1990; Ph.D., University of South Carolina, 1994."
Emily,NULL,Taylor,2005,Biological Sciences,Professor,"B.A., University of California, Berkeley, 1998; Ph.D., Arizona State University, 2005."
Leonardo,NULL,Tchen Hao Hang Wei,2026,Industrial and Manufacturing Engineering,Assistant Professor,"B.S., Pontifical Catholic University of Rio de Janeiro, 2020; Ph.D., Texas Tech University, 2025."
James,NULL,Tejani,2009,History,Associate Professor,"B.A., University of California, San Diego, 1998; M.A., Columbia University, 2003; Ph.D., 2009."
Anastasia,NULL,Telesetsky,2020,Natural Resources Management and Environmental Sciences,Professor,"B.A., Vanderbilt University, Nashville Tennessee, 1993; M.A., Univeristy of California, Santa Barbara, 1997; J.D., University of California, Berkeley, 2000; LLM, University of British Columbia, 2009"
Donna,C,Templeton,2006,Graphic Communication,Assistant Professor,"B.S California Polytechnic State University, San Luis Obispo, 2004, M.A 2019, Ph.D., Liberty University 2024."
Ka,NULL,Teo,2023,Computer Science,Assistant Professor,"B.S., University of Texas at Arlington; M.S., 2009; M.S., Purdue University, 2012; M.S., University of Texas at Dallas, 2018; Ph.D. 2023"
Brady,NULL,Teufel,2006,Journalism,Professor and Department Chair,"B.A., University of California, Santa Cruz, 1997; M.A., University of Missouri, 2003."
Tracy,NULL,Thatcher,2005,Civil and Environmental Engineering,Professor,"B.S., University of California, Davis, 1984; M.S., University of California, Berkeley, 1991; Ph.D., 1996. Registered Professional Engineer, California."
Allison,NULL,Theobold,2020,Statistics,Associate Professor,"B.B.A., B.S. Colorado Mesa University, 2014; M.S., Montana State University, 2016; PhD., 2020."
Jafra,NULL,Thomas,2019,Kinesiology and Public Health,Associate Professor,"B.A., University of the Pacific, 2012, M.A., University of the Pacific, 2014, M.P.H., Oregon State University, 2017, Ph.D., Oregon State University, 2019"
John,NULL,Thompson,1998,World Languages and Cultures,Professor,"B.A., University of California, Santa Barbara, 1986; M.A., Yale University, 1987; M.Phil., 1989; Ph.D., 1993."
Glen,E,Thorncroft,1998,Mechanical Engineering,Professor and Associate Chair,"BSE, University of Central Florida, 1988; MSME, 1991; Ph.D., University of Florida, 1997."
Selene,NULL,Tobin,2025,Kinesiology and Public Health,Associate Professor,"B.S., University of Montana, 2019; M.S, University of Utah, 2021; Ph. D., University of Utah, 2024."
Umut,NULL,Toker,2015,Architecture,Professor,"B. Arch., Middle East Technical Univ., Ankara, Turkey, 1996; MCP Urban Design, Middle East Technical University, Anarka Turkey, 1999; Ph.D., School of Architecture, College of Design, North Carolina State University, Raleigh, NC., 2003. Registered Architect in Turkey, International Union of Architects (UIA)."
Lars,NULL,Tomanek,2005,Biological Sciences,Professor,"B.S., University of Konstanz, Germany, 1995; M.S., 1995; Ph.D., Oregon State University, 1999."
Cesar,NULL,Torres-Bustamente,2010,Landscape Architecture,Professor,"B.Arch., Universidad de las Américas, Puebla, 2000; M.L.A., RMIT University, 2005; Ph.D., 2009."
William,A,Townsend,2025,Agribusiness,Assistant Professor,"B.A. Truman State University, 2017; Ph.D., University of Oklahoma, 2025."
Cynthia,S,Trevisan,2008,Physics,Professor,"B.S., Physics, Universidad de Buenos Aires, Argentina, 1994; Ph.D., Physics, University of London, University College London, United Kingdom, 2002"
Carmen,NULL,Trudell,2011,"Architecture, College of Architecture and Environmental Design",Professor and Associate Dean,"BArch, Architecture, Cal Poly, 2001; Master of Science in Advanced Architectural Design (MSAAD), Columbia University in the City of New York, 2006; Master of Science in Built Ecologies (MS Arch), Renselear Polytechnic Institute, 2011. Registered Architect, California."
William,NULL,Tsai,2013,"Mechanical Engineering, Engineering Technology",Associate Professor and Associate Chair,"B.S., University of California, Berkeley, 2003; M.S., University of California, Berkeley, 2006; Ph.D., University of California, Berkeley, 2009."
Marilyn,NULL,Tseng,2017,Kinesiology and Public Health,Professor,"A.B., Stanford University, 1991; M.A., Stanford University, 1991; Ph.D. University of North Carolina, Chapel Hill, 1998."
Ashraf,NULL,Tubeileh,2015,Plant Sciences,Professor,"B.S., An-Najah National Univ., Nablus, Palestine, 1995; M.S., Université de Lorrain, Nancy, France, 1997; Ph.D., Université de Lorrain, Nancy, France, 2000."
Ryan,NULL,Tully-Doyle,2020,Mathematics,Associate Professor,"B.S. California Polytechnic State University, San Luis Obispo, 2001;  Ph.D. University of California, San Diego, 2015"
Colleen,NULL,Twomey,2011,Graphic Communication,Professor and Department Chair,"B.S., Rochester Institute of Technology 1989; M.B.A., University of Delaware, 1997."
Brady,NULL,Tyburski,2026,Mathematics,Assistant Professor,"B.S., Central Michigan University, 2015; M.S., Colorado State University, 2018; Ph.D. Michigan State University, 2024."
Celja,NULL,Uebel,2026,Biological Sciences,Assistant Professor,"B.S., University of the Pacific, 2016; Ph.D., University of Southern California, 2021."
David,NULL,Vagnoni,2015,Animal Science,Associate Professor,"B.S., Tulane University, 1986; M.S., Louisiana State University, 1989; Ph.D., University of Wisconsin, 1995."
Julie,NULL,Vaisarova,2025,Psychology and Child Development,Assistant Professor,"B.A., Psychology, Scripps College, 2014; M.A., Child Psychology, University of Minnesota, 2019; Ph.D., Developmental Psychology, University of Minnesota, 2022."
MT,NULL,Vallarta,2023,Ethnic Studies,Assistant Professor,"B.A., University of California, Berkeley, 2013; M.A., University of California, Riverside, 2016; Ph.D., 2022."
Jared,NULL,Van Ramshorst,2024,Political Science,Assistant Professor,"B.A., California State University, Fullerton, 2012; M.A., Ohio State University, 1991; Ph.D., University of California, Riverside, 1997."
Kathryn,N,Vasilaky,2017,Economics,Associate Professor,"B.A., Mathematics and Economics, Columbia Univeristy 2003, Cert. of Demography, Maryland Population Research Center 2010, Ph.D. University of Maryland 2011."
Jason,NULL,Veatch,2026,Physics,Assistant Professor,"B.A., B.S., University of Evansville, Indiana, 2009; M.S., University of Arizona, 2011; Ph.D., University of Arizona, 2015."
Dina,NULL,Vees,2016,Graphic Communication,Associate Professor,"B.S., Carroll University, 2002; M.F.A., Full Sail University, 2013."
Ricardo,NULL,Vega Leon,2025,Political Science,Assistant Professor,"B.A. Universidad de los Andes, Colombia, 2017; M.A. University of Massachusetts, Amherst, 2022; Ph.D. University of Massachusetts, Amherst, 2024."
Alison,K,Ventura,2014,Kinesiology and Public Health,Professor,"B.S., University of California, Davis, 2003; M.S. Pennsylvania State University, 2005; Ph.D. Pennnsylvania State University, 2008."
Jonathan,NULL,Ventura,2018,Computer Science,Associate Professor,"B.S., University of California, Santa Barbara, 2005; M.S., University of California, Santa Barbara, 2010; Ph.D., University of California, Santa Barbara, 2012."
Priya,O,Verma,2011,Natural Resources Management and Environmental Sciences,Professor,"B.S., University of Massachusetts, Boston, 2000; M.A., University of California, Santa Barbara, 2004; Ph.D. 2011."
Madusudan,NULL,Vijayakumar,2024,Aerospace Engineering,Assistant Professor,"B.S., Mechanical Engineer India, M.S. 2015; Ph.D. Aerospace Engineeering Georgia Institute of Technology 2018."
Lizvette,NULL,Villafaña,2024,Physics,Assistant Professor,"B.S. in Astrophysics, University of California, Los Angeles, 2018; M.S. in Aerospace Engineering, University of Southern California, 2020; M.S. in Astronomy/Astrophysics, University of California, Los Angeles, 2022; Ph.D. in Astronomy/Astrophysics, 2024."
Stamatis,NULL,Vokos,2016,Physics,Professor,"B.Sc., University of Kent at Canterbury, 1984; M.A., UC Berkeley, 1985; Ph.D., 1990."
Richard,NULL,Volpe,2014,Agribusiness,Professor,"B.S., University of Massachusetts, Amherst, 2003; M.S., 2005; Ph.D., University of California, Davis, 2010."
Larisa,K,Vredevoe,1999,Biological Sciences,Professor,"B.S., University of California, Davis, 1992; Ph.D., 1998."
Ryan,NULL,Wade,2006,International Strategy and Security,Associate Professor,"B.S., Political Science, Santa Clara University, 1997; Ph.D., Political Science, University of California, Davis, 2009."
Catherine,NULL,Waitinas,2006,English,Professor,"B.A./M.A., St. Bonaventure University, 1996; M.A., University of Illinois at Urbana-Champaign, 1999; Ph.D., 2006."
Daniel,NULL,Waldorf,1998,Industrial and Manufacturing Engineering,Professor and Department Chair,"B.S., University of Illinois at Urbana-Champaign, 1989; M.S., 1991; Ph.D., 1996. Registered Professional Engineer, California."
Nicholas,P,Waldron,2019,Music,Assistant Professor,"B.M.E., Indiana University, 2011; M.M., Indiana University, 2016; D.M.A., University of Kansas, 2019."
John,L,Walker,2001,Statistics,Professor,"B.S., University of Chicago, 1988; M.S., Cornell University, 1993; Ph.D., 1995."
Robert,NULL,Wallace,2020,Philosophy,Associate Professor,"B.A., Kenyon College, 2012; M.A., University of Arizona, 2016; PhD. University of Arizona, 2020."
Ryan,K,Walter,2014,Physics,Professor,"B.S., Cornell University, 2009; M.S., Stanford University, 2010; Ph.D., 2014."
Xuan,NULL,Wang,2014,Industrial and Manufacturing Engineering,Professor,"B.S., Tsinghua University, Beijing, 1997; M.S., Tsinghua University, Beijing, 2000; Ph.D., University of California, San Diego, 2006."
Cindy,NULL,Wang,2019,Marketing,Associate Professor,"B.A., Qingdao University, China, 2008; M.B.A, Oklahoma State University, 2010; Ph.D., University of Oregon, 2017."
Long,NULL,Wang,2020,Civil and Environmental Engineering,Associate Professor,"B.S., Dalian University of Technology, China 2014; M.S. University of California, Davis, 2015, M.S., 2016; Ph.D., University of California, San Diego, 2019."
Sandra,M,Ward,2016,Chemistry and Biochemistry,Associate Professor,"B.S., University of Waterloo, 2007; Ph.D., University of Calgary, 2012."
Margaret,S,Ward,2019,"College of Agriculture, Food, and Environmental Sciences",Assistant Professor,"B.A., Philosophy w/Minor Economics, Northeastern University, 2011; M.S., International Transportation Management, SUNY Maritime College, 2015; 2nd Mate, Unlimited, Any Ocean"
Nicole,L,Waterland,2025,Plant Sciences,Associate Professor,"Ph. D., Ohio State University, M.S. , Iowa State University; B.S., Iowa State University."
David,J,Watts,2007,Landscape Architecture,Professor Emeritus (FERP),"B.S.L.A., University of Wisconsin-Madison, 1980; M.S.L.A., 2006. Registered Landscape Architect, Wisconsin."
Katharine,R,Watts,2014,Chemistry and Biochemistry,Professor,"B.S., University of Texas, El Paso, 2006; Ph.D. University of California, Santa Cruz, 2011."
Paul,A,Weber,1999,Construction Management,Associate Professor,"B.S., California Polytechnic State University, San Luis Obispo, 1981; B.Arch., 1983; M.B.A., 1992; Ph.D., Colorado State University, 2000. Registered Architect, California. Licensed Building Contractor (B), California."
TJ,NULL,Weber,2017,Marketing,Associate Professor,"B.S., Nothern Michigan University 2011, M.B.A., Marquette University 2013, Ph.D., Washington State University 2017"
Dean,E,Wendt,2002,"Bailey College of Science and Mathematics, Biological Sciences",Dean and Professor,"B.S., California Polytechnic State University, San Luis Obispo, 1993; M.A., 1995; Ph.D., Harvard University, 1999."
James,NULL,Werner,2014,Art and Design,Professor,"B.A., San Diego State University, 1995; M.F.A., Kent Institute of Art and Design, UK, 2003; Ed.D.C.T., Columbia University Teachers College, 2007."
Kimberly,NULL,Westermann,2015,Accounting,Professor,"B.S., Cal Poly University, 2000; Ph.D., Bentley University, 2011."
Crow,NULL,White,2013,Biological Sciences,Professor,"B.A., University of Oregon, 1997; M.S., University of Montana, 2002; Ph.D., University of California, Santa Barbara, 2008."
Emily,NULL,White,2015,Architecture,Associate Professor,"B.A. Barnard College, Columbia University, New York, NY, 1999; M.Arch, Southern California Institute of Architecture, 2006. Registered Architect, Washington."
Michael,D,Whitt,2017,Biomedical Engineering,Associate Professor,"B.S., Purdue University, 1987; M.S., Rutgers University/UMDNJ, 1994; Ph.D. 1999; M.B.A., University of California, Los Angeles, 2006."
Steven,P,Wilkinson,2014,Chemistry and Biochemistry,Professor,"B.S., The College of William and Mary, 1995; Ph.D., Louisana State University, 2005."
Jean,M,Williams,2000,Political Science,Professor,"B.A., Pomona College, 1988; M.A., The Johns Hopkins University, 1996; Ph.D., 1998."
Nicholas,NULL,Williams,2022,"Natural Resources Management and Environmental Sciences, Horticulture and Crop Science",Associate Professor,"B.A. UC Santa Barbara 2006; M.A. Unversity of California Santa Barbara 2010; Ph.D., University of California Santa Barbara, 2015."
Maddie,M,Williams,2025,Theatre and Dance,Assistant Professor,"BA, Interdisciplinary Concentration in Musical Theatre, Poetry, and African Studies, Hampshire College; PhD, Theatre and Drama, UC San Diego."
Immanuel,NULL,Williams,2025,Statistics,Assistant Professor,"B.S., University of Maryland, 2011; M.S. Rutgers University, 2013; Ph.D., 2017."
Stewart,NULL,Wilson,2020,Natural Resources Management and Environmental Sciences,Associate Professor,"B.S., Humboldt State University, 2010; M.S., University of California, Davis, 2015; M.A., University of California, Davis, 2019; Ph.D., University of California, Davis, 2019."
Candace,R,Winstead,2005,Biological Sciences,Professor,"B.A., Augustana College, 1991; Ph.D., Loyola University, 1999."
Marianne,NULL,Wolf,1994,Wine and Viticulture,Professor Emeritus  Lecturer,"B S., The Johns Hopkins University, 1976; M.A.,The Johns Hopkins University, 1977; Ph.D., The Johns Hopkins University, 1980"
Jeffrey,C,Wong,2002,Plant Sciences,Professor,"B.S., Saint Mary’s College of California, 1994; M.S., University of Illinois at Champaign, 1999; Ph.D., 2002. The J. G. Boswell Foundation of Pasadena Endowed Chair."
Tony,NULL,Wong,2026,Mathematics,Assistant Professor,"B.S., Hong Kong University of Science and Technology, 2014;  MPhil, Hong Kong University of Science and Technology, 2016; Ph.D., University of British Columbia, 2021."
Jeong,NULL,Woo,2019,Construction Management,Professor and Department Head,"B.E., Kyung Won University, South Korea, 1996; M.S. Texas AM University, College Station, 2000; Ph.D., Texas AM University, College Station, 2005"
Jaehun,NULL,Woo,2024,Architecture,Assistant Professor,"B.Arch, Yonsei University, Department of Architecture and Architectural Engineering, Seoul, Korea, 2017; M.Arch, Massachusetts Institute of Technology, School of Architecture and Planning, Cambridge, MA, 2021."
Zoe,J,Wood,2003,"College of Engineering, Computer Science",Associate Dean and Professor,"B.S. University of California, Santa Cruz 1997; M.S. California Institute of Technology 2000; Ph.D. California Insitute of Technology 2003."
Leah,NULL,Wood,2014,School of Education,Professor,"B.S., Davidson College, 2003; M.A.T., University of North Carolina, Charlotte, 2009; Ph.D., 2014."
Christopher,J,Woodruff,2018,Music,Associate Professor,"B.M.E., Louisiana State University, 1991; M.M., Northwestern University, 1996."
Ava,NULL,Wright,2020,Philosophy,Associate Professor,"B.A., Rice University, 1995; J.D., Georgia State University, 2000; M.A., Georgia State University, 2010; M.S., University of Georgia, 2018; Ph.D. University of Georgia, 2019."
Austin,P,Wright,2025,Computer Science,Assistant Professor,"B.A., University of California, Berkeley, 2018; M.S., Imperial College London, 2019; Ph.D., Georgia Institute of Technology, 2025."
Jack,NULL,Wroldsen,2019,Accounting,Associate Professor,"B.A., The University of Arizona, 1999; M.A., The University of Arizona, 2001; J.D., Duke University School of Law, 2006."
Xi,NULL,Wu,2005,Mechanical Engineering,Professor,"M.S., Chong Qing University, 1991; Dr. Eng., Cleveland State University, 2005."
Nicole,NULL,Wu,2024,"Management, HR, and Information Systems",Assistant Professor,"Ph.D., University of Texas at San Antonio; M.S., Texas AM International University; M.S., University of Colorado Denver."
Siyuan,NULL,Xing,2019,Mechanical Engineering,Associate Professor,"B.S., Sichuan University, 2013; M.S., Southern Illinois University Edwardsville, 2016; Ph.D., Southern Illionis University Carbondale, 2019."
Hocheol,NULL,Yang,2020,Graphic Communication,Associate Professor,"Ph.D., Media and Communication, Temple University; M.A., Applied Communication Theory and Methodology, Cleveland State University; M.A., Journalism and Communication Studies, Kwangwoon University; B.A., Digital Media, Kwangwoon University"
Grace,I,Yeh,2007,Ethnic Studies,Professor,"B.A., Duke University, 1995; M.A., Georgetown University, 2000; M.A., University of California, Los Angeles, 2003; Ph.D., 2007."
Masoud,NULL,Yekanifard,2024,Mechanical Engineering,Assistant Professor,"B.Sc. Amir Kabir University of Technology, Tehran, Iran 1994; M.Sc. Sharif University of Technology, Tehran, Iran 1997; Ph.D. Arizona State University, 2011."
Jayme,NULL,Yen,2024,Art and Design,Assistant Professor,"B.A., Yale University, 1999; M.F.A., Yale University 2006."
Deniz,NULL,Yenigun,2024,Statistics,Professor,"B.Sc., Middle East Technical University, Ankara, Türkiye, 1999; M.Sc., Middle East Technical University, Ankara, Türkiye, 2022; Ph.D., Bowling Green State University, 2007."
Alejandra,NULL,Yep,2014,Biological Sciences,Professor,"B.S./M.S., University of Buenos Aires, 1999; Ph.D., 2004."
Marie,NULL,Yeung,2006,Biological Sciences,Professor,"B.Sc., The Chinese University of Hong Kong, 1995; M.S., California Polytechnic State University, San Luis Obispo, 2001; Ph.D., Cornell University, 2004."
Vincent,NULL,Yeung,2013,Animal Science,Professor,"B.Sc. (Hon)., The Chinese University of Hong Kong, 1996; M.Sc., California Polytechnic State University, San Luis Obispo, 1999; Ph.D., Cornell University, 2003."
Bingqing,NULL,Yin,2021,Marketing,Associate Professor,"Ph.D., University of Kansas 2019, M.S. Business Administration Washburn University 2011, B.S. Wuhan University of Science and Technology 2009"
Chak,NULL,Yip,2024,English,Assistant Professor,"B.A., Washington State University, 2005; M.A. (Linguistics), University of Washington, 2009; M.A. (TESOL), University of Washington, 2013; Ph.D., University of Washington, 2018."
Frank,NULL,Yip,2012,Bailey College of Science and Mathematics,Professor,"A.B., Chemistry, Princeton University, 2002; M.S., Chemistry, University of California, Berkeley, 2004; Ph.D., Theoretical Chemistry, University of California, Berkeley, 2008"
Jennifer,M,Yost,2014,Biological Sciences,Professor,"B.S., California Polytechnic State University, 2005; M.S., 2007; Ph.D., University of California, Santa Cruz."
Xiao-Hua,NULL,Yu,2000,Electrical Engineering,Professor,"B.S., TianJin University, People’s Republic of China, 1988; M.S., Temple University, 1992; Ph.D., University of California, Irvine, 1998."
Eduardo,NULL,Zambrano,2007,Economics,Professor,"B.A., Universidad Católica Andrés Bello, Venezuela, 1993; M.A., Cornell University, 1998; Ph.D., Cornell University, 1999."
Marjan,NULL,Zare Bezgabadi,2025,Mechanical Engineering,Assistant Professor,"BS in Mechanical Engineering, Isfahan University of Technology, Iran, 2007; MS in Mechanical Engineering, Isfahan University of Technology, Iran, 2012; PhD in in Mechanical Engineering, University of British Columbia, Canada, 2018."
Sarah,NULL,Zeitler,2024,Chemistry and Biochemistry,Assistant Professor,"B.S. Biochemistry, Biophysics Whitworth University 2018; PhD Chemistry, University of Washington 2024."
Lynnette,NULL,Zelezny,202,College of Engineering,Interim Dean,"Bachelor's and Master's degrees from Humboldt State University; Ph.D. Claremont Graduate University; M.B.A. from California State University, Fresno."
Yongcheng,NULL,Zhan,2019,"Management, HR, and Information Systems",Assistant Professor,"Ph.D., University of Arizona 2019"
Ning,NULL,Zhang,2007,Political Science,Professor and Interim Department Chair,"B.A., Peking University, Beijing, China, 1999; Ph.D., University of California, Santa Barbara, 2007."
Shanju,NULL,Zhang,2011,Chemistry and Biochemistry,Professor,"B.S., Jilin University, People's Republic of China, 1993; Ph.D., 1998."
Xiaozheng,NULL,Zhang,2003,Electrical Engineering,Professor  Curriculum Chair,"Diplom, University of Erlangen-Nuremberg, Germany, 1997; Ph.D., Georgia Institute of Technology, 2002."
Chuancai,NULL,Zhang,2021,Accounting,Assistant Professor,"Ph.D., University of Kentucky 2021, Ph.D., Xiamen University  2016, M.A. Dongbei University of Finance and Economics 2012, B.A. Shandong Agricultural University 2009"
Pei,NULL,Zhang,2022,Experience Industry Management,Associate Professor,"B.S., Wuhan University of Science and Technology, 2009; M.S., University of South Carolina, 2013; Ph.D., University of South Carolina, 2017."
Alan,NULL,Zhang,2022,Mechanical Engineering,Assistant Professor,"B.S. University of California, Berkeley, 2016; M.S., University of California, Berkeley, 2018; PhD., University of California, Berkeley, 2022"
Bohong,NULL,Zhang,2026,Electrical Engineering,Assistant Professor,"B.S., Pittsburg State University, US, 2017; M.S., Missouri University of Science and Technology, US, 2021; Ph.D., Missouri University of Science and Technology, US, 2022."
Weijun,NULL,Zhang,2026,Mechanical Engineering,Assistant Professor,"B.S., Shaoxing University, 2015; M.S., University Of California, Davis, 2020; Ph.D., Mechanical Engineering, University of California, Davis, 2026."
Wei,NULL,Zhiyuan,2024,Industrial and Manufacturing Engineering,Assistant Professor,"B.S., Ludong University, China, 2014; M.A., Univ. of Int'l Business and Economics, China, 2016; M.S., University at Buffalo SUNY, 2019; Ph.D., University at Buffalo SUNY, 2024."
Soph,NULL,Ziemian,2026,Biomedical Engineering,Assistant Professor,"B.S., Duke University, 2013, M.S., Duke University, 2015, M.S., Cornell, 2018, Ph.D., Cornell 2020"
David,F,Zigler,2016,Chemistry and Biochemistry,Associate Professor,"B.S., Eastern Illinois University; Ph.D., Virginia Tech."
Matthew,C,Zoerb,2015,Chemistry and Biochemistry,Associate Professor,"B.S., UT Chattanooga, 2006; Ph.D., Univeristy of California, Berkeley, 2012."
David,J,Zoller,2015,Philosophy,Professor,"B.A. Xavier University, 2003; M.A., Fordham University, 2006; Ph.D., 2008."
